
out\image\ML307C_APP.elf:     file format elf32-littlearm
out\image\ML307C_APP.elf
architecture: armv7, flags 0x00000112:
EXEC_P, HAS_SYMS, D_PAGED
start address 0x802d7078

Program Header:
0x70000001 off    0x0000ada0 vaddr 0x802dada0 paddr 0x802dada0 align 2**2
         filesz 0x00000008 memsz 0x00000008 flags r--
    LOAD off    0x00000000 vaddr 0x7e1d0000 paddr 0x7e1d0000 align 2**16
         filesz 0x000000b4 memsz 0x00012720 flags rw-
    LOAD off    0x00007000 vaddr 0x802d7000 paddr 0x802d7000 align 2**16
         filesz 0x00003da8 memsz 0x00003da8 flags rwx
    LOAD off    0x00012000 vaddr 0x7e1d2000 paddr 0x802dada8 align 2**16
         filesz 0x0000aad8 memsz 0x0000aad8 flags rwx
private flags = 5000200: [Version5 EABI] [soft-float ABI]

Sections:
Idx Name          Size      VMA       LMA       File off  Algn
  0 .image_header 00000074  802d7000  802d7000  00007000  2**0
                  CONTENTS, ALLOC, LOAD, DATA
  1 .text         00002a90  802d7078  802d7078  00007078  2**3
                  CONTENTS, ALLOC, LOAD, READONLY, CODE
  2 .rodata       00001298  802d9b08  802d9b08  00009b08  2**3
                  CONTENTS, ALLOC, LOAD, READONLY, DATA
  3 .ARM.exidx    00000008  802dada0  802dada0  0000ada0  2**2
                  CONTENTS, ALLOC, LOAD, READONLY, DATA
  4 .sramtext     0000a0e8  7e1d2000  802dada8  00012000  2**3
                  CONTENTS, ALLOC, LOAD, READONLY, CODE
  5 .data         000009f0  7e1dc0e8  802e4e90  0001c0e8  2**3
                  CONTENTS, ALLOC, LOAD, DATA
  6 .bss          00005c48  7e1dcad8  7e1dcad8  0000cad8  2**3
                  ALLOC
  7 .comment      00000076  00000000  00000000  0001cad8  2**0
                  CONTENTS, READONLY
  8 .ARM.attributes 0000002f  00000000  00000000  0001cb4e  2**0
                  CONTENTS, READONLY
  9 .debug_line   000002bc  00000000  00000000  0001cb7d  2**0
                  CONTENTS, READONLY, DEBUGGING
 10 .debug_info   00000026  00000000  00000000  0001ce39  2**0
                  CONTENTS, READONLY, DEBUGGING
 11 .debug_abbrev 00000014  00000000  00000000  0001ce5f  2**0
                  CONTENTS, READONLY, DEBUGGING
 12 .debug_aranges 00000020  00000000  00000000  0001ce78  2**3
                  CONTENTS, READONLY, DEBUGGING
 13 .debug_str    00000059  00000000  00000000  0001ce98  2**0
                  CONTENTS, READONLY, DEBUGGING
 14 .debug_frame  000011f4  00000000  00000000  0001cef4  2**2
                  CONTENTS, READONLY, DEBUGGING
 15 .stabstr      00000113  00000000  00000000  0001e0e8  2**0
                  CONTENTS, READONLY, DEBUGGING
SYMBOL TABLE:
802d7000 l    d  .image_header	00000000 .image_header
802d7078 l    d  .text	00000000 .text
802d9b08 l    d  .rodata	00000000 .rodata
802dada0 l    d  .ARM.exidx	00000000 .ARM.exidx
7e1d2000 l    d  .sramtext	00000000 .sramtext
7e1dc0e8 l    d  .data	00000000 .data
7e1dcad8 l    d  .bss	00000000 .bss
00000000 l    d  .comment	00000000 .comment
00000000 l    d  .ARM.attributes	00000000 .ARM.attributes
00000000 l    d  .debug_line	00000000 .debug_line
00000000 l    d  .debug_info	00000000 .debug_info
00000000 l    d  .debug_abbrev	00000000 .debug_abbrev
00000000 l    d  .debug_aranges	00000000 .debug_aranges
00000000 l    d  .debug_str	00000000 .debug_str
00000000 l    d  .debug_frame	00000000 .debug_frame
00000000 l    d  .stabstr	00000000 .stabstr
00000000 l    df *ABS*	00000000 custom_main.c
7e1d29c0 l     F .sramtext	00000004 pm_enter_cb
7e1d29c4 l     F .sramtext	00000004 pm_exit_cb
7e1d29c8 l     F .sramtext	00000018 key_event_cb
7e1d29e0 l     F .sramtext	000000b4 gps_rx_cb
7e1d2b64 l     F .sramtext	00000060 offline_replay_cb
7e1d2bc4 l     F .sramtext	000000f4 publish_state
7e1d2cb8 l     F .sramtext	000000dc mqtt_event_cb
7e1d2d94 l     F .sramtext	000002f8 publish_location.constprop.3
7e1d308c l     F .sramtext	0000014c one_shot_loc_task
7e1d31d8 l     F .sramtext	0000070c main_task
7e1dcad8 l     O .bss	00000004 g_charging_status
7e1dcadc l     O .bss	00000001 g_gps_baudrate_set
7e1dcadd l     O .bss	00000001 g_gps_opened
7e1dcade l     O .bss	00000001 g_key_longpress_pending
7e1dcae0 l     O .bss	00000038 g_last_loc
7e1dcb18 l     O .bss	00000004 g_last_rssi
7e1dcb1c l     O .bss	00000004 g_last_soc
7e1dcb20 l     O .bss	00000004 g_loc_mutex
7e1dcb24 l     O .bss	00000004 g_loc_updated_tick
7e1dcb28 l     O .bss	00000001 g_mqtt_just_connected
7e1dcb29 l     O .bss	00000001 g_offline_replay_active
7e1dcb2a l     O .bss	00000001 g_one_shot_loc
7e1dcb2b l     O .bss	00000001 g_one_shot_running
7e1dcb2c l     O .bss	00000001 g_power_on
7e1dcb2d l     O .bss	00000400 g_rpc_payload
7e1dcf30 l     O .bss	00000004 g_rpc_payload_len
7e1dcf34 l     O .bss	00000001 g_rpc_pending
7e1dcf35 l     O .bss	00000040 g_rpc_topic
7e1dcf78 l     O .bss	00000004 g_seq
7e1dcf7c l     O .bss	00000004 g_seq_mutex
7e1dcf80 l     O .bss	00000004 last_hb_tick.7403
7e1dcf84 l     O .bss	00000200 s_json.7309
7e1dd184 l     O .bss	00000200 s_json.7318
7e1dc0e8 l     O .data	00000020 g_boot_id
7e1dc108 l     O .data	00000010 g_imei
00000000 l    df *ABS*	00000000 bsp.c
802d7230 l     F .text	00000004 key_irq_handler
802d7234 l     F .text	00000030 nmea_field
802d7264 l     F .text	00000034 bsp_rgb_set_raw
802d7298 l     F .text	00000058 bsp_rgb_init_one
802d72f0 l     F .text	000000c0 gps_uart_event_cb
802d73b0 l     F .text	00000114 nmea_parse_latlon
802d74c4 l     F .text	000000bc key_check_timer_cb
802d7580 l     F .text	0000006c bsp_gps_send_nmea.part.7
802d7614 l     F .text	00000094 buzzer_async_cb
802d7898 l     F .text	00000070 rgb_pattern_apply
802d7908 l     F .text	000000bc rgb_pattern_cb
7e1dda94 l     O .bss	0000001c s_buzz_ctx
7e1ddab0 l     O .bss	00000004 s_gps_cb
7e1ddab4 l     O .bss	00000200 s_gps_line
7e1ddcb4 l     O .bss	00000004 s_gps_line_pos
7e1ddcb8 l     O .bss	00000004 s_key_cb
7e1ddcbc l     O .bss	00000004 s_key_press_tick
7e1ddcc0 l     O .bss	00000001 s_key_pressed
7e1ddcc4 l     O .bss	00000004 s_key_timer
7e1ddcc8 l     O .bss	0000001c s_rgb_ctx
802da6ba l     O .rodata	00000004 CSWTCH.32
802da747 l     O .rodata	00000003 s_platform_cmd_colors
00000000 l    df *ABS*	00000000 app_storage.c
802d815c l     F .text	00000068 storage_write_file
00000000 l    df *ABS*	00000000 app_offline_cache.c
802d821c l     F .text	0000001c lock
802d8238 l     F .text	00000018 unlock
7e1ddcf4 l     O .bss	000048a8 s_ring
7e1ddce4 l     O .bss	0000000c s_idx
7e1ddcf0 l     O .bss	00000004 s_mtx
00000000 l    df *ABS*	00000000 app_ota.c
802d8464 l     F .text	0000013c http_cb
802d85a0 l     F .text	00000344 ota_task
7e1e259c l     O .bss	00000110 s_ctx
00000000 l    df *ABS*	00000000 cm_mqtt_client.c
802d89a4 l     F .text	00000078 __mqtt_client_add_transaction
802d8a1c l     F .text	000000a4 __mqtt_client_send_data
802d8ac0 l     F .text	00000018 __mqtt_client_send_incoming_queue.constprop.1
7e1e26ac l     O .bss	00000004 s_mqtt_queue
00000000 l    df *ABS*	00000000 cm_mqtt_timing.c
7e1e26b0 l     O .bss	00000004 s_mqtt_timing_list
7e1e26b4 l     O .bss	00000004 s_mqtt_timing_mutex
7e1e26b8 l     O .bss	00000004 s_mqtt_timing_timer
00000000 l    df *ABS*	00000000 MQTTConnectClient.c
00000000 l    df *ABS*	00000000 MQTTPacket.c
00000000 l    df *ABS*	00000000 MQTTSerializePublish.c
00000000 l    df *ABS*	00000000 MQTTSubscribeClient.c
00000000 l    df *ABS*	00000000 cm_mqtt_platform.c
00000000 l    df *ABS*	00000000 cm_linklist.c
00000000 l    df *ABS*	00000000 sbrk.c
7e1e2718 l     O .bss	00000004 heap_end.4194
00000000 l    df *ABS*	00000000 app_mode.c
7e1d38e4 l     F .sramtext	0000001c mode_lock
7e1d3900 l     F .sramtext	00000018 mode_unlock
7e1dd384 l     O .bss	00000001 s_cur_mode
7e1dd388 l     O .bss	00000004 s_find_dog_start_tick
7e1dd38c l     O .bss	00000004 s_mode_mutex
802da1c8 l     O .rodata	00000010 CSWTCH.7
00000000 l    df *ABS*	00000000 app_utils.c
00000000 l    df *ABS*	00000000 app_mqtt_client.c
7e1dd390 l     O .bss	00000004 s_client
7e1dd394 l     O .bss	00000001 s_connected
7e1dd398 l     O .bss	00000004 s_evt
7e1dd39c l     O .bss	00000001 s_has_cred
7e1dd39d l     O .bss	00000001 s_need_reconnect
7e1dd39e l     O .bss	00000400 s_pub_buf
7e1dd79e l     O .bss	00000001 s_running
7e1dd7a0 l     O .bss	000000ea s_saved_cred
7e1dd88c l     O .bss	00000004 s_task
7e1dd890 l     O .bss	00000004 s_user_cb
00000000 l    df *ABS*	00000000 app_protocol.c
7e1d3fe8 l     F .sramtext	00000128 json_get_string.part.0
7e1d4110 l     F .sramtext	000000a0 json_get_int.part.1
00000000 l    df *ABS*	00000000 app_command.c
7e1d44cc l     F .sramtext	0000006c ota_progress_cb
7e1dd894 l     O .bss	00000200 s_json.6988
7e1dc118 l     O .data	00000010 g_imei
00000000 l    df *ABS*	00000000 ctype_.c
00000000 l    df *ABS*	00000000 strtod.c
7e1d5f98 l     F .sramtext	00000042 sulp
802daac0 l     O .rodata	00000014 fpi.6207
802daad4 l     O .rodata	00000014 fpinan.6243
802daae8 l     O .rodata	00000028 tinytens
00000000 l    df *ABS*	00000000 vfprintf.c
802dab54 l     O .rodata	00000010 blanks.7355
802dab64 l     O .rodata	00000010 zeroes.7356
00000000 l    df *ABS*	00000000 dtoa.c
7e1d8b78 l     F .sramtext	00000140 quorem
00000000 l    df *ABS*	00000000 gdtoa-gethex.c
7e1d9e7c l     F .sramtext	000000a8 rshift
00000000 l    df *ABS*	00000000 lnumeric.c
7e1dc968 l     O .data	00000002 numempty
00000000 l    df *ABS*	00000000 locale.c
00000000 l    df *ABS*	00000000 mprec.c
802dad90 l     O .rodata	0000000c p05.6125
00000000 l    df *ABS*	00000000 libgcc2.c
00000000 l    df *ABS*	00000000 prebuild\libs\cm_stub.o
00000000 l    df *ABS*	00000000 s_nan.c
00000000 l    df *ABS*	00000000 atof.c
00000000 l    df *ABS*	00000000 atoi.c
00000000 l    df *ABS*	00000000 mallocr.c
00000000 l    df *ABS*	00000000 memcmp.c
00000000 l    df *ABS*	00000000 lib_a-memcpy.o
00000000 l    df *ABS*	00000000 memmove.c
00000000 l    df *ABS*	00000000 memset.c
00000000 l    df *ABS*	00000000 mlock.c
00000000 l    df *ABS*	00000000 mallocr.c
00000000 l    df *ABS*	00000000 sbrkr.c
00000000 l    df *ABS*	00000000 snprintf.c
00000000 l    df *ABS*	00000000 strchr.c
00000000 l    df *ABS*	00000000 lib_a-strcmp.o
00000000 l    df *ABS*	00000000 strcpy.c
00000000 l    df *ABS*	00000000 strlen-stub.c
00000000 l    df *ABS*	00000000 strncmp.c
00000000 l    df *ABS*	00000000 strncpy.c
00000000 l    df *ABS*	00000000 strrchr.c
00000000 l    df *ABS*	00000000 strstr.c
7e1d5b0c l     F .sramtext	000002fe two_way_long_needle
00000000 l    df *ABS*	00000000 strtol.c
7e1d6f84 l     F .sramtext	00000128 _strtol_l.isra.0
00000000 l    df *ABS*	00000000 vsnprintf.c
00000000 l    df *ABS*	00000000 mallocr.c
00000000 l    df *ABS*	00000000 gdtoa-hexnan.c
00000000 l    df *ABS*	00000000 localeconv.c
00000000 l    df *ABS*	00000000 lock.c
00000000 l    df *ABS*	00000000 mbtowc_r.c
00000000 l    df *ABS*	00000000 memchr-stub.c
00000000 l    df *ABS*	00000000 s_frexp.c
00000000 l    df *ABS*	00000000 strnlen.c
00000000 l    df *ABS*	00000000 vfprintf.c
00000000 l    df *ABS*	00000000 wctomb_r.c
00000000 l    df *ABS*	00000000 mallocr.c
00000000 l    df *ABS*	00000000 _arm_addsubdf3.o
00000000 l    df *ABS*	00000000 _arm_muldivdf3.o
00000000 l    df *ABS*	00000000 _arm_cmpdf2.o
00000000 l    df *ABS*	00000000 _arm_unorddf2.o
00000000 l    df *ABS*	00000000 _arm_fixdfsi.o
00000000 l    df *ABS*	00000000 _arm_fixunsdfsi.o
00000000 l    df *ABS*	00000000 _arm_truncdfsf2.o
00000000 l    df *ABS*	00000000 _aeabi_uldivmod.o
00000000 l    df *ABS*	00000000 libgcc2.c
00000000 l    df *ABS*	00000000 _dvmd_tls.o
00000000 l    df *ABS*	00000000 _udivsi3.o
7e1dbd80 l       .sramtext	00000000 .udivsi3_skip_div0_test
00000000 l       *ABS*	00000000 shift
00000000 l    df *ABS*	00000000 libgcc2.c
00000000 l    df *ABS*	00000000 impure.c
7e1dc130 l     O .data	00000428 impure_data
00000000 l    df *ABS*	00000000 reent.c
00000000 l    df *ABS*	00000000 close.c
7e1dc030 l     F .sramtext	00000008 __app_ota_is_running_veneer
7e1dc038 l     F .sramtext	00000008 __cm_mqtt_client_disconnect_veneer
7e1dc040 l     F .sramtext	00000008 __bsp_gps_set_uart_baudrate_veneer
7e1dc048 l     F .sramtext	00000008 __bsp_battery_read_veneer
7e1dc050 l     F .sramtext	00000008 __app_offline_cache_count_veneer
7e1dc058 l     F .sramtext	00000008 __bsp_gps_close_veneer
7e1dc060 l     F .sramtext	00000008 __app_offline_cache_replay_step_veneer
7e1dc068 l     F .sramtext	00000008 __bsp_rgb_set_pattern_veneer
7e1dc070 l     F .sramtext	00000008 __app_offline_cache_push_veneer
7e1dc078 l     F .sramtext	00000008 __cm_mqtt_client_subscribe_veneer
7e1dc080 l     F .sramtext	00000008 __bsp_gps_parse_nmea_veneer
7e1dc088 l     F .sramtext	00000008 __app_storage_save_boot_info_veneer
7e1dc090 l     F .sramtext	00000008 __cm_mqtt_client_publish_veneer
7e1dc098 l     F .sramtext	00000008 __bsp_rgb_set_veneer
7e1dc0a0 l     F .sramtext	00000008 __app_ota_start_veneer
7e1dc0a8 l     F .sramtext	00000008 __bsp_buzzer_beep_veneer
7e1dc0b0 l     F .sramtext	00000008 __cm_mqtt_client_destroy_veneer
7e1dc0b8 l     F .sramtext	00000008 __bsp_rgb_stop_pattern_veneer
7e1dc0c0 l     F .sramtext	00000008 __bsp_gps_set_power_mode_veneer
7e1dc0c8 l     F .sramtext	00000008 __bsp_buzzer_beep_async_veneer
7e1dc0d0 l     F .sramtext	00000008 ___sbrk_veneer
7e1dc0d8 l     F .sramtext	00000008 __bsp_gps_open_veneer
7e1dc0e0 l     F .sramtext	00000008 __bsp_buzzer_stop_veneer
802d98d0 l     F .text	00000008 __strlen_from_arm
802d98d8 l     F .text	00000008 __app_log_output_veneer
802d98e0 l     F .text	00000008 ____aeabi_dadd_from_arm
802d98e8 l     F .text	00000008 __app_command_set_imei_veneer
802d98f0 l     F .text	00000008 __cm_adc_read_veneer
802d98f8 l     F .text	00000008 __cm_pm_work_lock_veneer
802d9900 l     F .text	00000008 __cm_httpclient_sync_free_data_veneer
802d9908 l     F .text	00000008 __cm_uart_write_veneer
802d9910 l     F .text	00000008 __cm_gpio_set_level_veneer
802d9918 l     F .text	00000008 __cm_log_printf_veneer
802d9920 l     F .text	00000008 __cm_uart_close_veneer
802d9928 l     F .text	00000008 __memset_from_arm
802d9930 l     F .text	00000008 __osKernelGetTickFreq_veneer
802d9938 l     F .text	00000008 ____aeabi_dsub_from_arm
802d9940 l     F .text	00000008 __cm_malloc_veneer
802d9948 l     F .text	00000008 __cm_ota_set_otasize_veneer
802d9950 l     F .text	00000008 __cm_uart_register_event_veneer
802d9958 l     F .text	00000008 __strtol_from_arm
802d9960 l     F .text	00000008 __cm_iomux_set_pin_func_veneer
802d9968 l     F .text	00000008 ____aeabi_i2d_from_arm
802d9970 l     F .text	00000008 __cm_gpio_get_level_veneer
802d9978 l     F .text	00000008 __cm_uart_open_veneer
802d9980 l     F .text	00000008 ____aeabi_ddiv_from_arm
802d9988 l     F .text	00000008 __cm_gpio_init_veneer
802d9990 l     F .text	00000008 __strncmp_from_arm
802d9998 l     F .text	00000008 __cm_httpclient_sync_request_veneer
802d99a0 l     F .text	00000008 __strstr_from_arm
802d99a8 l     F .text	00000008 __cm_ssl_write_veneer
802d99b0 l     F .text	00000008 __osThreadNew_veneer
802d99b8 l     F .text	00000008 __cm_gpio_interrupt_enable_veneer
802d99c0 l     F .text	00000008 __app_mqtt_init_veneer
802d99c8 l     F .text	00000008 __atof_from_arm
802d99d0 l     F .text	00000008 __strcpy_from_arm
802d99d8 l     F .text	00000008 __cm_fs_close_veneer
802d99e0 l     F .text	00000008 __cm_ota_upgrade_veneer
802d99e8 l     F .text	00000008 __cm_httpclient_create_veneer
802d99f0 l     F .text	00000008 __strncpy_from_arm
802d99f8 l     F .text	00000008 __cm_gpio_interrupt_register_veneer
802d9a00 l     F .text	00000008 __app_mode_init_veneer
802d9a08 l     F .text	00000008 ____aeabi_d2f_from_arm
802d9a10 l     F .text	00000008 ____aeabi_dmul_from_arm
802d9a18 l     F .text	00000008 __osMutexNew_veneer
802d9a20 l     F .text	00000008 __cm_adc_vbat_read_veneer
802d9a28 l     F .text	00000008 __osKernelGetTickCount_veneer
802d9a30 l     F .text	00000008 __osTimerStop_veneer
802d9a38 l     F .text	00000008 __cm_pm_init_veneer
802d9a40 l     F .text	00000008 __cm_uart_read_veneer
802d9a48 l     F .text	00000008 __atoi_from_arm
802d9a50 l     F .text	00000008 __cm_sys_get_imei_veneer
802d9a58 l     F .text	00000008 __cm_fs_open_veneer
802d9a60 l     F .text	00000008 __osMutexAcquire_veneer
802d9a68 l     F .text	00000008 __snprintf_from_arm
802d9a70 l     F .text	00000008 __osMutexRelease_veneer
802d9a78 l     F .text	00000008 __cm_fs_write_veneer
802d9a80 l     F .text	00000008 __strcmp_from_arm
802d9a88 l     F .text	00000008 __cm_httpclient_set_cfg_veneer
802d9a90 l     F .text	00000008 __osTimerStart_veneer
802d9a98 l     F .text	00000008 __app_util_gen_boot_id_veneer
802d9aa0 l     F .text	00000008 __cm_ota_init_veneer
802d9aa8 l     F .text	00000008 ____aeabi_d2iz_from_arm
802d9ab0 l     F .text	00000008 __osTimerIsRunning_veneer
802d9ab8 l     F .text	00000008 __osDelay_veneer
802d9ac0 l     F .text	00000008 __cm_ota_firmware_erase_veneer
802d9ac8 l     F .text	00000008 __cm_free_veneer
802d9ad0 l     F .text	00000008 __osMessageQueuePut_veneer
802d9ad8 l     F .text	00000008 __memcpy_from_arm
802d9ae0 l     F .text	00000008 __osTimerNew_veneer
802d9ae8 l     F .text	00000008 __lwip_send_veneer
802d9af0 l     F .text	00000008 __cm_httpclient_delete_veneer
802d9af8 l     F .text	00000008 __cm_ota_firmware_write_veneer
802d9b00 l     F .text	00000008 ____aeabi_uldivmod_from_arm
7e1d223c g     F .sramtext	00000000 lwip_socket_init
7e1d2480 g     F .sramtext	00000000 cm_lwm2m_delete
7e1d212c g     F .sramtext	00000000 cm_fs_delete
7e1d2000 g       .sramtext	00000000 __ram_start
7e1dba9c g     F .sramtext	0000002c .hidden __aeabi_dcmpun
7e1daf70 g     F .sramtext	00000056 __any_on
7e1dba60 g     F .sramtext	00000012 .hidden __aeabi_dcmple
7e1d58ac g     F .sramtext	000000ba strcpy
7e1d3d74 g     F .sramtext	000000a4 app_mqtt_disconnect
7e1db99c g     F .sramtext	0000007a .hidden __cmpdf2
7e1d21e4 g     F .sramtext	00000000 cm_pwm_close
7e1d211c g     F .sramtext	00000000 cm_fs_read
7e1d2434 g     F .sramtext	00000000 cm_virt_at_send_async
7e1d24a4 g     F .sramtext	00000000 cm_lwm2m_read_rsp
7e1db99c g     F .sramtext	0000007a .hidden __eqdf2
7e1d23a0 g     F .sramtext	00000000 cm_i2c_close
7e1d23a8 g     F .sramtext	00000000 cm_i2c_read
7e1d2198 g     F .sramtext	00000000 cm_iomux_get_pin_func
7e1d2468 g     F .sramtext	00000000 cm_lcd_write_data
7e1db50c g     F .sramtext	0000005a .hidden __floatdidf
7e1d2158 g     F .sramtext	00000000 cm_rtc_set_alarm
7e1d2078 g     F .sramtext	00000000 osEventFlagsDelete
7e1d20b0 g     F .sramtext	00000000 osMessageQueueGetSpace
7e1e2720 g       .bss	00000000 __ram_end
7e1d22a0 g     F .sramtext	00000000 lwip_getthreaderrno
7e1e26f0 g     O .bss	00000001 __lock___atexit_recursive_mutex
7e1d2038 g     F .sramtext	00000000 osThreadSuspend
802d7078 g       .text	00000000 __text_vma_start
7e1d2200 g     F .sramtext	00000000 cm_asocket_connect
7e1d2098 g     F .sramtext	00000000 osSemaphoreRelease
7e1d216c g     F .sramtext	00000000 cm_gpio_set_level
7e1d2428 g     F .sramtext	00000000 cm_wifiscan_start
7e1d20a8 g     F .sramtext	00000000 osMessageQueueGetMsgSize
802d7078 g     F .text	000001b8 cm_opencpu_entry
7e1d2010 g     F .sramtext	00000000 osThreadNew
802d7ac4 g     F .text	0000003c bsp_rgb_stop_pattern
7e1d51d4 g     F .sramtext	0000000c __malloc_unlock
7e1d23d0 g     F .sramtext	00000000 cm_ssl_write
7e1d23ec g     F .sramtext	00000000 cm_cpuinfo_record_read
7e1d23a4 g     F .sramtext	00000000 cm_i2c_write
7e1d201c g     F .sramtext	00000000 osThreadGetState
7e1d22d0 g     F .sramtext	00000000 lwip_get_sock_localipXaddr
802d81c4 g     F .text	00000058 app_storage_save_boot_info
7e1d2310 g     F .sramtext	00000000 inet_pton
7e1e26f4 g     O .bss	00000001 __lock___arc4random_mutex
802d9b08 g       .rodata	00000000 __rodata_vma_start
7e1d2348 g     F .sramtext	00000000 cm_ota_get_written_size
7e1d2278 g     F .sramtext	00000000 lwip_recvfrom
7e1d2174 g     F .sramtext	00000000 cm_gpio_set_pull
7e1d5058 g     F .sramtext	000000ce memmove
7e1d430c g     F .sramtext	0000015c app_protocol_parse_rpc
7e1d557c g     F .sramtext	00000090 snprintf
7e1d24dc g     F .sramtext	00000000 cm_onewire_read_data
7e1da704 g     F .sramtext	0000004c _Balloc
7e1d218c g     F .sramtext	00000000 cm_gpio_interrupt_disable
802d9684 g     F .text	00000004 cm_mqtt_timer_is_running
7e1d22f8 g     F .sramtext	00000000 ipaddr_addr
7e1d2460 g     F .sramtext	00000000 cm_usb2com_get_status
7e1d2498 g     F .sramtext	00000000 cm_lwm2m_close
7e1db98c g     F .sramtext	0000008a .hidden __gtdf2
7e1d22f4 g     F .sramtext	00000000 lwip_sendmsg
7e1d20d0 g     F .sramtext	00000000 cm_uart_close
7e1d233c g     F .sramtext	00000000 cm_ota_get_capacity
7e1d2068 g     F .sramtext	00000000 osEventFlagsSet
7e1d2178 g     F .sramtext	00000000 cm_gpio_get_pull
7e1dbff8 g     F .sramtext	00000032 .hidden __aeabi_d2lz
7e1d2320 g     F .sramtext	00000000 get_lwip_errno
7e1d2228 g     F .sramtext	00000000 cm_eloop_register_event
7e1d2448 g     F .sramtext	00000000 cm_sms_send_pdu
7e1e2714 g     O .bss	00000004 errno
802d8cdc g     F .text	000002fc cm_mqtt_client_subscribe
802d7cc8 g     F .text	0000032c bsp_gps_parse_nmea
7e1d23b4 g     F .sramtext	00000000 cm_spi_open
7e1dba28 g     F .sramtext	00000010 .hidden __aeabi_cdcmple
7e1dc0e8 g       .sramtext	00000000 __sramtext_vma_end
7e1d2360 g     F .sramtext	00000000 cm_httpclient_delete
7e1d20bc g     F .sramtext	00000000 osMessageQueueGet
802d7b00 g     F .text	000000a4 bsp_battery_read
7e1d23b8 g     F .sramtext	00000000 cm_spi_close
7e1d21bc g     F .sramtext	00000000 cm_pm_init
7e1d21c4 g     F .sramtext	00000000 cm_keypad_config
802d7ff4 g     F .text	00000168 bsp_init
7e1d24cc g     F .sramtext	00000000 cm_onewire_setup_reset
7e1d20fc g     F .sramtext	00000000 cm_free
7e1d23b0 g     F .sramtext	00000000 cm_adc_vbat_read
7e1d2300 g     F .sramtext	00000000 ipaddr_ntoa
7e1d2028 g     F .sramtext	00000000 osThreadExit
802d966c g     F .text	00000004 cm_mqtt_mutex_release
7e1d22bc g     F .sramtext	00000000 lwip_get_sock_localport
7e1d4f6c g     F .sramtext	000000ec memcpy
7e1da4ac g     F .sramtext	00000196 __hexnan
7e1d3998 g     F .sramtext	00000084 app_mode_set
7e1dba18 g     F .sramtext	00000020 .hidden __aeabi_cdrcmple
7e1d204c g     F .sramtext	00000000 osTimerNew
802d7c98 g     F .text	00000030 bsp_gps_set_uart_baudrate
7e1d2058 g     F .sramtext	00000000 osTimerStop
7e1d2000 g       .sramtext	00000000 __sramtext_vma_start
7e1d2318 g     F .sramtext	00000000 lwip_getaddrinfo
7e1d214c g     F .sramtext	00000000 cm_rtc_get_current_time
7e1d70c4 g     F .sramtext	00001a28 _svfprintf_r
7e1db494 g     F .sramtext	00000022 .hidden __floatsidf
7e1db994 g     F .sramtext	00000082 .hidden __ltdf2
7e1d245c g     F .sramtext	00000000 cm_usb2com_register_status_cb
7e1d2094 g     F .sramtext	00000000 osSemaphoreAcquire
7e1d22e4 g     F .sramtext	00000000 readline
7e1dbbf8 g     F .sramtext	00000000 .hidden __aeabi_uldivmod
7e1d2134 g     F .sramtext	00000000 cm_fs_exist
7e1d2050 g     F .sramtext	00000000 osTimerGetName
7e1d21cc g     F .sramtext	00000000 cm_keypad_register
802d9b08 g       .text	00000000 __text_vma_end
7e1d20e4 g     F .sramtext	00000000 cm_uart_clean
7e1daed0 g     F .sramtext	00000058 __ratio
7e1d2110 g     F .sramtext	00000000 cm_assert
7e1d21dc g     F .sramtext	00000000 cm_pwm_set_clk
7e1d45ec g     F .sramtext	00000360 app_command_handle
7e1d2308 g     F .sramtext	00000000 ip6addr_ntoa
7e1dbd80 g     F .sramtext	0000025c .hidden __udivsi3
802dacc8 g     O .rodata	000000c8 __mprec_tens
7e1d24c8 g     F .sramtext	00000000 cm_onewire_init
7e1d2354 g     F .sramtext	00000000 cm_httpclient_uri_encode
7e1d21a8 g     F .sramtext	00000000 cm_pm_get_power_on_reason
7e1d8b58 g     F .sramtext	0000001e vsnprintf
7e1d3fa4 g     F .sramtext	00000044 app_mqtt_subscribe_rpc
7e1d21a0 g     F .sramtext	00000000 cm_pm_reboot
7e1dbb18 g     F .sramtext	00000040 .hidden __fixunsdfsi
802d75fc g     F .text	0000000c bsp_buzzer_on
7e1d227c g     F .sramtext	00000000 lwip_send
7e1e26ec g     O .bss	00000004 __malloc_top_pad
7e1d217c g     F .sramtext	00000000 cm_gpio_set_direction
7e1d2400 g     F .sramtext	00000000 cm_audio_play_file
7e1d20d4 g     F .sramtext	00000000 cm_uart_write
7e1d2120 g     F .sramtext	00000000 cm_fs_write
7e1db474 g     F .sramtext	0000001e .hidden __aeabi_ui2d
7e1da644 g     F .sramtext	00000008 _localeconv_r
7e1d21f0 g     F .sramtext	00000000 cm_lbs_location
7e1da928 g     F .sramtext	00000012 __i2b
7e1d2404 g     F .sramtext	00000000 cm_audio_player_pause
7e1d224c g     F .sramtext	00000000 lwip_shutdown2
7e1d21ac g     F .sramtext	00000000 cm_pm_set_mode
802d79c4 g     F .text	00000100 bsp_rgb_set_pattern
7e1dbc64 g     F .sramtext	00000116 .hidden __udivmoddi4
7e1db1f0 g     F .sramtext	00000000 .hidden __aeabi_drsub
7e1d3978 g     F .sramtext	00000020 app_mode_get
7e1d2130 g     F .sramtext	00000000 cm_fs_move
7e1d5554 g     F .sramtext	00000026 _sbrk_r
7e1d244c g     F .sramtext	00000000 cm_modem_info_cell
802d9890 g     F .text	00000020 linklist_next_element
7e1d2378 g     F .sramtext	00000000 cm_httpclient_specific_header_set
7e1d24b4 g     F .sramtext	00000000 cm_lwm2m_observe_rsp
7e1d2248 g     F .sramtext	00000000 lwip_shutdown
7e1dba4c g     F .sramtext	00000012 .hidden __aeabi_dcmplt
7e1d3ec8 g     F .sramtext	000000dc app_mqtt_publish_rpc_response
7e1d222c g     F .sramtext	00000000 cm_eloop_unregister_event
7e1d2054 g     F .sramtext	00000000 osTimerStart
7e1d2358 g     F .sramtext	00000000 cm_httpclient_uri_encode_component
7e1e26e4 g     O .bss	00000004 __malloc_max_sbrked_mem
7e1d2040 g     F .sramtext	00000000 osThreadYield
802e4e90 g       *ABS*	00000000 __data_lma_start
7e1db4b8 g     F .sramtext	00000042 .hidden __extendsfdf2
7e1db7bc g     F .sramtext	000001d0 .hidden __aeabi_ddiv
7e1db1fc g     F .sramtext	00000276 .hidden __adddf3
7e1dcad8 g       .bss	00000000 __bss_vma_start
7e1d226c g     F .sramtext	00000000 lwip_listen
7e1d210c g     F .sramtext	00000000 cm_log_printf
7e1dad60 g     F .sramtext	000000c4 __b2d
7e1e26f8 g     O .bss	00000001 __lock___env_recursive_mutex
7e1db568 g     F .sramtext	00000254 .hidden __aeabi_dmul
7e1d22cc g     F .sramtext	00000000 lwip_trigger_process
802d97f4 g     F .text	0000009c linklist_remove_element
7e1d2048 g     F .sramtext	00000000 osDelay
7e1e26fc g     O .bss	00000001 __lock___sinit_recursive_mutex
7e1d22ec g     F .sramtext	00000000 lwip_writev
7e1d2304 g     F .sramtext	00000000 ip6addr_aton
7e1d22ac g     F .sramtext	00000000 lwip_getsocktype
802d8394 g     F .text	00000074 app_offline_cache_pop
7e1d51e0 g     F .sramtext	00000372 _realloc_r
802d9668 g     F .text	00000004 cm_mqtt_mutex_acquire
7e1d22dc g     F .sramtext	00000000 readn
7e1d22f0 g     F .sramtext	00000000 lwip_recvmsg
7e1d2244 g     F .sramtext	00000000 lwip_bind
7e1d2a94 g     F .sramtext	00000014 app_main_trigger_one_shot_location
802dab84 g     O .rodata	00000100 __hexdig
7e1d2264 g     F .sramtext	00000000 lwip_close2
802d7608 g     F .text	0000000c bsp_buzzer_off
7e1d41b0 g     F .sramtext	0000015c app_protocol_build_command_result
7e1d2494 g     F .sramtext	00000000 cm_lwm2m_update
802daca0 g     O .rodata	00000028 __mprec_bigtens
7e1da7f4 g     F .sramtext	00000098 __s2b
7e1d2254 g     F .sramtext	00000000 lwip_getpeername
7e1db474 g     F .sramtext	0000001e .hidden __floatunsidf
802d98b0 g     F .text	00000020 _sbrk
7e1d22d4 g     F .sramtext	00000000 lwip_get_sock_remoteipXaddr
7e1dabdc g     F .sramtext	0000003a __mcmp
7e1d20f0 g     F .sramtext	00000000 cm_malloc
7e1d2044 g     F .sramtext	00000000 osThreadGetCount
7e1d22e8 g     F .sramtext	00000000 lwip_readv
7e1d20a4 g     F .sramtext	00000000 osMessageQueueGetCapacity
802d8ad8 g     F .text	00000064 cm_mqtt_client_destroy
7e1d206c g     F .sramtext	00000000 osEventFlagsGet
7e1d70ac g     F .sramtext	00000018 strtol
802d7ba4 g     F .text	000000c0 bsp_gps_open
7e1d21c8 g     F .sramtext	00000000 cm_keypad_init
802d9680 g     F .text	00000004 cm_mqtt_timer_stop
7e1db038 g     F .sramtext	00000042 strnlen
7e1d4538 g     F .sramtext	0000002c app_command_set_imei
7e1d2284 g     F .sramtext	00000000 lwip_socket
7e1dbb58 g     F .sramtext	0000009e .hidden __aeabi_d2f
7e1d3c30 g     F .sramtext	000000c4 app_util_gen_boot_id
7e1dbc28 g     F .sramtext	0000003c .hidden __aeabi_d2ulz
7e1d5fe0 g     F .sramtext	00000f84 _strtod_l
7e1da47c g     F .sramtext	00000030 __match
7e1d2014 g     F .sramtext	00000000 osThreadGetName
7e1d5ae8 g     F .sramtext	00000024 strrchr
7e1da88c g     F .sramtext	0000003e __hi0bits
7e1d2218 g     F .sramtext	00000000 cm_get_active_cid
7e1d2024 g     F .sramtext	00000000 osThreadGetStackSpace
7e1dbac8 g     F .sramtext	0000004e .hidden __fixdfsi
7e1d21a4 g     F .sramtext	00000000 cm_pm_poweroff
7e1d21b0 g     F .sramtext	00000000 cm_pm_get_mode
7e1e2700 g     O .bss	00000001 __lock___malloc_recursive_mutex
7e1d20e8 g     F .sramtext	00000000 cm_uart_is_sending
7e1d2268 g     F .sramtext	00000000 lwip_connect
7e1d6f64 g     F .sramtext	0000001e strtod
7e1d20c0 g     F .sramtext	00000000 osMessageQueueNew
7e1d2394 g     F .sramtext	00000000 cm_httpclient_request_send
7e1d239c g     F .sramtext	00000000 cm_i2c_open
7e1d4958 g     F .sramtext	00000006 atof
7e1d240c g     F .sramtext	00000000 cm_audio_player_stop
7e1d3e28 g     F .sramtext	000000a0 app_mqtt_publish_telemetry
7e1d2020 g     F .sramtext	00000000 osThreadGetStackSize
7e1db1fc g     F .sramtext	00000276 .hidden __aeabi_dadd
7e1db994 g     F .sramtext	00000082 .hidden __ledf2
7e1d20d8 g     F .sramtext	00000000 cm_uart_read
7e1d23dc g     F .sramtext	00000000 cm_ssl_get_bytes_avail
7e1d2210 g     F .sramtext	00000000 cm_async_dns_request_ex
7e1d24a8 g     F .sramtext	00000000 cm_lwm2m_write_rsp
7e1d21e8 g     F .sramtext	00000000 cm_lbs_init
0002f8e0 g       *ABS*	00000000 __ram_reserve
7e1d2128 g     F .sramtext	00000000 cm_fs_seek
7e1daa7c g     F .sramtext	000000a2 __pow5mult
7e1db4fc g     F .sramtext	0000006a .hidden __aeabi_ul2d
7e1d21d8 g     F .sramtext	00000000 cm_keypad_sleep
7e1d20ac g     F .sramtext	00000000 osMessageQueueGetCount
7e1d209c g     F .sramtext	00000000 osSemaphoreGetCount
7e1d22b8 g     F .sramtext	00000000 lwip_getsockudppcb
7e1d22fc g     F .sramtext	00000000 ipaddr_aton
7e1d20c4 g     F .sramtext	00000000 osMessageQueuePut
7e1d234c g     F .sramtext	00000000 cm_ota_firmware_erase
802d7c6c g     F .text	0000002c bsp_gps_set_power_mode
7e1e2720 g       .bss	00000000 end
7e1d22a8 g     F .sramtext	00000000 lwip_getsockerrno
7e1da650 g     F .sramtext	00000002 __retarget_lock_release_recursive
7e1d2aa8 g     F .sramtext	00000014 app_main_request_shutdown
802d944c g     F .text	000000cc MQTTSerialize_publish
7e1d22b4 g     F .sramtext	00000000 lwip_getsocktcppcb
802d9090 g     F .text	00000170 cm_mqtt_timing_insert
7e1d2324 g     F .sramtext	00000000 cm_fota_set_url
7e1d2060 g     F .sramtext	00000000 osTimerDelete
7e1d3918 g     F .sramtext	00000060 app_mode_init
7e1dba88 g     F .sramtext	00000012 .hidden __aeabi_dcmpgt
7e1d2384 g     F .sramtext	00000000 cm_httpclient_parse_header
7e1d2350 g     F .sramtext	00000000 cm_ota_upgrade
802d9254 g     F .text	00000050 MQTTPacket_encode
7e1da678 g     F .sramtext	0000008c memchr
7e1d2280 g     F .sramtext	00000000 lwip_sendto
802d9730 g     F .text	000000c4 linklist_insert_before_index
7e1d9c80 g     F .sramtext	000001fa _free_r
7e1d24b8 g     F .sramtext	00000000 cm_ping_init
7e1d207c g     F .sramtext	00000000 osMutexNew
7e1dba74 g     F .sramtext	00000012 .hidden __aeabi_dcmpge
7e1d2290 g     F .sramtext	00000000 lwip_select
7e1d2274 g     F .sramtext	00000000 lwip_read
802d9644 g     F .text	00000024 cm_mqtt_get_time_ms
7e1db1f8 g     F .sramtext	0000027a .hidden __aeabi_dsub
7e1dc960 g     O .data	00000004 __malloc_sbrk_base
7e1d3e18 g     F .sramtext	00000010 app_mqtt_is_connected
7e1d231c g     F .sramtext	00000000 lwip_freeaddrinfo
7e1d200c g     F .sramtext	00000000 osKernelGetTickCount
7e1d5e0c g     F .sramtext	0000018c strstr
802d92a4 g     F .text	00000034 MQTTPacket_len
7e1db4fc g     F .sramtext	0000006a .hidden __floatundidf
7e1d219c g     F .sramtext	00000000 cm_iomux_set_pin_cmd
7e1dab20 g     F .sramtext	000000ba __lshift
7e1d2238 g     F .sramtext	00000000 cm_get_ipv4v6_local_addr
7e1d3a98 g     F .sramtext	00000198 app_util_format_rfc3339
7e1d2474 g     F .sramtext	00000000 cm_lcd_deinit
7e1d2470 g     F .sramtext	00000000 cm_lcd_init
7e1db07c g     F .sramtext	000000f8 __ssprint_r
7e1d2018 g     F .sramtext	00000000 osThreadGetId
802d9b08 g       *ABS*	00000000 __rodata_lma_start
7e1d241c g     F .sramtext	00000000 cm_audio_player_stream_clear_close
7e1d59c4 g     F .sramtext	000000a2 strncmp
7e1d22d8 g     F .sramtext	00000000 lwip_get_sock_vlanid
802d93ec g     F .text	0000002c MQTTstrlen
7e1d235c g     F .sramtext	00000000 cm_httpclient_create
7e1d243c g     F .sramtext	00000000 cm_virt_at_urc_cb_reg
7e1d20e0 g     F .sramtext	00000000 cm_uart_get_rxrb_data_len
7e1e271c g       .bss	00000000 __bss_vma_end
7e1da93c g     F .sramtext	0000013e __multiply
7e1d22c4 g     F .sramtext	00000000 lwip_get_sock_isipv6
7e1d2208 g     F .sramtext	00000000 cm_async_dns_set_priority
7e1d2370 g     F .sramtext	00000000 cm_httpclient_custom_header_set
7e1d2328 g     F .sramtext	00000000 cm_fota_read_config
7e1d238c g     F .sramtext	00000000 cm_httpclient_sync_free_data
7e1d21d4 g     F .sramtext	00000000 cm_keypad_deinit
7e1d5a68 g     F .sramtext	0000007e strncpy
7e1e26bc g     O .bss	00000028 __malloc_current_mallinfo
7e1dae24 g     F .sramtext	000000aa __d2b
802d9688 g     F .text	000000a8 linklist_append_to_tail
7e1d2088 g     F .sramtext	00000000 osMutexGetOwner
7e1d2004 g     F .sramtext	00000000 osKernelUnlock
7e1d2104 g     F .sramtext	00000000 cm_sys_get_sn
802d9338 g     F .text	00000044 writeCString
7e1d2464 g     F .sramtext	00000000 cm_lcd_write_cmd
802d75ec g     F .text	00000010 bsp_key_register_cb
7e1d3d20 g     F .sramtext	00000054 app_mqtt_init
7e1db494 g     F .sramtext	00000022 .hidden __aeabi_i2d
7e1d2074 g     F .sramtext	00000000 osEventFlagsWait
7e1d2420 g     F .sramtext	00000000 cm_audio_player_stream_cb_reg
7e1d242c g     F .sramtext	00000000 cm_wifiscan_stop
7e1d23d4 g     F .sramtext	00000000 cm_ssl_read
7e1d20b8 g     F .sramtext	00000000 osMessageQueueDelete
7e1d4f0c g     F .sramtext	0000005e memcmp
7e1d4564 g     F .sramtext	00000088 app_command_send_result
7e1dcad8 g       .data	00000000 __data_vma_end
7e1d213c g     F .sramtext	00000000 cm_fs_getinfo
7e1d22b0 g     F .sramtext	00000000 lwip_getsocknetconn
7e1d21b4 g     F .sramtext	00000000 cm_pm_work_lock
7e1d23d8 g     F .sramtext	00000000 cm_ssl_check_pending
7e1d2234 g     F .sramtext	00000000 cm_eloop_default
7e1d2364 g     F .sramtext	00000000 cm_httpclient_is_busy
7e1dbd7c  w    F .sramtext	00000002 .hidden __aeabi_ldiv0
7e1db7bc g     F .sramtext	000001d0 .hidden __divdf3
7e1d2478 g     F .sramtext	00000000 cm_lcd_read_id
7e1daf28 g     F .sramtext	00000046 __copybits
7e1d23c4 g     F .sramtext	00000000 cm_spi_write_then_read
7e1d20a0 g     F .sramtext	00000000 osSemaphoreDelete
7e1d22c0 g     F .sramtext	00000000 lwip_get_sock_remoteport
7e1dc558 g     O .data	00000408 __malloc_av_
7e1d23c8 g     F .sramtext	00000000 cm_ssl_setopt
7e1d8aec g     F .sramtext	0000006a _vsnprintf_r
7e1db568 g     F .sramtext	00000254 .hidden __muldf3
7e1d2288 g     F .sramtext	00000000 lwip_socket_with_callback
7e1d24d8 g     F .sramtext	00000000 cm_onewire_write_data
7e1d2258 g     F .sramtext	00000000 lwip_setsockopt
7e1d51c8 g     F .sramtext	0000000c __malloc_lock
7e1d24b0 g     F .sramtext	00000000 cm_lwm2m_param_rsp
7e1d2108 g     F .sramtext	00000000 cm_sys_get_cm_ver
7e1d2090 g     F .sramtext	00000000 osSemaphoreNew
7e1db18c g     F .sramtext	00000062 _calloc_r
7e1d2374 g     F .sramtext	00000000 cm_httpclient_custom_header_free
7e1d24bc g     F .sramtext	00000000 cm_ping_start
802d92d8 g     F .text	00000018 writeChar
7e1da64c g     F .sramtext	00000002 __retarget_lock_acquire_recursive
7e1d2430 g     F .sramtext	00000000 cm_wifiscan_query
7e1d23e8 g     F .sramtext	00000000 cm_cpuinfo_record_start
7e1d2314 g     F .sramtext	00000000 lwip_gethostbyname
7e1d5128 g     F .sramtext	000000a0 memset
7e1d23f4 g     F .sramtext	00000000 cm_cpuinfo_get_cpuid
7e1d2398 g     F .sramtext	00000000 cm_httpclient_request_end
7e1d2114 g     F .sramtext	00000000 cm_fs_open
7e1e26e8 g     O .bss	00000004 __malloc_max_total_mem
7e1d2488 g     F .sramtext	00000000 cm_lwm2m_del_obj
7e1d2450 g     F .sramtext	00000000 cm_modem_info_radio
7e1d2410 g     F .sramtext	00000000 cm_audio_player_stream_open
7e1d2194 g     F .sramtext	00000000 cm_iomux_set_pin_func
7e1d23f8 g     F .sramtext	00000000 cm_audio_play_set_cfg
7e1dbd80 g     F .sramtext	00000000 .hidden __aeabi_uidiv
802d8fd8 g     F .text	000000b8 cm_mqtt_client_disconnect
7e1d23c0 g     F .sramtext	00000000 cm_spi_read
7e1d2118 g     F .sramtext	00000000 cm_fs_close
7e1d21fc g     F .sramtext	00000000 cm_asocket_open
802d8408 g     F .text	00000020 app_offline_cache_count
7e1dbb58 g     F .sramtext	0000009e .hidden __truncdfsf2
7e1d8cb8 g     F .sramtext	00000f1c _dtoa_r
7e1d4968 g     F .sramtext	000005a4 _malloc_r
7e1d22a4 g     F .sramtext	00000000 lwip_getsockvalid
7e1db174 g     F .sramtext	00000018 __ascii_wctomb
7e1d2250 g     F .sramtext	00000000 lwip_getsockname
7e1d2340 g     F .sramtext	00000000 cm_ota_init
7e1db50c g     F .sramtext	0000005a .hidden __aeabi_l2d
7e1d2034 g     F .sramtext	00000000 osThreadGetPriority
7e1d2230 g     F .sramtext	00000000 cm_eloop_post_event
7e1d2138 g     F .sramtext	00000000 cm_fs_filesize
7e1d2490 g     F .sramtext	00000000 cm_lwm2m_open
7e1d2484 g     F .sramtext	00000000 cm_lwm2m_add_obj
802d9670 g     F .text	0000000c cm_mqtt_queue_put
7e1d2424 g     F .sramtext	00000000 cm_wifiscan_cfg
7e1d2084 g     F .sramtext	00000000 osMutexRelease
7e1d9bd4 g     F .sramtext	000000aa _malloc_trim_r
7e1d2000 g     F .sramtext	00000000 osKernelLock
7e1d23bc g     F .sramtext	00000000 cm_spi_write
7e1d56f0 g     F .sramtext	000001ba strcmp
7e1d246c g     F .sramtext	00000000 cm_lcd_write_buf
7e1d23e0 g     F .sramtext	00000000 cm_ssl_conn_with_host
7e1d4468 g     F .sramtext	00000064 app_protocol_extract_request_id
802e5880 g       *ABS*	00000000 __flash_end
7e1d202c g     F .sramtext	00000000 osThreadTerminate
7e1d24ac g     F .sramtext	00000000 cm_lwm2m_execute_rsp
7e1d21ec g     F .sramtext	00000000 cm_lbs_deinit
7e1d2150 g     F .sramtext	00000000 cm_rtc_register_alarm_cb
7e1d215c g     F .sramtext	00000000 cm_rtc_get_alarm
7e1dbc28 g     F .sramtext	0000003c .hidden __fixunsdfdi
7e1db99c g     F .sramtext	0000007a .hidden __nedf2
7e1d2190 g     F .sramtext	00000000 cm_gpio_ioctl
802d88f4 g     F .text	000000b0 app_ota_start
7e1d3cf4 g     F .sramtext	0000002c app_util_gen_loc_message_id
802d82e8 g     F .text	000000ac app_offline_cache_push
7e1d2080 g     F .sramtext	00000000 osMutexAcquire
7e1d2168 g     F .sramtext	00000000 cm_gpio_deinit
7e1d237c g     F .sramtext	00000000 cm_httpclient_specific_header_free
802dada8 g       *ABS*	00000000 __sramtext_lma_start
7e1d2414 g     F .sramtext	00000000 cm_audio_player_stream_push
7e1dbff8 g     F .sramtext	00000032 .hidden __fixdfdi
7e1d247c g     F .sramtext	00000000 cm_lwm2m_create
7e1d21f8 g     F .sramtext	00000000 cm_asocket_eloop
7e1d24d4 g     F .sramtext	00000000 cm_onewire_read_byte
802d8428 g     F .text	0000003c app_offline_cache_replay_step
7e1d20f8 g     F .sramtext	00000000 cm_calloc
7e1d221c g     F .sramtext	00000000 cm_eloop_create
7e1d225c g     F .sramtext	00000000 lwip_getsockopt
7e1d3a70 g     F .sramtext	00000028 app_mode_get_loc_interval_ms
802d7c64 g     F .text	00000008 bsp_gps_close
802dad9c g       .rodata	00000000 __rodata_vma_end
7e1d2154 g     F .sramtext	00000000 cm_rtc_enable_alarm
7e1d2444 g     F .sramtext	00000000 cm_sms_send_txt
7e1d2214 g     F .sramtext	00000000 cm_async_dns_get_type_by_priority
7e1dc128 g     O .data	00000004 _impure_ptr
7e1d20dc g     F .sramtext	00000000 cm_uart_get_cfg
00071780 g       .bss	00000000 __flash_reserve
7e1dcad8 g       *ABS*	00000000 __bss_lma_start
7e1d2144 g     F .sramtext	00000000 cm_rtc_get_timezone
7e1d2008 g     F .sramtext	00000000 osKernelGetTickFreq
7e1da654 g     F .sramtext	00000024 __ascii_mbtowc
7e1d21e0 g     F .sramtext	00000000 cm_pwm_open_ns
7e1d20b4 g     F .sramtext	00000000 osMessageQueueReset
7e1d2100 g     F .sramtext	00000000 cm_sys_get_imei
7e1dad20 g     F .sramtext	00000040 __ulp
7e1d23cc g     F .sramtext	00000000 cm_ssl_close
802dac84 g     O .rodata	0000000c _C_numeric_locale
802d8b3c g     F .text	000001a0 cm_mqtt_client_publish
7e1d2344 g     F .sramtext	00000000 cm_ota_firmware_write
7e1d2030 g     F .sramtext	00000000 osThreadSetPriority
7e1dbb18 g     F .sramtext	00000040 .hidden __aeabi_d2uiz
7e1d2160 g     F .sramtext	00000000 cm_sim_get_imsi
802d7078 g       *ABS*	00000000 __text_lma_start
7e1d2164 g     F .sramtext	00000000 cm_gpio_init
7e1d248c g     F .sramtext	00000000 cm_lwm2m_discover
7e1d494c g     F .sramtext	0000000a nan
7e1d22e0 g     F .sramtext	00000000 writen
7e1d23fc g     F .sramtext	00000000 cm_audio_play_get_cfg
7e1d23f0 g     F .sramtext	00000000 cm_cpuinfo_record_stop
7e1d2220 g     F .sramtext	00000000 cm_eloop_delete
7e1d229c g     F .sramtext	00000000 lwip_eventfd
7e1d20cc g     F .sramtext	00000000 cm_uart_register_event
7e1d2140 g     F .sramtext	00000000 cm_rtc_set_timezone
7e1d2380 g     F .sramtext	00000000 cm_httpclient_get_response_code
7e1d220c g     F .sramtext	00000000 cm_async_dns_eloop
7e1dbfdc g     F .sramtext	0000001a .hidden __aeabi_uidivmod
7e1d2458 g     F .sramtext	00000000 cm_usb2com_send_data
7e1dba38 g     F .sramtext	00000012 .hidden __aeabi_dcmpeq
7e1d2338 g     F .sramtext	00000000 cm_ota_set_otasize
802d955c g     F .text	000000c4 MQTTSerialize_subscribe
7e1d22c8 g     F .sramtext	00000000 lwip_get_sock_pdu_offset
802d7000 g       .image_header	00000000 __flash_start
7e1d2368 g     F .sramtext	00000000 cm_httpclient_set_cfg
7e1d203c g     F .sramtext	00000000 osThreadResume
7e1d24c0 g     F .sramtext	00000000 AudioHAL_AifBindCodec_CB
7e1e2704 g     O .bss	00000001 __lock___at_quick_exit_mutex
802d76a8 g     F .text	00000048 bsp_buzzer_beep
7e1d2204 g     F .sramtext	00000000 cm_asocket_close
802d9518 g     F .text	00000044 MQTTSerialize_subscribeLength
7e1d2abc g     F .sramtext	000000a8 app_log_output
7e1d24c4 g     F .sramtext	00000000 vpathSetMode
802d88e4 g     F .text	00000010 app_ota_is_running
7e1d2334 g     F .sramtext	00000000 cm_fota_res_callback_register
7e1d24a0 g     F .sramtext	00000000 cm_lwm2m_notify
802d9200 g     F .text	0000004c MQTTSerialize_zero
7e1d2124 g     F .sramtext	00000000 cm_fs_sync
7e1dc964 g     O .data	00000004 __malloc_trim_threshold
7e1d2184 g     F .sramtext	00000000 cm_gpio_interrupt_register
7e1d2418 g     F .sramtext	00000000 cm_audio_player_stream_close
7e1d2170 g     F .sramtext	00000000 cm_gpio_get_level
7e1d2390 g     F .sramtext	00000000 cm_httpclient_request_start
7e1dac18 g     F .sramtext	00000108 __mdiff
7e1dbac8 g     F .sramtext	0000004e .hidden __aeabi_d2iz
7e1d2148 g     F .sramtext	00000000 cm_rtc_set_current_time
7e1d2064 g     F .sramtext	00000000 osEventFlagsNew
7e1d230c g     F .sramtext	00000000 inet_ntop
802d92f0 g     F .text	00000048 writeInt
7e1d228c g     F .sramtext	00000000 lwip_write
7e1d2408 g     F .sramtext	00000000 cm_audio_player_resume
802d77c0 g     F .text	00000038 bsp_buzzer_stop
7e1d4960 g     F .sramtext	00000008 atoi
802da9ac g     O .rodata	00000101 _ctype_
7e1d2270 g     F .sramtext	00000000 lwip_recv
7e1dbd7c  w    F .sramtext	00000002 .hidden __aeabi_idiv0
7e1dba9c g     F .sramtext	0000002c .hidden __unorddf2
802d924c g     F .text	00000008 MQTTSerialize_disconnect
7e1d2294 g     F .sramtext	00000000 lwip_ioctl
802d967c g     F .text	00000004 cm_mqtt_timer_start
7e1d2388 g     F .sramtext	00000000 cm_httpclient_sync_request
7e1d3a1c g     F .sramtext	00000054 app_mode_find_dog_expired
7e1e2708 g     O .bss	00000001 __lock___dd_hash_mutex
7e1e270c g     O .bss	00000001 __lock___tz_mutex
802d937c g     F .text	00000070 writeMQTTString
7e1d21c0 g     F .sramtext	00000000 cm_pm_powerkey_regist_callback
7e1d2224 g     F .sramtext	00000000 cm_eloop_wait_event
7e1d5968 g     F .sramtext	0000005c strlen
7e1d2298 g     F .sramtext	00000000 lwip_fcntl
7e1dba28 g     F .sramtext	00000010 .hidden __aeabi_cdcmpeq
7e1d232c g     F .sramtext	00000000 cm_fota_exec_upgrade
7e1db98c g     F .sramtext	0000008a .hidden __gedf2
7e1d9f24 g     F .sramtext	00000558 __gethex
7e1d24d0 g     F .sramtext	00000000 cm_onewire_write_byte
7e1d21d0 g     F .sramtext	00000000 cm_keypad_unregister
7e1d2260 g     F .sramtext	00000000 lwip_close
7e1d560c g     F .sramtext	000000e4 strchr
7e1d2438 g     F .sramtext	00000000 cm_virt_at_send_sync
7e1d205c g     F .sramtext	00000000 osTimerIsRunning
802d76f0 g     F .text	000000d0 bsp_buzzer_beep_async
7e1db4b8 g     F .sramtext	00000042 .hidden __aeabi_f2d
802d8250 g     F .text	00000098 app_offline_cache_init
7e1d2454 g     F .sramtext	00000000 cm_usb2com_register_recv_cb
7e1d20f4 g     F .sramtext	00000000 cm_realloc
802d77f8 g     F .text	000000a0 bsp_rgb_set
7e1d2188 g     F .sramtext	00000000 cm_gpio_interrupt_enable
7e1d2240 g     F .sramtext	00000000 lwip_accept
7e1d208c g     F .sramtext	00000000 osMutexDelete
7e1db1f8 g     F .sramtext	0000027a .hidden __subdf3
7e1d2180 g     F .sramtext	00000000 cm_gpio_get_direction
7e1d23e4 g     F .sramtext	00000000 cm_ssl_list_cipher
7e1d249c g     F .sramtext	00000000 cm_lwm2m_notify_packing
7e1d23ac g     F .sramtext	00000000 cm_adc_read
7e1d2440 g     F .sramtext	00000000 cm_virt_at_urc_cb_dereg
7e1da8cc g     F .sramtext	0000005c __lo0bits
7e1d20c8 g     F .sramtext	00000000 cm_uart_open
7e1d2070 g     F .sramtext	00000000 osEventFlagsClear
7e1dafc8 g     F .sramtext	00000070 frexp
802d9418 g     F .text	00000034 MQTTSerialize_publishLength
7e1d236c g     F .sramtext	00000000 cm_httpclient_terminate
7e1dc96c g     O .data	0000016c __global_locale
802d9620 g     F .text	00000024 cm_mqtt_get_time_s
7e1d2330 g     F .sramtext	00000000 cm_fota_set_reboot_time
7e1d21f4 g     F .sramtext	00000000 cm_lbs_get_attr
7e1d21b8 g     F .sramtext	00000000 cm_pm_work_unlock
7e1dc0e8 g       .data	00000000 __data_vma_start
7e1e2710 g     O .bss	00000001 __lock___sfp_recursive_mutex
7e1d20ec g     F .sramtext	00000000 cm_mem_get_heap_stats
7e1da764 g     F .sramtext	00000090 __multadd
7e1da750 g     F .sramtext	00000012 _Bfree



Disassembly of section .text:

802d7078 <cm_opencpu_entry>:
802d7078:	e92d4010 	push	{r4, lr}
802d707c:	e3a04000 	mov	r4, #0
802d7080:	e24dd040 	sub	sp, sp, #64	; 0x40
802d7084:	e59f3150 	ldr	r3, [pc, #336]	; 802d71dc <__text_lma_start+0x164>
802d7088:	e28d000c 	add	r0, sp, #12
802d708c:	e58d300c 	str	r3, [sp, #12]
802d7090:	e58d4010 	str	r4, [sp, #16]
802d7094:	e58d4014 	str	r4, [sp, #20]
802d7098:	e58d4018 	str	r4, [sp, #24]
802d709c:	eb000a5d 	bl	802d9a18 <__osMutexNew_veneer>
802d70a0:	e59f3138 	ldr	r3, [pc, #312]	; 802d71e0 <__text_lma_start+0x168>
802d70a4:	e58d4020 	str	r4, [sp, #32]
802d70a8:	e58d4024 	str	r4, [sp, #36]	; 0x24
802d70ac:	e58d4028 	str	r4, [sp, #40]	; 0x28
802d70b0:	e5830000 	str	r0, [r3]
802d70b4:	e28d001c 	add	r0, sp, #28
802d70b8:	e59f3124 	ldr	r3, [pc, #292]	; 802d71e4 <__text_lma_start+0x16c>
802d70bc:	e58d301c 	str	r3, [sp, #28]
802d70c0:	eb000a54 	bl	802d9a18 <__osMutexNew_veneer>
802d70c4:	e59f311c 	ldr	r3, [pc, #284]	; 802d71e8 <__text_lma_start+0x170>
802d70c8:	e5830000 	str	r0, [r3]
802d70cc:	eb000a4b 	bl	802d9a00 <__app_mode_init_veneer>
802d70d0:	eb00045e 	bl	802d8250 <app_offline_cache_init>
802d70d4:	e59f0110 	ldr	r0, [pc, #272]	; 802d71ec <__text_lma_start+0x174>
802d70d8:	eb000a38 	bl	802d99c0 <__app_mqtt_init_veneer>
802d70dc:	e59f310c 	ldr	r3, [pc, #268]	; 802d71f0 <__text_lma_start+0x178>
802d70e0:	e58d3004 	str	r3, [sp, #4]
802d70e4:	e59f3108 	ldr	r3, [pc, #264]	; 802d71f4 <__text_lma_start+0x17c>
802d70e8:	e58d3008 	str	r3, [sp, #8]
802d70ec:	e28d3004 	add	r3, sp, #4
802d70f0:	e8930003 	ldm	r3, {r0, r1}
802d70f4:	eb000a4f 	bl	802d9a38 <__cm_pm_init_veneer>
802d70f8:	eb0009fe 	bl	802d98f8 <__cm_pm_work_lock_veneer>
802d70fc:	e59f00f4 	ldr	r0, [pc, #244]	; 802d71f8 <__text_lma_start+0x180>
802d7100:	eb000a52 	bl	802d9a50 <__cm_sys_get_imei_veneer>
802d7104:	e1500004 	cmp	r0, r4
802d7108:	0a000002 	beq	802d7118 <cm_opencpu_entry+0xa0>
802d710c:	e59f10e8 	ldr	r1, [pc, #232]	; 802d71fc <__text_lma_start+0x184>
802d7110:	e59f00e0 	ldr	r0, [pc, #224]	; 802d71f8 <__text_lma_start+0x180>
802d7114:	eb000a2d 	bl	802d99d0 <__strcpy_from_arm>
802d7118:	e59f00d8 	ldr	r0, [pc, #216]	; 802d71f8 <__text_lma_start+0x180>
802d711c:	e3a04000 	mov	r4, #0
802d7120:	eb0009f0 	bl	802d98e8 <__app_command_set_imei_veneer>
802d7124:	e59f20cc 	ldr	r2, [pc, #204]	; 802d71f8 <__text_lma_start+0x180>
802d7128:	e59f30d0 	ldr	r3, [pc, #208]	; 802d7200 <__text_lma_start+0x188>
802d712c:	e59f10d0 	ldr	r1, [pc, #208]	; 802d7204 <__text_lma_start+0x18c>
802d7130:	e59f00d0 	ldr	r0, [pc, #208]	; 802d7208 <__text_lma_start+0x190>
802d7134:	eb0009e7 	bl	802d98d8 <__app_log_output_veneer>
802d7138:	e59f00cc 	ldr	r0, [pc, #204]	; 802d720c <__text_lma_start+0x194>
802d713c:	e3a01020 	mov	r1, #32
802d7140:	eb000a54 	bl	802d9a98 <__app_util_gen_boot_id_veneer>
802d7144:	e59f30c4 	ldr	r3, [pc, #196]	; 802d7210 <__text_lma_start+0x198>
802d7148:	e59f00bc 	ldr	r0, [pc, #188]	; 802d720c <__text_lma_start+0x194>
802d714c:	e1a01004 	mov	r1, r4
802d7150:	e5834000 	str	r4, [r3]
802d7154:	eb00041a 	bl	802d81c4 <app_storage_save_boot_info>
802d7158:	e59f20ac 	ldr	r2, [pc, #172]	; 802d720c <__text_lma_start+0x194>
802d715c:	e59f10b0 	ldr	r1, [pc, #176]	; 802d7214 <__text_lma_start+0x19c>
802d7160:	e59f00a0 	ldr	r0, [pc, #160]	; 802d7208 <__text_lma_start+0x190>
802d7164:	eb0009db 	bl	802d98d8 <__app_log_output_veneer>
802d7168:	eb0003a1 	bl	802d7ff4 <bsp_init>
802d716c:	e59f00a4 	ldr	r0, [pc, #164]	; 802d7218 <__text_lma_start+0x1a0>
802d7170:	eb00011d 	bl	802d75ec <bsp_key_register_cb>
802d7174:	e59f10a0 	ldr	r1, [pc, #160]	; 802d721c <__text_lma_start+0x1a4>
802d7178:	e59f0088 	ldr	r0, [pc, #136]	; 802d7208 <__text_lma_start+0x190>
802d717c:	eb0009d5 	bl	802d98d8 <__app_log_output_veneer>
802d7180:	e3a02020 	mov	r2, #32
802d7184:	e1a01004 	mov	r1, r4
802d7188:	e08d0002 	add	r0, sp, r2
802d718c:	eb0009e5 	bl	802d9928 <__memset_from_arm>
802d7190:	e59f3088 	ldr	r3, [pc, #136]	; 802d7220 <__text_lma_start+0x1a8>
802d7194:	e58d301c 	str	r3, [sp, #28]
802d7198:	e3a03a03 	mov	r3, #12288	; 0x3000
802d719c:	e1a01004 	mov	r1, r4
802d71a0:	e28d201c 	add	r2, sp, #28
802d71a4:	e58d3030 	str	r3, [sp, #48]	; 0x30
802d71a8:	e3a03004 	mov	r3, #4
802d71ac:	e59f0070 	ldr	r0, [pc, #112]	; 802d7224 <__text_lma_start+0x1ac>
802d71b0:	e58d3034 	str	r3, [sp, #52]	; 0x34
802d71b4:	eb0009fd 	bl	802d99b0 <__osThreadNew_veneer>
802d71b8:	e1500004 	cmp	r0, r4
802d71bc:	11a00004 	movne	r0, r4
802d71c0:	1a000003 	bne	802d71d4 <cm_opencpu_entry+0x15c>
802d71c4:	e59f005c 	ldr	r0, [pc, #92]	; 802d7228 <__text_lma_start+0x1b0>
802d71c8:	e59f105c 	ldr	r1, [pc, #92]	; 802d722c <__text_lma_start+0x1b4>
802d71cc:	eb0009c1 	bl	802d98d8 <__app_log_output_veneer>
802d71d0:	e3e00000 	mvn	r0, #0
802d71d4:	e28dd040 	add	sp, sp, #64	; 0x40
802d71d8:	e8bd8010 	pop	{r4, pc}
802d71dc:	802d9b13 	.word	0x802d9b13
802d71e0:	7e1dcf7c 	.word	0x7e1dcf7c
802d71e4:	802d9b1b 	.word	0x802d9b1b
802d71e8:	7e1dcb20 	.word	0x7e1dcb20
802d71ec:	7e1d2cb8 	.word	0x7e1d2cb8
802d71f0:	7e1d29c0 	.word	0x7e1d29c0
802d71f4:	7e1d29c4 	.word	0x7e1d29c4
802d71f8:	7e1dc108 	.word	0x7e1dc108
802d71fc:	802d9b23 	.word	0x802d9b23
802d7200:	802da187 	.word	0x802da187
802d7204:	802d9b33 	.word	0x802d9b33
802d7208:	802d9dc5 	.word	0x802d9dc5
802d720c:	7e1dc0e8 	.word	0x7e1dc0e8
802d7210:	7e1dcf78 	.word	0x7e1dcf78
802d7214:	802d9b42 	.word	0x802d9b42
802d7218:	7e1d29c8 	.word	0x7e1d29c8
802d721c:	802d9b4d 	.word	0x802d9b4d
802d7220:	802d9b85 	.word	0x802d9b85
802d7224:	7e1d31d8 	.word	0x7e1d31d8
802d7228:	802d9bba 	.word	0x802d9bba
802d722c:	802d9b8e 	.word	0x802d9b8e

802d7230 <key_irq_handler>:
802d7230:	e12fff1e 	bx	lr

802d7234 <nmea_field>:
802d7234:	e1a03000 	mov	r3, r0
802d7238:	e3a02000 	mov	r2, #0
802d723c:	e1a00003 	mov	r0, r3
802d7240:	e4d3c001 	ldrb	ip, [r3], #1
802d7244:	e35c0000 	cmp	ip, #0
802d7248:	012fff1e 	bxeq	lr
802d724c:	e1a00003 	mov	r0, r3
802d7250:	e35c002c 	cmp	ip, #44	; 0x2c
802d7254:	02822001 	addeq	r2, r2, #1
802d7258:	e1520001 	cmp	r2, r1
802d725c:	bafffff6 	blt	802d723c <nmea_field+0x8>
802d7260:	e12fff1e 	bx	lr

802d7264 <bsp_rgb_set_raw>:
802d7264:	e92d4070 	push	{r4, r5, r6, lr}
802d7268:	e1a05001 	mov	r5, r1
802d726c:	e1a01000 	mov	r1, r0
802d7270:	e3a00010 	mov	r0, #16
802d7274:	e1a04002 	mov	r4, r2
802d7278:	eb0009a4 	bl	802d9910 <__cm_gpio_set_level_veneer>
802d727c:	e1a01005 	mov	r1, r5
802d7280:	e3a00011 	mov	r0, #17
802d7284:	eb0009a1 	bl	802d9910 <__cm_gpio_set_level_veneer>
802d7288:	e1a01004 	mov	r1, r4
802d728c:	e3a00012 	mov	r0, #18
802d7290:	e8bd4070 	pop	{r4, r5, r6, lr}
802d7294:	ea00099d 	b	802d9910 <__cm_gpio_set_level_veneer>

802d7298 <bsp_rgb_init_one>:
802d7298:	e92d4037 	push	{r0, r1, r2, r4, r5, lr}
802d729c:	e1a05000 	mov	r5, r0
802d72a0:	e1a00001 	mov	r0, r1
802d72a4:	e3a01001 	mov	r1, #1
802d72a8:	eb0009ac 	bl	802d9960 <__cm_iomux_set_pin_func_veneer>
802d72ac:	e3a03000 	mov	r3, #0
802d72b0:	e1a00005 	mov	r0, r5
802d72b4:	e28d1004 	add	r1, sp, #4
802d72b8:	e1cd30b4 	strh	r3, [sp, #4]
802d72bc:	e5cd3006 	strb	r3, [sp, #6]
802d72c0:	e3a03001 	mov	r3, #1
802d72c4:	e5cd3005 	strb	r3, [sp, #5]
802d72c8:	eb0009ae 	bl	802d9988 <__cm_gpio_init_veneer>
802d72cc:	e2504000 	subs	r4, r0, #0
802d72d0:	13e04000 	mvnne	r4, #0
802d72d4:	1a000002 	bne	802d72e4 <bsp_rgb_init_one+0x4c>
802d72d8:	e1a01004 	mov	r1, r4
802d72dc:	e1a00005 	mov	r0, r5
802d72e0:	eb00098a 	bl	802d9910 <__cm_gpio_set_level_veneer>
802d72e4:	e1a00004 	mov	r0, r4
802d72e8:	e28dd00c 	add	sp, sp, #12
802d72ec:	e8bd8030 	pop	{r4, r5, pc}

802d72f0 <gps_uart_event_cb>:
802d72f0:	e3110001 	tst	r1, #1
802d72f4:	012fff1e 	bxeq	lr
802d72f8:	e92d43f0 	push	{r4, r5, r6, r7, r8, r9, lr}
802d72fc:	e59f60a0 	ldr	r6, [pc, #160]	; 802d73a4 <gps_uart_event_cb+0xb4>
802d7300:	e24dd044 	sub	sp, sp, #68	; 0x44
802d7304:	e3a03000 	mov	r3, #0
802d7308:	e3a0203f 	mov	r2, #63	; 0x3f
802d730c:	e1a0100d 	mov	r1, sp
802d7310:	e3a00001 	mov	r0, #1
802d7314:	eb0009c9 	bl	802d9a40 <__cm_uart_read_veneer>
802d7318:	e2509000 	subs	r9, r0, #0
802d731c:	ca000001 	bgt	802d7328 <gps_uart_event_cb+0x38>
802d7320:	e28dd044 	add	sp, sp, #68	; 0x44
802d7324:	e8bd83f0 	pop	{r4, r5, r6, r7, r8, r9, pc}
802d7328:	e59f8078 	ldr	r8, [pc, #120]	; 802d73a8 <gps_uart_event_cb+0xb8>
802d732c:	e1a0400d 	mov	r4, sp
802d7330:	e3a07000 	mov	r7, #0
802d7334:	e4d42001 	ldrb	r2, [r4], #1
802d7338:	e352000d 	cmp	r2, #13
802d733c:	0a00000e 	beq	802d737c <gps_uart_event_cb+0x8c>
802d7340:	e5963000 	ldr	r3, [r6]
802d7344:	e352000a 	cmp	r2, #10
802d7348:	1a00000f 	bne	802d738c <gps_uart_event_cb+0x9c>
802d734c:	e3530000 	cmp	r3, #0
802d7350:	da000009 	ble	802d737c <gps_uart_event_cb+0x8c>
802d7354:	e3a02000 	mov	r2, #0
802d7358:	e1a05002 	mov	r5, r2
802d735c:	e7c82003 	strb	r2, [r8, r3]
802d7360:	e59f3044 	ldr	r3, [pc, #68]	; 802d73ac <gps_uart_event_cb+0xbc>
802d7364:	e5933000 	ldr	r3, [r3]
802d7368:	e1530002 	cmp	r3, r2
802d736c:	0a000001 	beq	802d7378 <gps_uart_event_cb+0x88>
802d7370:	e1a00008 	mov	r0, r8
802d7374:	e12fff33 	blx	r3
802d7378:	e5865000 	str	r5, [r6]
802d737c:	e2877001 	add	r7, r7, #1
802d7380:	e1570009 	cmp	r7, r9
802d7384:	1affffea 	bne	802d7334 <gps_uart_event_cb+0x44>
802d7388:	eaffffdd 	b	802d7304 <gps_uart_event_cb+0x14>
802d738c:	e30011fe 	movw	r1, #510	; 0x1fe
802d7390:	e1530001 	cmp	r3, r1
802d7394:	d2831001 	addle	r1, r3, #1
802d7398:	d7c82003 	strble	r2, [r8, r3]
802d739c:	d5861000 	strle	r1, [r6]
802d73a0:	eafffff5 	b	802d737c <gps_uart_event_cb+0x8c>
802d73a4:	7e1ddcb4 	.word	0x7e1ddcb4
802d73a8:	7e1ddab4 	.word	0x7e1ddab4
802d73ac:	7e1ddab0 	.word	0x7e1ddab0

802d73b0 <nmea_parse_latlon>:
802d73b0:	e5d03000 	ldrb	r3, [r0]
802d73b4:	e3530000 	cmp	r3, #0
802d73b8:	0a00003c 	beq	802d74b0 <nmea_parse_latlon+0x100>
802d73bc:	e92d41f0 	push	{r4, r5, r6, r7, r8, lr}
802d73c0:	e1a04001 	mov	r4, r1
802d73c4:	eb00097f 	bl	802d99c8 <__atof_from_arm>
802d73c8:	e59f30ec 	ldr	r3, [pc, #236]	; 802d74bc <nmea_parse_latlon+0x10c>
802d73cc:	e3a02000 	mov	r2, #0
802d73d0:	e3540053 	cmp	r4, #83	; 0x53
802d73d4:	1354004e 	cmpne	r4, #78	; 0x4e
802d73d8:	e1a06000 	mov	r6, r0
802d73dc:	e1a07001 	mov	r7, r1
802d73e0:	1a000019 	bne	802d744c <nmea_parse_latlon+0x9c>
802d73e4:	eb000965 	bl	802d9980 <____aeabi_ddiv_from_arm>
802d73e8:	eb0009ae 	bl	802d9aa8 <____aeabi_d2iz_from_arm>
802d73ec:	e1a05000 	mov	r5, r0
802d73f0:	e3a00064 	mov	r0, #100	; 0x64
802d73f4:	e0000590 	mul	r0, r0, r5
802d73f8:	eb00095a 	bl	802d9968 <____aeabi_i2d_from_arm>
802d73fc:	e1a02000 	mov	r2, r0
802d7400:	e1a03001 	mov	r3, r1
802d7404:	e1a00006 	mov	r0, r6
802d7408:	e1a01007 	mov	r1, r7
802d740c:	eb000949 	bl	802d9938 <____aeabi_dsub_from_arm>
802d7410:	e59f30a8 	ldr	r3, [pc, #168]	; 802d74c0 <nmea_parse_latlon+0x110>
802d7414:	e3a02000 	mov	r2, #0
802d7418:	eb000958 	bl	802d9980 <____aeabi_ddiv_from_arm>
802d741c:	e1a06000 	mov	r6, r0
802d7420:	e1a00005 	mov	r0, r5
802d7424:	e1a07001 	mov	r7, r1
802d7428:	eb00094e 	bl	802d9968 <____aeabi_i2d_from_arm>
802d742c:	e1a02000 	mov	r2, r0
802d7430:	e1a03001 	mov	r3, r1
802d7434:	e1a00006 	mov	r0, r6
802d7438:	e1a01007 	mov	r1, r7
802d743c:	eb000927 	bl	802d98e0 <____aeabi_dadd_from_arm>
802d7440:	e3540053 	cmp	r4, #83	; 0x53
802d7444:	02811102 	addeq	r1, r1, #-2147483648	; 0x80000000
802d7448:	e8bd81f0 	pop	{r4, r5, r6, r7, r8, pc}
802d744c:	eb00094b 	bl	802d9980 <____aeabi_ddiv_from_arm>
802d7450:	eb000994 	bl	802d9aa8 <____aeabi_d2iz_from_arm>
802d7454:	e1a05000 	mov	r5, r0
802d7458:	e3a00064 	mov	r0, #100	; 0x64
802d745c:	e0000590 	mul	r0, r0, r5
802d7460:	eb000940 	bl	802d9968 <____aeabi_i2d_from_arm>
802d7464:	e1a02000 	mov	r2, r0
802d7468:	e1a03001 	mov	r3, r1
802d746c:	e1a00006 	mov	r0, r6
802d7470:	e1a01007 	mov	r1, r7
802d7474:	eb00092f 	bl	802d9938 <____aeabi_dsub_from_arm>
802d7478:	e59f3040 	ldr	r3, [pc, #64]	; 802d74c0 <nmea_parse_latlon+0x110>
802d747c:	e3a02000 	mov	r2, #0
802d7480:	eb00093e 	bl	802d9980 <____aeabi_ddiv_from_arm>
802d7484:	e1a06000 	mov	r6, r0
802d7488:	e1a00005 	mov	r0, r5
802d748c:	e1a07001 	mov	r7, r1
802d7490:	eb000934 	bl	802d9968 <____aeabi_i2d_from_arm>
802d7494:	e1a02000 	mov	r2, r0
802d7498:	e1a03001 	mov	r3, r1
802d749c:	e1a00006 	mov	r0, r6
802d74a0:	e1a01007 	mov	r1, r7
802d74a4:	eb00090d 	bl	802d98e0 <____aeabi_dadd_from_arm>
802d74a8:	e3540057 	cmp	r4, #87	; 0x57
802d74ac:	eaffffe4 	b	802d7444 <nmea_parse_latlon+0x94>
802d74b0:	e1a00003 	mov	r0, r3
802d74b4:	e1a01003 	mov	r1, r3
802d74b8:	e12fff1e 	bx	lr
802d74bc:	40590000 	.word	0x40590000
802d74c0:	404e0000 	.word	0x404e0000

802d74c4 <key_check_timer_cb>:
802d74c4:	e92d4037 	push	{r0, r1, r2, r4, r5, lr}
802d74c8:	e3a04000 	mov	r4, #0
802d74cc:	e28d1007 	add	r1, sp, #7
802d74d0:	e59f509c 	ldr	r5, [pc, #156]	; 802d7574 <key_check_timer_cb+0xb0>
802d74d4:	e1a00004 	mov	r0, r4
802d74d8:	e5cd4007 	strb	r4, [sp, #7]
802d74dc:	eb000923 	bl	802d9970 <__cm_gpio_get_level_veneer>
802d74e0:	e5dd3007 	ldrb	r3, [sp, #7]
802d74e4:	e1530004 	cmp	r3, r4
802d74e8:	e5d53000 	ldrb	r3, [r5]
802d74ec:	1a000008 	bne	802d7514 <key_check_timer_cb+0x50>
802d74f0:	e1530004 	cmp	r3, r4
802d74f4:	1a000004 	bne	802d750c <key_check_timer_cb+0x48>
802d74f8:	e3a03001 	mov	r3, #1
802d74fc:	e5c53000 	strb	r3, [r5]
802d7500:	eb000948 	bl	802d9a28 <__osKernelGetTickCount_veneer>
802d7504:	e59f306c 	ldr	r3, [pc, #108]	; 802d7578 <key_check_timer_cb+0xb4>
802d7508:	e5830000 	str	r0, [r3]
802d750c:	e28dd00c 	add	sp, sp, #12
802d7510:	e8bd8030 	pop	{r4, r5, pc}
802d7514:	e3530000 	cmp	r3, #0
802d7518:	0afffffb 	beq	802d750c <key_check_timer_cb+0x48>
802d751c:	eb000941 	bl	802d9a28 <__osKernelGetTickCount_veneer>
802d7520:	e59f3050 	ldr	r3, [pc, #80]	; 802d7578 <key_check_timer_cb+0xb4>
802d7524:	e5c54000 	strb	r4, [r5]
802d7528:	e5933000 	ldr	r3, [r3]
802d752c:	e0400003 	sub	r0, r0, r3
802d7530:	e3500ffa 	cmp	r0, #1000	; 0x3e8
802d7534:	3a000006 	bcc	802d7554 <key_check_timer_cb+0x90>
802d7538:	e59f303c 	ldr	r3, [pc, #60]	; 802d757c <key_check_timer_cb+0xb8>
802d753c:	e5933000 	ldr	r3, [r3]
802d7540:	e3530000 	cmp	r3, #0
802d7544:	13a00001 	movne	r0, #1
802d7548:	0affffef 	beq	802d750c <key_check_timer_cb+0x48>
802d754c:	e12fff33 	blx	r3
802d7550:	eaffffed 	b	802d750c <key_check_timer_cb+0x48>
802d7554:	e350000a 	cmp	r0, #10
802d7558:	9affffeb 	bls	802d750c <key_check_timer_cb+0x48>
802d755c:	e59f3018 	ldr	r3, [pc, #24]	; 802d757c <key_check_timer_cb+0xb8>
802d7560:	e5933000 	ldr	r3, [r3]
802d7564:	e3530000 	cmp	r3, #0
802d7568:	0affffe7 	beq	802d750c <key_check_timer_cb+0x48>
802d756c:	e1a00004 	mov	r0, r4
802d7570:	eafffff5 	b	802d754c <key_check_timer_cb+0x88>
802d7574:	7e1ddcc0 	.word	0x7e1ddcc0
802d7578:	7e1ddcbc 	.word	0x7e1ddcbc
802d757c:	7e1ddcb8 	.word	0x7e1ddcb8

802d7580 <bsp_gps_send_nmea.part.7>:
802d7580:	e52de004 	push	{lr}		; (str lr, [sp, #-4]!)
802d7584:	e1a03000 	mov	r3, r0
802d7588:	e24dd05c 	sub	sp, sp, #92	; 0x5c
802d758c:	e3a02000 	mov	r2, #0
802d7590:	e2400001 	sub	r0, r0, #1
802d7594:	e5f01001 	ldrb	r1, [r0, #1]!
802d7598:	e3510000 	cmp	r1, #0
802d759c:	1a00000f 	bne	802d75e0 <bsp_gps_send_nmea.part.7+0x60>
802d75a0:	e58d2000 	str	r2, [sp]
802d75a4:	e3a01050 	mov	r1, #80	; 0x50
802d75a8:	e59f2038 	ldr	r2, [pc, #56]	; 802d75e8 <bsp_gps_send_nmea.part.7+0x68>
802d75ac:	e28d0008 	add	r0, sp, #8
802d75b0:	eb00092c 	bl	802d9a68 <__snprintf_from_arm>
802d75b4:	e1a02000 	mov	r2, r0
802d75b8:	e2403001 	sub	r3, r0, #1
802d75bc:	e353004e 	cmp	r3, #78	; 0x4e
802d75c0:	83e00000 	mvnhi	r0, #0
802d75c4:	8a000003 	bhi	802d75d8 <bsp_gps_send_nmea.part.7+0x58>
802d75c8:	e3a03ffa 	mov	r3, #1000	; 0x3e8
802d75cc:	e28d1008 	add	r1, sp, #8
802d75d0:	e3a00001 	mov	r0, #1
802d75d4:	eb0008cb 	bl	802d9908 <__cm_uart_write_veneer>
802d75d8:	e28dd05c 	add	sp, sp, #92	; 0x5c
802d75dc:	e49df004 	pop	{pc}		; (ldr pc, [sp], #4)
802d75e0:	e0222001 	eor	r2, r2, r1
802d75e4:	eaffffea 	b	802d7594 <bsp_gps_send_nmea.part.7+0x14>
802d75e8:	802da6e3 	.word	0x802da6e3

802d75ec <bsp_key_register_cb>:
802d75ec:	e59f3004 	ldr	r3, [pc, #4]	; 802d75f8 <bsp_key_register_cb+0xc>
802d75f0:	e5830000 	str	r0, [r3]
802d75f4:	e12fff1e 	bx	lr
802d75f8:	7e1ddcb8 	.word	0x7e1ddcb8

802d75fc <bsp_buzzer_on>:
802d75fc:	e3a01001 	mov	r1, #1
802d7600:	e3a00013 	mov	r0, #19
802d7604:	ea0008c1 	b	802d9910 <__cm_gpio_set_level_veneer>

802d7608 <bsp_buzzer_off>:
802d7608:	e3a01000 	mov	r1, #0
802d760c:	e3a00013 	mov	r0, #19
802d7610:	ea0008be 	b	802d9910 <__cm_gpio_set_level_veneer>

802d7614 <buzzer_async_cb>:
802d7614:	e92d4070 	push	{r4, r5, r6, lr}
802d7618:	e59f5084 	ldr	r5, [pc, #132]	; 802d76a4 <buzzer_async_cb+0x90>
802d761c:	e5d53018 	ldrb	r3, [r5, #24]
802d7620:	e3530000 	cmp	r3, #0
802d7624:	08bd8070 	popeq	{r4, r5, r6, pc}
802d7628:	e5953014 	ldr	r3, [r5, #20]
802d762c:	e1a04005 	mov	r4, r5
802d7630:	e3530000 	cmp	r3, #0
802d7634:	0a00000b 	beq	802d7668 <buzzer_async_cb+0x54>
802d7638:	eb0008fa 	bl	802d9a28 <__osKernelGetTickCount_veneer>
802d763c:	e5952014 	ldr	r2, [r5, #20]
802d7640:	e3a03005 	mov	r3, #5
802d7644:	e732f312 	udiv	r2, r2, r3
802d7648:	e5953010 	ldr	r3, [r5, #16]
802d764c:	e0400003 	sub	r0, r0, r3
802d7650:	e1520000 	cmp	r2, r0
802d7654:	8a000003 	bhi	802d7668 <buzzer_async_cb+0x54>
802d7658:	ebffffea 	bl	802d7608 <bsp_buzzer_off>
802d765c:	e3a03000 	mov	r3, #0
802d7660:	e5c53018 	strb	r3, [r5, #24]
802d7664:	e8bd8070 	pop	{r4, r5, r6, pc}
802d7668:	e5d43019 	ldrb	r3, [r4, #25]
802d766c:	e3a05005 	mov	r5, #5
802d7670:	e2233001 	eor	r3, r3, #1
802d7674:	e3530000 	cmp	r3, #0
802d7678:	e5c43019 	strb	r3, [r4, #25]
802d767c:	0a000005 	beq	802d7698 <buzzer_async_cb+0x84>
802d7680:	ebffffdd 	bl	802d75fc <bsp_buzzer_on>
802d7684:	e5941004 	ldr	r1, [r4, #4]
802d7688:	e731f511 	udiv	r1, r1, r5
802d768c:	e5940000 	ldr	r0, [r4]
802d7690:	e8bd4070 	pop	{r4, r5, r6, lr}
802d7694:	ea0008fd 	b	802d9a90 <__osTimerStart_veneer>
802d7698:	ebffffda 	bl	802d7608 <bsp_buzzer_off>
802d769c:	e5941008 	ldr	r1, [r4, #8]
802d76a0:	eafffff8 	b	802d7688 <buzzer_async_cb+0x74>
802d76a4:	7e1dda94 	.word	0x7e1dda94

802d76a8 <bsp_buzzer_beep>:
802d76a8:	e92d41f0 	push	{r4, r5, r6, r7, r8, lr}
802d76ac:	e1a06000 	mov	r6, r0
802d76b0:	e3a00005 	mov	r0, #5
802d76b4:	e3a04000 	mov	r4, #0
802d76b8:	e737f011 	udiv	r7, r1, r0
802d76bc:	e735f012 	udiv	r5, r2, r0
802d76c0:	e1540006 	cmp	r4, r6
802d76c4:	a8bd81f0 	popge	{r4, r5, r6, r7, r8, pc}
802d76c8:	ebffffcb 	bl	802d75fc <bsp_buzzer_on>
802d76cc:	e1a00007 	mov	r0, r7
802d76d0:	e2844001 	add	r4, r4, #1
802d76d4:	eb0008f7 	bl	802d9ab8 <__osDelay_veneer>
802d76d8:	ebffffca 	bl	802d7608 <bsp_buzzer_off>
802d76dc:	e1540006 	cmp	r4, r6
802d76e0:	aafffff6 	bge	802d76c0 <bsp_buzzer_beep+0x18>
802d76e4:	e1a00005 	mov	r0, r5
802d76e8:	eb0008f2 	bl	802d9ab8 <__osDelay_veneer>
802d76ec:	eafffff3 	b	802d76c0 <bsp_buzzer_beep+0x18>

802d76f0 <bsp_buzzer_beep_async>:
802d76f0:	e92d4030 	push	{r4, r5, lr}
802d76f4:	e59f40b8 	ldr	r4, [pc, #184]	; 802d77b4 <bsp_buzzer_beep_async+0xc4>
802d76f8:	e1a05000 	mov	r5, r0
802d76fc:	e24dd014 	sub	sp, sp, #20
802d7700:	e5940000 	ldr	r0, [r4]
802d7704:	e3500000 	cmp	r0, #0
802d7708:	1a00000e 	bne	802d7748 <bsp_buzzer_beep_async+0x58>
802d770c:	e59f30a4 	ldr	r3, [pc, #164]	; 802d77b8 <bsp_buzzer_beep_async+0xc8>
802d7710:	e3a02000 	mov	r2, #0
802d7714:	e58d3000 	str	r3, [sp]
802d7718:	e1a01002 	mov	r1, r2
802d771c:	e59f0098 	ldr	r0, [pc, #152]	; 802d77bc <bsp_buzzer_beep_async+0xcc>
802d7720:	e1a0300d 	mov	r3, sp
802d7724:	e58d2004 	str	r2, [sp, #4]
802d7728:	e58d2008 	str	r2, [sp, #8]
802d772c:	e58d200c 	str	r2, [sp, #12]
802d7730:	eb0008ea 	bl	802d9ae0 <__osTimerNew_veneer>
802d7734:	e5840000 	str	r0, [r4]
802d7738:	e3500000 	cmp	r0, #0
802d773c:	1a000009 	bne	802d7768 <bsp_buzzer_beep_async+0x78>
802d7740:	e28dd014 	add	sp, sp, #20
802d7744:	e8bd8030 	pop	{r4, r5, pc}
802d7748:	e5d43018 	ldrb	r3, [r4, #24]
802d774c:	e3530000 	cmp	r3, #0
802d7750:	0a000004 	beq	802d7768 <bsp_buzzer_beep_async+0x78>
802d7754:	eb0008b5 	bl	802d9a30 <__osTimerStop_veneer>
802d7758:	ebffffaa 	bl	802d7608 <bsp_buzzer_off>
802d775c:	e5943000 	ldr	r3, [r4]
802d7760:	e3530000 	cmp	r3, #0
802d7764:	0affffe8 	beq	802d770c <bsp_buzzer_beep_async+0x1c>
802d7768:	e3a00ffa 	mov	r0, #1000	; 0x3e8
802d776c:	e3a030c8 	mov	r3, #200	; 0xc8
802d7770:	e0000590 	mul	r0, r0, r5
802d7774:	e5843004 	str	r3, [r4, #4]
802d7778:	e3a03e32 	mov	r3, #800	; 0x320
802d777c:	e3a05001 	mov	r5, #1
802d7780:	e5843008 	str	r3, [r4, #8]
802d7784:	e5840014 	str	r0, [r4, #20]
802d7788:	eb0008a6 	bl	802d9a28 <__osKernelGetTickCount_veneer>
802d778c:	e1c451b8 	strh	r5, [r4, #24]
802d7790:	e5840010 	str	r0, [r4, #16]
802d7794:	ebffff98 	bl	802d75fc <bsp_buzzer_on>
802d7798:	e5941004 	ldr	r1, [r4, #4]
802d779c:	e3a03005 	mov	r3, #5
802d77a0:	e5940000 	ldr	r0, [r4]
802d77a4:	e5c45019 	strb	r5, [r4, #25]
802d77a8:	e731f311 	udiv	r1, r1, r3
802d77ac:	eb0008b7 	bl	802d9a90 <__osTimerStart_veneer>
802d77b0:	eaffffe2 	b	802d7740 <bsp_buzzer_beep_async+0x50>
802d77b4:	7e1dda94 	.word	0x7e1dda94
802d77b8:	802da6be 	.word	0x802da6be
802d77bc:	802d7614 	.word	0x802d7614

802d77c0 <bsp_buzzer_stop>:
802d77c0:	e92d4010 	push	{r4, lr}
802d77c4:	e59f4028 	ldr	r4, [pc, #40]	; 802d77f4 <bsp_buzzer_stop+0x34>
802d77c8:	e5940000 	ldr	r0, [r4]
802d77cc:	e3500000 	cmp	r0, #0
802d77d0:	0a000003 	beq	802d77e4 <bsp_buzzer_stop+0x24>
802d77d4:	e5d43018 	ldrb	r3, [r4, #24]
802d77d8:	e3530000 	cmp	r3, #0
802d77dc:	0a000000 	beq	802d77e4 <bsp_buzzer_stop+0x24>
802d77e0:	eb000892 	bl	802d9a30 <__osTimerStop_veneer>
802d77e4:	ebffff87 	bl	802d7608 <bsp_buzzer_off>
802d77e8:	e3a03000 	mov	r3, #0
802d77ec:	e5c43018 	strb	r3, [r4, #24]
802d77f0:	e8bd8010 	pop	{r4, pc}
802d77f4:	7e1dda94 	.word	0x7e1dda94

802d77f8 <bsp_rgb_set>:
802d77f8:	e92d4010 	push	{r4, lr}
802d77fc:	e3500007 	cmp	r0, #7
802d7800:	979ff100 	ldrls	pc, [pc, r0, lsl #2]
802d7804:	ea000021 	b	802d7890 <bsp_rgb_set+0x98>
802d7808:	802d7828 	.word	0x802d7828
802d780c:	802d7834 	.word	0x802d7834
802d7810:	802d784c 	.word	0x802d784c
802d7814:	802d785c 	.word	0x802d785c
802d7818:	802d7868 	.word	0x802d7868
802d781c:	802d7874 	.word	0x802d7874
802d7820:	802d787c 	.word	0x802d787c
802d7824:	802d7888 	.word	0x802d7888
802d7828:	e3a02000 	mov	r2, #0
802d782c:	e1a01002 	mov	r1, r2
802d7830:	ea000007 	b	802d7854 <bsp_rgb_set+0x5c>
802d7834:	e3a02000 	mov	r2, #0
802d7838:	e1a01002 	mov	r1, r2
802d783c:	e3a00001 	mov	r0, #1
802d7840:	ebfffe87 	bl	802d7264 <bsp_rgb_set_raw>
802d7844:	e3a00000 	mov	r0, #0
802d7848:	e8bd8010 	pop	{r4, pc}
802d784c:	e3a02000 	mov	r2, #0
802d7850:	e3a01001 	mov	r1, #1
802d7854:	e3a00000 	mov	r0, #0
802d7858:	eafffff8 	b	802d7840 <bsp_rgb_set+0x48>
802d785c:	e3a02001 	mov	r2, #1
802d7860:	e3a01000 	mov	r1, #0
802d7864:	eafffffa 	b	802d7854 <bsp_rgb_set+0x5c>
802d7868:	e3a02000 	mov	r2, #0
802d786c:	e3a01001 	mov	r1, #1
802d7870:	eafffff1 	b	802d783c <bsp_rgb_set+0x44>
802d7874:	e3a02001 	mov	r2, #1
802d7878:	eaffffeb 	b	802d782c <bsp_rgb_set+0x34>
802d787c:	e3a02001 	mov	r2, #1
802d7880:	e3a01000 	mov	r1, #0
802d7884:	eaffffec 	b	802d783c <bsp_rgb_set+0x44>
802d7888:	e3a02001 	mov	r2, #1
802d788c:	eaffffe9 	b	802d7838 <bsp_rgb_set+0x40>
802d7890:	e3e00000 	mvn	r0, #0
802d7894:	e8bd8010 	pop	{r4, pc}

802d7898 <rgb_pattern_apply>:
802d7898:	e2400001 	sub	r0, r0, #1
802d789c:	e3500003 	cmp	r0, #3
802d78a0:	979ff100 	ldrls	pc, [pc, r0, lsl #2]
802d78a4:	ea000014 	b	802d78fc <rgb_pattern_apply+0x64>
802d78a8:	802d78b8 	.word	0x802d78b8
802d78ac:	802d78c8 	.word	0x802d78c8
802d78b0:	802d78d0 	.word	0x802d78d0
802d78b4:	802d78d8 	.word	0x802d78d8
802d78b8:	e3510000 	cmp	r1, #0
802d78bc:	13a00002 	movne	r0, #2
802d78c0:	03a00000 	moveq	r0, #0
802d78c4:	eaffffcb 	b	802d77f8 <bsp_rgb_set>
802d78c8:	e3a00002 	mov	r0, #2
802d78cc:	eafffffc 	b	802d78c4 <rgb_pattern_apply+0x2c>
802d78d0:	e1a00001 	mov	r0, r1
802d78d4:	eafffffa 	b	802d78c4 <rgb_pattern_apply+0x2c>
802d78d8:	e3510000 	cmp	r1, #0
802d78dc:	0a000006 	beq	802d78fc <rgb_pattern_apply+0x64>
802d78e0:	e3a03003 	mov	r3, #3
802d78e4:	e713f312 	sdiv	r3, r2, r3
802d78e8:	e0833083 	add	r3, r3, r3, lsl #1
802d78ec:	e0423003 	sub	r3, r2, r3
802d78f0:	e59f200c 	ldr	r2, [pc, #12]	; 802d7904 <rgb_pattern_apply+0x6c>
802d78f4:	e7d20003 	ldrb	r0, [r2, r3]
802d78f8:	eafffff1 	b	802d78c4 <rgb_pattern_apply+0x2c>
802d78fc:	e3a00000 	mov	r0, #0
802d7900:	eaffffef 	b	802d78c4 <rgb_pattern_apply+0x2c>
802d7904:	802da747 	.word	0x802da747

802d7908 <rgb_pattern_cb>:
802d7908:	e92d4070 	push	{r4, r5, r6, lr}
802d790c:	e59f50a8 	ldr	r5, [pc, #168]	; 802d79bc <rgb_pattern_cb+0xb4>
802d7910:	e5d53018 	ldrb	r3, [r5, #24]
802d7914:	e3530000 	cmp	r3, #0
802d7918:	08bd8070 	popeq	{r4, r5, r6, pc}
802d791c:	e5953014 	ldr	r3, [r5, #20]
802d7920:	e1a04005 	mov	r4, r5
802d7924:	e3530000 	cmp	r3, #0
802d7928:	0a00000d 	beq	802d7964 <rgb_pattern_cb+0x5c>
802d792c:	eb00083d 	bl	802d9a28 <__osKernelGetTickCount_veneer>
802d7930:	e5952014 	ldr	r2, [r5, #20]
802d7934:	e3a03005 	mov	r3, #5
802d7938:	e732f312 	udiv	r2, r2, r3
802d793c:	e5953010 	ldr	r3, [r5, #16]
802d7940:	e0400003 	sub	r0, r0, r3
802d7944:	e1520000 	cmp	r2, r0
802d7948:	8a000005 	bhi	802d7964 <rgb_pattern_cb+0x5c>
802d794c:	e3a00000 	mov	r0, #0
802d7950:	ebffffa8 	bl	802d77f8 <bsp_rgb_set>
802d7954:	e3a03000 	mov	r3, #0
802d7958:	e5c53018 	strb	r3, [r5, #24]
802d795c:	e5c53004 	strb	r3, [r5, #4]
802d7960:	e8bd8070 	pop	{r4, r5, r6, pc}
802d7964:	e5d4100c 	ldrb	r1, [r4, #12]
802d7968:	e2211001 	eor	r1, r1, #1
802d796c:	e3510000 	cmp	r1, #0
802d7970:	e5d40004 	ldrb	r0, [r4, #4]
802d7974:	e5c4100c 	strb	r1, [r4, #12]
802d7978:	0a000003 	beq	802d798c <rgb_pattern_cb+0x84>
802d797c:	e3500004 	cmp	r0, #4
802d7980:	05943008 	ldreq	r3, [r4, #8]
802d7984:	02833001 	addeq	r3, r3, #1
802d7988:	05843008 	streq	r3, [r4, #8]
802d798c:	e5942008 	ldr	r2, [r4, #8]
802d7990:	ebffffc0 	bl	802d7898 <rgb_pattern_apply>
802d7994:	e5d43004 	ldrb	r3, [r4, #4]
802d7998:	e5940000 	ldr	r0, [r4]
802d799c:	e2433001 	sub	r3, r3, #1
802d79a0:	e8bd4070 	pop	{r4, r5, r6, lr}
802d79a4:	e6ef3073 	uxtb	r3, r3
802d79a8:	e3530003 	cmp	r3, #3
802d79ac:	83a010c8 	movhi	r1, #200	; 0xc8
802d79b0:	959f2008 	ldrls	r2, [pc, #8]	; 802d79c0 <rgb_pattern_cb+0xb8>
802d79b4:	97d21003 	ldrbls	r1, [r2, r3]
802d79b8:	ea000834 	b	802d9a90 <__osTimerStart_veneer>
802d79bc:	7e1ddcc8 	.word	0x7e1ddcc8
802d79c0:	802da6ba 	.word	0x802da6ba

802d79c4 <bsp_rgb_set_pattern>:
802d79c4:	e92d41ff 	push	{r0, r1, r2, r3, r4, r5, r6, r7, r8, lr}
802d79c8:	e59f40e4 	ldr	r4, [pc, #228]	; 802d7ab4 <bsp_rgb_set_pattern+0xf0>
802d79cc:	e1a05000 	mov	r5, r0
802d79d0:	e1a08001 	mov	r8, r1
802d79d4:	e5940000 	ldr	r0, [r4]
802d79d8:	e3500000 	cmp	r0, #0
802d79dc:	1a00000e 	bne	802d7a1c <bsp_rgb_set_pattern+0x58>
802d79e0:	e59f30d0 	ldr	r3, [pc, #208]	; 802d7ab8 <bsp_rgb_set_pattern+0xf4>
802d79e4:	e3a02000 	mov	r2, #0
802d79e8:	e58d3000 	str	r3, [sp]
802d79ec:	e1a01002 	mov	r1, r2
802d79f0:	e59f00c4 	ldr	r0, [pc, #196]	; 802d7abc <bsp_rgb_set_pattern+0xf8>
802d79f4:	e1a0300d 	mov	r3, sp
802d79f8:	e58d2004 	str	r2, [sp, #4]
802d79fc:	e58d2008 	str	r2, [sp, #8]
802d7a00:	e58d200c 	str	r2, [sp, #12]
802d7a04:	eb000835 	bl	802d9ae0 <__osTimerNew_veneer>
802d7a08:	e5840000 	str	r0, [r4]
802d7a0c:	e3500000 	cmp	r0, #0
802d7a10:	1a000008 	bne	802d7a38 <bsp_rgb_set_pattern+0x74>
802d7a14:	e28dd010 	add	sp, sp, #16
802d7a18:	e8bd81f0 	pop	{r4, r5, r6, r7, r8, pc}
802d7a1c:	e5d43018 	ldrb	r3, [r4, #24]
802d7a20:	e3530000 	cmp	r3, #0
802d7a24:	0a000003 	beq	802d7a38 <bsp_rgb_set_pattern+0x74>
802d7a28:	eb000800 	bl	802d9a30 <__osTimerStop_veneer>
802d7a2c:	e5943000 	ldr	r3, [r4]
802d7a30:	e3530000 	cmp	r3, #0
802d7a34:	0affffe9 	beq	802d79e0 <bsp_rgb_set_pattern+0x1c>
802d7a38:	e3a07000 	mov	r7, #0
802d7a3c:	e3a06001 	mov	r6, #1
802d7a40:	e5c45004 	strb	r5, [r4, #4]
802d7a44:	e5847008 	str	r7, [r4, #8]
802d7a48:	e5c4600c 	strb	r6, [r4, #12]
802d7a4c:	eb0007f5 	bl	802d9a28 <__osKernelGetTickCount_veneer>
802d7a50:	e3a03ffa 	mov	r3, #1000	; 0x3e8
802d7a54:	e1550007 	cmp	r5, r7
802d7a58:	e0030893 	mul	r3, r3, r8
802d7a5c:	e5843014 	str	r3, [r4, #20]
802d7a60:	11a03006 	movne	r3, r6
802d7a64:	01a03007 	moveq	r3, r7
802d7a68:	e5c43018 	strb	r3, [r4, #24]
802d7a6c:	e5840010 	str	r0, [r4, #16]
802d7a70:	0a00000c 	beq	802d7aa8 <bsp_rgb_set_pattern+0xe4>
802d7a74:	e1a01006 	mov	r1, r6
802d7a78:	e1a00005 	mov	r0, r5
802d7a7c:	e1a02007 	mov	r2, r7
802d7a80:	e2455001 	sub	r5, r5, #1
802d7a84:	ebffff83 	bl	802d7898 <rgb_pattern_apply>
802d7a88:	e5940000 	ldr	r0, [r4]
802d7a8c:	e6ef5075 	uxtb	r5, r5
802d7a90:	e3550003 	cmp	r5, #3
802d7a94:	83a010c8 	movhi	r1, #200	; 0xc8
802d7a98:	959f3020 	ldrls	r3, [pc, #32]	; 802d7ac0 <bsp_rgb_set_pattern+0xfc>
802d7a9c:	97d31005 	ldrbls	r1, [r3, r5]
802d7aa0:	eb0007fa 	bl	802d9a90 <__osTimerStart_veneer>
802d7aa4:	eaffffda 	b	802d7a14 <bsp_rgb_set_pattern+0x50>
802d7aa8:	e1a00005 	mov	r0, r5
802d7aac:	ebffff51 	bl	802d77f8 <bsp_rgb_set>
802d7ab0:	eaffffd7 	b	802d7a14 <bsp_rgb_set_pattern+0x50>
802d7ab4:	7e1ddcc8 	.word	0x7e1ddcc8
802d7ab8:	802da73f 	.word	0x802da73f
802d7abc:	802d7908 	.word	0x802d7908
802d7ac0:	802da6ba 	.word	0x802da6ba

802d7ac4 <bsp_rgb_stop_pattern>:
802d7ac4:	e92d4010 	push	{r4, lr}
802d7ac8:	e59f402c 	ldr	r4, [pc, #44]	; 802d7afc <bsp_rgb_stop_pattern+0x38>
802d7acc:	e5940000 	ldr	r0, [r4]
802d7ad0:	e3500000 	cmp	r0, #0
802d7ad4:	0a000003 	beq	802d7ae8 <bsp_rgb_stop_pattern+0x24>
802d7ad8:	e5d43018 	ldrb	r3, [r4, #24]
802d7adc:	e3530000 	cmp	r3, #0
802d7ae0:	0a000000 	beq	802d7ae8 <bsp_rgb_stop_pattern+0x24>
802d7ae4:	eb0007d1 	bl	802d9a30 <__osTimerStop_veneer>
802d7ae8:	e3a00000 	mov	r0, #0
802d7aec:	e5c40018 	strb	r0, [r4, #24]
802d7af0:	e5c40004 	strb	r0, [r4, #4]
802d7af4:	e8bd4010 	pop	{r4, lr}
802d7af8:	eaffff3e 	b	802d77f8 <bsp_rgb_set>
802d7afc:	7e1ddcc8 	.word	0x7e1ddcc8

802d7b00 <bsp_battery_read>:
802d7b00:	e92d4073 	push	{r0, r1, r4, r5, r6, lr}
802d7b04:	e3a06000 	mov	r6, #0
802d7b08:	e1a05000 	mov	r5, r0
802d7b0c:	e1a04001 	mov	r4, r1
802d7b10:	e3a00001 	mov	r0, #1
802d7b14:	e58d6000 	str	r6, [sp]
802d7b18:	e1a0100d 	mov	r1, sp
802d7b1c:	eb000773 	bl	802d98f0 <__cm_adc_read_veneer>
802d7b20:	e1500006 	cmp	r0, r6
802d7b24:	0a000007 	beq	802d7b48 <bsp_battery_read+0x48>
802d7b28:	e58d6004 	str	r6, [sp, #4]
802d7b2c:	e28d0004 	add	r0, sp, #4
802d7b30:	eb0007ba 	bl	802d9a20 <__cm_adc_vbat_read_veneer>
802d7b34:	e1500006 	cmp	r0, r6
802d7b38:	13e00000 	mvnne	r0, #0
802d7b3c:	059d3004 	ldreq	r3, [sp, #4]
802d7b40:	058d3000 	streq	r3, [sp]
802d7b44:	1a000014 	bne	802d7b9c <bsp_battery_read+0x9c>
802d7b48:	e59d3000 	ldr	r3, [sp]
802d7b4c:	e3550000 	cmp	r5, #0
802d7b50:	e1a03103 	lsl	r3, r3, #2
802d7b54:	15853000 	strne	r3, [r5]
802d7b58:	e3540000 	cmp	r4, #0
802d7b5c:	01a00004 	moveq	r0, r4
802d7b60:	0a00000d 	beq	802d7b9c <bsp_battery_read+0x9c>
802d7b64:	e3012067 	movw	r2, #4199	; 0x1067
802d7b68:	e3a00000 	mov	r0, #0
802d7b6c:	e1530002 	cmp	r3, r2
802d7b70:	c3a03064 	movgt	r3, #100	; 0x64
802d7b74:	ca000007 	bgt	802d7b98 <bsp_battery_read+0x98>
802d7b78:	e3002ce4 	movw	r2, #3300	; 0xce4
802d7b7c:	e1530002 	cmp	r3, r2
802d7b80:	d5840000 	strle	r0, [r4]
802d7b84:	da000004 	ble	802d7b9c <bsp_battery_read+0x9c>
802d7b88:	e3a02009 	mov	r2, #9
802d7b8c:	e2433ece 	sub	r3, r3, #3296	; 0xce0
802d7b90:	e2433004 	sub	r3, r3, #4
802d7b94:	e733f213 	udiv	r3, r3, r2
802d7b98:	e5843000 	str	r3, [r4]
802d7b9c:	e28dd008 	add	sp, sp, #8
802d7ba0:	e8bd8070 	pop	{r4, r5, r6, pc}

802d7ba4 <bsp_gps_open>:
802d7ba4:	e92d4030 	push	{r4, r5, lr}
802d7ba8:	e3a01001 	mov	r1, #1
802d7bac:	e24dd02c 	sub	sp, sp, #44	; 0x2c
802d7bb0:	e1a05000 	mov	r5, r0
802d7bb4:	e3a0001d 	mov	r0, #29
802d7bb8:	eb000768 	bl	802d9960 <__cm_iomux_set_pin_func_veneer>
802d7bbc:	e3a01001 	mov	r1, #1
802d7bc0:	e3a0001c 	mov	r0, #28
802d7bc4:	e3a04000 	mov	r4, #0
802d7bc8:	eb000764 	bl	802d9960 <__cm_iomux_set_pin_func_veneer>
802d7bcc:	e3a03003 	mov	r3, #3
802d7bd0:	e3a00001 	mov	r0, #1
802d7bd4:	e28d1004 	add	r1, sp, #4
802d7bd8:	e58d3004 	str	r3, [sp, #4]
802d7bdc:	e59f3068 	ldr	r3, [pc, #104]	; 802d7c4c <bsp_gps_open+0xa8>
802d7be0:	e58d300c 	str	r3, [sp, #12]
802d7be4:	e58d4008 	str	r4, [sp, #8]
802d7be8:	eb000758 	bl	802d9950 <__cm_uart_register_event_veneer>
802d7bec:	e3a02018 	mov	r2, #24
802d7bf0:	e1a01004 	mov	r1, r4
802d7bf4:	e28d0010 	add	r0, sp, #16
802d7bf8:	eb00074a 	bl	802d9928 <__memset_from_arm>
802d7bfc:	e3a03008 	mov	r3, #8
802d7c00:	e3a00001 	mov	r0, #1
802d7c04:	e28d1010 	add	r1, sp, #16
802d7c08:	e5cd3010 	strb	r3, [sp, #16]
802d7c0c:	e59f303c 	ldr	r3, [pc, #60]	; 802d7c50 <bsp_gps_open+0xac>
802d7c10:	e58d3014 	str	r3, [sp, #20]
802d7c14:	eb000757 	bl	802d9978 <__cm_uart_open_veneer>
802d7c18:	e3500000 	cmp	r0, #0
802d7c1c:	0a000005 	beq	802d7c38 <bsp_gps_open+0x94>
802d7c20:	e59f002c 	ldr	r0, [pc, #44]	; 802d7c54 <bsp_gps_open+0xb0>
802d7c24:	e59f102c 	ldr	r1, [pc, #44]	; 802d7c58 <bsp_gps_open+0xb4>
802d7c28:	eb00072a 	bl	802d98d8 <__app_log_output_veneer>
802d7c2c:	e3e00000 	mvn	r0, #0
802d7c30:	e28dd02c 	add	sp, sp, #44	; 0x2c
802d7c34:	e8bd8030 	pop	{r4, r5, pc}
802d7c38:	e59f301c 	ldr	r3, [pc, #28]	; 802d7c5c <bsp_gps_open+0xb8>
802d7c3c:	e5835000 	str	r5, [r3]
802d7c40:	e59f3018 	ldr	r3, [pc, #24]	; 802d7c60 <bsp_gps_open+0xbc>
802d7c44:	e5830000 	str	r0, [r3]
802d7c48:	eafffff8 	b	802d7c30 <bsp_gps_open+0x8c>
802d7c4c:	802d72f0 	.word	0x802d72f0
802d7c50:	0001c200 	.word	0x0001c200
802d7c54:	802d9bba 	.word	0x802d9bba
802d7c58:	802da6c8 	.word	0x802da6c8
802d7c5c:	7e1ddab0 	.word	0x7e1ddab0
802d7c60:	7e1ddcb4 	.word	0x7e1ddcb4

802d7c64 <bsp_gps_close>:
802d7c64:	e3a00001 	mov	r0, #1
802d7c68:	ea00072c 	b	802d9920 <__cm_uart_close_veneer>

802d7c6c <bsp_gps_set_power_mode>:
802d7c6c:	e92d407f 	push	{r0, r1, r2, r3, r4, r5, r6, lr}
802d7c70:	e1a03000 	mov	r3, r0
802d7c74:	e3a01018 	mov	r1, #24
802d7c78:	e59f2014 	ldr	r2, [pc, #20]	; 802d7c94 <bsp_gps_set_power_mode+0x28>
802d7c7c:	e1a0000d 	mov	r0, sp
802d7c80:	eb000778 	bl	802d9a68 <__snprintf_from_arm>
802d7c84:	e1a0000d 	mov	r0, sp
802d7c88:	ebfffe3c 	bl	802d7580 <bsp_gps_send_nmea.part.7>
802d7c8c:	e28dd01c 	add	sp, sp, #28
802d7c90:	e49df004 	pop	{pc}		; (ldr pc, [sp], #4)
802d7c94:	802da6ee 	.word	0x802da6ee

802d7c98 <bsp_gps_set_uart_baudrate>:
802d7c98:	e52de004 	push	{lr}		; (str lr, [sp, #-4]!)
802d7c9c:	e1a03000 	mov	r3, r0
802d7ca0:	e24dd02c 	sub	sp, sp, #44	; 0x2c
802d7ca4:	e59f2018 	ldr	r2, [pc, #24]	; 802d7cc4 <bsp_gps_set_uart_baudrate+0x2c>
802d7ca8:	e3a01028 	mov	r1, #40	; 0x28
802d7cac:	e1a0000d 	mov	r0, sp
802d7cb0:	eb00076c 	bl	802d9a68 <__snprintf_from_arm>
802d7cb4:	e1a0000d 	mov	r0, sp
802d7cb8:	ebfffe30 	bl	802d7580 <bsp_gps_send_nmea.part.7>
802d7cbc:	e28dd02c 	add	sp, sp, #44	; 0x2c
802d7cc0:	e49df004 	pop	{pc}		; (ldr pc, [sp], #4)
802d7cc4:	802da6fb 	.word	0x802da6fb

802d7cc8 <bsp_gps_parse_nmea>:
802d7cc8:	e92d4ff8 	push	{r3, r4, r5, r6, r7, r8, r9, sl, fp, lr}
802d7ccc:	e1a05001 	mov	r5, r1
802d7cd0:	e16f1f11 	clz	r1, r1
802d7cd4:	e3500000 	cmp	r0, #0
802d7cd8:	e1a012a1 	lsr	r1, r1, #5
802d7cdc:	03a01001 	moveq	r1, #1
802d7ce0:	e3510000 	cmp	r1, #0
802d7ce4:	0a000001 	beq	802d7cf0 <bsp_gps_parse_nmea+0x28>
802d7ce8:	e3a00000 	mov	r0, #0
802d7cec:	e8bd8ff8 	pop	{r3, r4, r5, r6, r7, r8, r9, sl, fp, pc}
802d7cf0:	e5d03000 	ldrb	r3, [r0]
802d7cf4:	e3530024 	cmp	r3, #36	; 0x24
802d7cf8:	02802001 	addeq	r2, r0, #1
802d7cfc:	1afffff9 	bne	802d7ce8 <bsp_gps_parse_nmea+0x20>
802d7d00:	e1a0c002 	mov	ip, r2
802d7d04:	e4d23001 	ldrb	r3, [r2], #1
802d7d08:	e3530000 	cmp	r3, #0
802d7d0c:	1353002a 	cmpne	r3, #42	; 0x2a
802d7d10:	1a000067 	bne	802d7eb4 <bsp_gps_parse_nmea+0x1ec>
802d7d14:	e353002a 	cmp	r3, #42	; 0x2a
802d7d18:	1afffff2 	bne	802d7ce8 <bsp_gps_parse_nmea+0x20>
802d7d1c:	e5dc2001 	ldrb	r2, [ip, #1]
802d7d20:	e3520000 	cmp	r2, #0
802d7d24:	0affffef 	beq	802d7ce8 <bsp_gps_parse_nmea+0x20>
802d7d28:	e5dc3002 	ldrb	r3, [ip, #2]
802d7d2c:	e3530000 	cmp	r3, #0
802d7d30:	0affffec 	beq	802d7ce8 <bsp_gps_parse_nmea+0x20>
802d7d34:	e3520040 	cmp	r2, #64	; 0x40
802d7d38:	82422037 	subhi	r2, r2, #55	; 0x37
802d7d3c:	92422030 	subls	r2, r2, #48	; 0x30
802d7d40:	e3530040 	cmp	r3, #64	; 0x40
802d7d44:	82433037 	subhi	r3, r3, #55	; 0x37
802d7d48:	92433030 	subls	r3, r3, #48	; 0x30
802d7d4c:	e1833202 	orr	r3, r3, r2, lsl #4
802d7d50:	e6ef3073 	uxtb	r3, r3
802d7d54:	e1510003 	cmp	r1, r3
802d7d58:	1affffe2 	bne	802d7ce8 <bsp_gps_parse_nmea+0x20>
802d7d5c:	e59f126c 	ldr	r1, [pc, #620]	; 802d7fd0 <bsp_gps_parse_nmea+0x308>
802d7d60:	e1a04000 	mov	r4, r0
802d7d64:	eb00070d 	bl	802d99a0 <__strstr_from_arm>
802d7d68:	e3500000 	cmp	r0, #0
802d7d6c:	0a000052 	beq	802d7ebc <bsp_gps_parse_nmea+0x1f4>
802d7d70:	e3a01006 	mov	r1, #6
802d7d74:	e1a00004 	mov	r0, r4
802d7d78:	ebfffd2d 	bl	802d7234 <nmea_field>
802d7d7c:	e5d03000 	ldrb	r3, [r0]
802d7d80:	e3530000 	cmp	r3, #0
802d7d84:	0affffd7 	beq	802d7ce8 <bsp_gps_parse_nmea+0x20>
802d7d88:	eb00072e 	bl	802d9a48 <__atoi_from_arm>
802d7d8c:	e3500000 	cmp	r0, #0
802d7d90:	0affffd4 	beq	802d7ce8 <bsp_gps_parse_nmea+0x20>
802d7d94:	e3a01002 	mov	r1, #2
802d7d98:	e1a00004 	mov	r0, r4
802d7d9c:	ebfffd24 	bl	802d7234 <nmea_field>
802d7da0:	e3a01003 	mov	r1, #3
802d7da4:	e1a09000 	mov	r9, r0
802d7da8:	e1a00004 	mov	r0, r4
802d7dac:	ebfffd20 	bl	802d7234 <nmea_field>
802d7db0:	e3a01004 	mov	r1, #4
802d7db4:	e1a0b000 	mov	fp, r0
802d7db8:	e1a00004 	mov	r0, r4
802d7dbc:	ebfffd1c 	bl	802d7234 <nmea_field>
802d7dc0:	e3a01005 	mov	r1, #5
802d7dc4:	e1a07000 	mov	r7, r0
802d7dc8:	e1a00004 	mov	r0, r4
802d7dcc:	ebfffd18 	bl	802d7234 <nmea_field>
802d7dd0:	e3a01007 	mov	r1, #7
802d7dd4:	e1a08000 	mov	r8, r0
802d7dd8:	e1a00004 	mov	r0, r4
802d7ddc:	ebfffd14 	bl	802d7234 <nmea_field>
802d7de0:	e3a01008 	mov	r1, #8
802d7de4:	e1a0a000 	mov	sl, r0
802d7de8:	e1a00004 	mov	r0, r4
802d7dec:	ebfffd10 	bl	802d7234 <nmea_field>
802d7df0:	e3a01009 	mov	r1, #9
802d7df4:	e1a06000 	mov	r6, r0
802d7df8:	e1a00004 	mov	r0, r4
802d7dfc:	ebfffd0c 	bl	802d7234 <nmea_field>
802d7e00:	e5d93000 	ldrb	r3, [r9]
802d7e04:	e3530000 	cmp	r3, #0
802d7e08:	e1a04000 	mov	r4, r0
802d7e0c:	0affffb5 	beq	802d7ce8 <bsp_gps_parse_nmea+0x20>
802d7e10:	e5db1000 	ldrb	r1, [fp]
802d7e14:	e3510000 	cmp	r1, #0
802d7e18:	0affffb2 	beq	802d7ce8 <bsp_gps_parse_nmea+0x20>
802d7e1c:	e5d73000 	ldrb	r3, [r7]
802d7e20:	e3530000 	cmp	r3, #0
802d7e24:	0affffaf 	beq	802d7ce8 <bsp_gps_parse_nmea+0x20>
802d7e28:	e5d83000 	ldrb	r3, [r8]
802d7e2c:	e3530000 	cmp	r3, #0
802d7e30:	0affffac 	beq	802d7ce8 <bsp_gps_parse_nmea+0x20>
802d7e34:	e1a00009 	mov	r0, r9
802d7e38:	ebfffd5c 	bl	802d73b0 <nmea_parse_latlon>
802d7e3c:	e1c500f8 	strd	r0, [r5, #8]
802d7e40:	e1a00007 	mov	r0, r7
802d7e44:	e5d81000 	ldrb	r1, [r8]
802d7e48:	ebfffd58 	bl	802d73b0 <nmea_parse_latlon>
802d7e4c:	e1c500f0 	strd	r0, [r5]
802d7e50:	e1a0000a 	mov	r0, sl
802d7e54:	eb0006fb 	bl	802d9a48 <__atoi_from_arm>
802d7e58:	e585001c 	str	r0, [r5, #28]
802d7e5c:	e1a00004 	mov	r0, r4
802d7e60:	eb0006d8 	bl	802d99c8 <__atof_from_arm>
802d7e64:	eb0006e7 	bl	802d9a08 <____aeabi_d2f_from_arm>
802d7e68:	e5850018 	str	r0, [r5, #24]
802d7e6c:	e5d63000 	ldrb	r3, [r6]
802d7e70:	e3530000 	cmp	r3, #0
802d7e74:	0a000006 	beq	802d7e94 <bsp_gps_parse_nmea+0x1cc>
802d7e78:	e1a00006 	mov	r0, r6
802d7e7c:	eb0006d1 	bl	802d99c8 <__atof_from_arm>
802d7e80:	e59f314c 	ldr	r3, [pc, #332]	; 802d7fd4 <bsp_gps_parse_nmea+0x30c>
802d7e84:	e3a02000 	mov	r2, #0
802d7e88:	eb0006e0 	bl	802d9a10 <____aeabi_dmul_from_arm>
802d7e8c:	eb000705 	bl	802d9aa8 <____aeabi_d2iz_from_arm>
802d7e90:	e5850020 	str	r0, [r5, #32]
802d7e94:	e59f113c 	ldr	r1, [pc, #316]	; 802d7fd8 <bsp_gps_parse_nmea+0x310>
802d7e98:	e2850024 	add	r0, r5, #36	; 0x24
802d7e9c:	eb0006cb 	bl	802d99d0 <__strcpy_from_arm>
802d7ea0:	e59f1134 	ldr	r1, [pc, #308]	; 802d7fdc <bsp_gps_parse_nmea+0x314>
802d7ea4:	e285002c 	add	r0, r5, #44	; 0x2c
802d7ea8:	eb0006c8 	bl	802d99d0 <__strcpy_from_arm>
802d7eac:	e3a00001 	mov	r0, #1
802d7eb0:	e8bd8ff8 	pop	{r3, r4, r5, r6, r7, r8, r9, sl, fp, pc}
802d7eb4:	e0211003 	eor	r1, r1, r3
802d7eb8:	eaffff90 	b	802d7d00 <bsp_gps_parse_nmea+0x38>
802d7ebc:	e59f111c 	ldr	r1, [pc, #284]	; 802d7fe0 <bsp_gps_parse_nmea+0x318>
802d7ec0:	e1a00004 	mov	r0, r4
802d7ec4:	eb0006b5 	bl	802d99a0 <__strstr_from_arm>
802d7ec8:	e3500000 	cmp	r0, #0
802d7ecc:	0affff85 	beq	802d7ce8 <bsp_gps_parse_nmea+0x20>
802d7ed0:	e3a01002 	mov	r1, #2
802d7ed4:	e1a00004 	mov	r0, r4
802d7ed8:	ebfffcd5 	bl	802d7234 <nmea_field>
802d7edc:	e5d03000 	ldrb	r3, [r0]
802d7ee0:	e3530041 	cmp	r3, #65	; 0x41
802d7ee4:	1affff7f 	bne	802d7ce8 <bsp_gps_parse_nmea+0x20>
802d7ee8:	e3a01003 	mov	r1, #3
802d7eec:	e1a00004 	mov	r0, r4
802d7ef0:	ebfffccf 	bl	802d7234 <nmea_field>
802d7ef4:	e3a01004 	mov	r1, #4
802d7ef8:	e1a08000 	mov	r8, r0
802d7efc:	e1a00004 	mov	r0, r4
802d7f00:	ebfffccb 	bl	802d7234 <nmea_field>
802d7f04:	e3a01005 	mov	r1, #5
802d7f08:	e1a0a000 	mov	sl, r0
802d7f0c:	e1a00004 	mov	r0, r4
802d7f10:	ebfffcc7 	bl	802d7234 <nmea_field>
802d7f14:	e3a01006 	mov	r1, #6
802d7f18:	e1a06000 	mov	r6, r0
802d7f1c:	e1a00004 	mov	r0, r4
802d7f20:	ebfffcc3 	bl	802d7234 <nmea_field>
802d7f24:	e3a01007 	mov	r1, #7
802d7f28:	e1a07000 	mov	r7, r0
802d7f2c:	e1a00004 	mov	r0, r4
802d7f30:	ebfffcbf 	bl	802d7234 <nmea_field>
802d7f34:	e3a01008 	mov	r1, #8
802d7f38:	e1a09000 	mov	r9, r0
802d7f3c:	e1a00004 	mov	r0, r4
802d7f40:	ebfffcbb 	bl	802d7234 <nmea_field>
802d7f44:	e5d83000 	ldrb	r3, [r8]
802d7f48:	e3530000 	cmp	r3, #0
802d7f4c:	e1a04000 	mov	r4, r0
802d7f50:	0affff64 	beq	802d7ce8 <bsp_gps_parse_nmea+0x20>
802d7f54:	e5da1000 	ldrb	r1, [sl]
802d7f58:	e3510000 	cmp	r1, #0
802d7f5c:	0affff61 	beq	802d7ce8 <bsp_gps_parse_nmea+0x20>
802d7f60:	e5d63000 	ldrb	r3, [r6]
802d7f64:	e3530000 	cmp	r3, #0
802d7f68:	0affff5e 	beq	802d7ce8 <bsp_gps_parse_nmea+0x20>
802d7f6c:	e5d73000 	ldrb	r3, [r7]
802d7f70:	e3530000 	cmp	r3, #0
802d7f74:	0affff5b 	beq	802d7ce8 <bsp_gps_parse_nmea+0x20>
802d7f78:	e1a00008 	mov	r0, r8
802d7f7c:	ebfffd0b 	bl	802d73b0 <nmea_parse_latlon>
802d7f80:	e1c500f8 	strd	r0, [r5, #8]
802d7f84:	e1a00006 	mov	r0, r6
802d7f88:	e5d71000 	ldrb	r1, [r7]
802d7f8c:	ebfffd07 	bl	802d73b0 <nmea_parse_latlon>
802d7f90:	e1c500f0 	strd	r0, [r5]
802d7f94:	e1a00009 	mov	r0, r9
802d7f98:	eb00068a 	bl	802d99c8 <__atof_from_arm>
802d7f9c:	e59f2040 	ldr	r2, [pc, #64]	; 802d7fe4 <bsp_gps_parse_nmea+0x31c>
802d7fa0:	e59f3040 	ldr	r3, [pc, #64]	; 802d7fe8 <bsp_gps_parse_nmea+0x320>
802d7fa4:	eb000699 	bl	802d9a10 <____aeabi_dmul_from_arm>
802d7fa8:	e59f203c 	ldr	r2, [pc, #60]	; 802d7fec <bsp_gps_parse_nmea+0x324>
802d7fac:	e59f303c 	ldr	r3, [pc, #60]	; 802d7ff0 <bsp_gps_parse_nmea+0x328>
802d7fb0:	eb000672 	bl	802d9980 <____aeabi_ddiv_from_arm>
802d7fb4:	eb000693 	bl	802d9a08 <____aeabi_d2f_from_arm>
802d7fb8:	e5850010 	str	r0, [r5, #16]
802d7fbc:	e1a00004 	mov	r0, r4
802d7fc0:	eb000680 	bl	802d99c8 <__atof_from_arm>
802d7fc4:	eb00068f 	bl	802d9a08 <____aeabi_d2f_from_arm>
802d7fc8:	e5850014 	str	r0, [r5, #20]
802d7fcc:	eaffffb0 	b	802d7e94 <bsp_gps_parse_nmea+0x1cc>
802d7fd0:	802da6db 	.word	0x802da6db
802d7fd4:	40240000 	.word	0x40240000
802d7fd8:	802d9eb4 	.word	0x802d9eb4
802d7fdc:	802d9eae 	.word	0x802d9eae
802d7fe0:	802da6df 	.word	0x802da6df
802d7fe4:	c083126f 	.word	0xc083126f
802d7fe8:	3ffda1ca 	.word	0x3ffda1ca
802d7fec:	cccccccd 	.word	0xcccccccd
802d7ff0:	400ccccc 	.word	0x400ccccc

802d7ff4 <bsp_init>:
802d7ff4:	e92d4030 	push	{r4, r5, lr}
802d7ff8:	e3a00000 	mov	r0, #0
802d7ffc:	e24dd01c 	sub	sp, sp, #28
802d8000:	e3a04002 	mov	r4, #2
802d8004:	e28d1004 	add	r1, sp, #4
802d8008:	e1cd00b4 	strh	r0, [sp, #4]
802d800c:	e5cd4006 	strb	r4, [sp, #6]
802d8010:	eb00065c 	bl	802d9988 <__cm_gpio_init_veneer>
802d8014:	e2505000 	subs	r5, r0, #0
802d8018:	0a000024 	beq	802d80b0 <bsp_init+0xbc>
802d801c:	e59f1118 	ldr	r1, [pc, #280]	; 802d813c <bsp_init+0x148>
802d8020:	e3e05000 	mvn	r5, #0
802d8024:	e59f0114 	ldr	r0, [pc, #276]	; 802d8140 <bsp_init+0x14c>
802d8028:	eb00062a 	bl	802d98d8 <__app_log_output_veneer>
802d802c:	e3a01001 	mov	r1, #1
802d8030:	e3a00021 	mov	r0, #33	; 0x21
802d8034:	eb000649 	bl	802d9960 <__cm_iomux_set_pin_func_veneer>
802d8038:	e3a03000 	mov	r3, #0
802d803c:	e3a00013 	mov	r0, #19
802d8040:	e28d1008 	add	r1, sp, #8
802d8044:	e1cd30b8 	strh	r3, [sp, #8]
802d8048:	e5cd300a 	strb	r3, [sp, #10]
802d804c:	e3a03001 	mov	r3, #1
802d8050:	e5cd3009 	strb	r3, [sp, #9]
802d8054:	eb00064b 	bl	802d9988 <__cm_gpio_init_veneer>
802d8058:	e2504000 	subs	r4, r0, #0
802d805c:	13e04000 	mvnne	r4, #0
802d8060:	1a000002 	bne	802d8070 <bsp_init+0x7c>
802d8064:	e1a01004 	mov	r1, r4
802d8068:	e3a00013 	mov	r0, #19
802d806c:	eb000627 	bl	802d9910 <__cm_gpio_set_level_veneer>
802d8070:	e3a0101e 	mov	r1, #30
802d8074:	e3a00010 	mov	r0, #16
802d8078:	ebfffc86 	bl	802d7298 <bsp_rgb_init_one>
802d807c:	e1844005 	orr	r4, r4, r5
802d8080:	e3500000 	cmp	r0, #0
802d8084:	0a000020 	beq	802d810c <bsp_init+0x118>
802d8088:	e3e00000 	mvn	r0, #0
802d808c:	e1944000 	orrs	r4, r4, r0
802d8090:	0a000003 	beq	802d80a4 <bsp_init+0xb0>
802d8094:	e59f10a8 	ldr	r1, [pc, #168]	; 802d8144 <bsp_init+0x150>
802d8098:	e1a02004 	mov	r2, r4
802d809c:	e59f00a4 	ldr	r0, [pc, #164]	; 802d8148 <bsp_init+0x154>
802d80a0:	eb00060c 	bl	802d98d8 <__app_log_output_veneer>
802d80a4:	e1a00004 	mov	r0, r4
802d80a8:	e28dd01c 	add	sp, sp, #28
802d80ac:	e8bd8030 	pop	{r4, r5, pc}
802d80b0:	e59f1094 	ldr	r1, [pc, #148]	; 802d814c <bsp_init+0x158>
802d80b4:	eb00064f 	bl	802d99f8 <__cm_gpio_interrupt_register_veneer>
802d80b8:	e1a01004 	mov	r1, r4
802d80bc:	e59f408c 	ldr	r4, [pc, #140]	; 802d8150 <bsp_init+0x15c>
802d80c0:	e1a00005 	mov	r0, r5
802d80c4:	eb00063b 	bl	802d99b8 <__cm_gpio_interrupt_enable_veneer>
802d80c8:	e5943000 	ldr	r3, [r4]
802d80cc:	e3530000 	cmp	r3, #0
802d80d0:	1affffd5 	bne	802d802c <bsp_init+0x38>
802d80d4:	e59f3078 	ldr	r3, [pc, #120]	; 802d8154 <bsp_init+0x160>
802d80d8:	e1a02005 	mov	r2, r5
802d80dc:	e58d3008 	str	r3, [sp, #8]
802d80e0:	e3a01001 	mov	r1, #1
802d80e4:	e59f006c 	ldr	r0, [pc, #108]	; 802d8158 <bsp_init+0x164>
802d80e8:	e28d3008 	add	r3, sp, #8
802d80ec:	e58d500c 	str	r5, [sp, #12]
802d80f0:	e58d5010 	str	r5, [sp, #16]
802d80f4:	e58d5014 	str	r5, [sp, #20]
802d80f8:	eb000678 	bl	802d9ae0 <__osTimerNew_veneer>
802d80fc:	e3a01004 	mov	r1, #4
802d8100:	e5840000 	str	r0, [r4]
802d8104:	eb000661 	bl	802d9a90 <__osTimerStart_veneer>
802d8108:	eaffffc7 	b	802d802c <bsp_init+0x38>
802d810c:	e3a0101f 	mov	r1, #31
802d8110:	e3a00011 	mov	r0, #17
802d8114:	ebfffc5f 	bl	802d7298 <bsp_rgb_init_one>
802d8118:	e3500000 	cmp	r0, #0
802d811c:	1affffd9 	bne	802d8088 <bsp_init+0x94>
802d8120:	e3a01020 	mov	r1, #32
802d8124:	e3a00012 	mov	r0, #18
802d8128:	ebfffc5a 	bl	802d7298 <bsp_rgb_init_one>
802d812c:	e2900000 	adds	r0, r0, #0
802d8130:	13a00001 	movne	r0, #1
802d8134:	e2600000 	rsb	r0, r0, #0
802d8138:	eaffffd3 	b	802d808c <bsp_init+0x98>
802d813c:	802da70d 	.word	0x802da70d
802d8140:	802d9bba 	.word	0x802d9bba
802d8144:	802da726 	.word	0x802da726
802d8148:	802d9def 	.word	0x802d9def
802d814c:	802d7230 	.word	0x802d7230
802d8150:	7e1ddcc4 	.word	0x7e1ddcc4
802d8154:	802da720 	.word	0x802da720
802d8158:	802d74c4 	.word	0x802d74c4

802d815c <storage_write_file>:
802d815c:	e92d41f0 	push	{r4, r5, r6, r7, r8, lr}
802d8160:	e1a06001 	mov	r6, r1
802d8164:	e3a01001 	mov	r1, #1
802d8168:	e1a07000 	mov	r7, r0
802d816c:	e1a04002 	mov	r4, r2
802d8170:	eb000638 	bl	802d9a58 <__cm_fs_open_veneer>
802d8174:	e2505000 	subs	r5, r0, #0
802d8178:	aa000006 	bge	802d8198 <storage_write_file+0x3c>
802d817c:	e1a03005 	mov	r3, r5
802d8180:	e1a02007 	mov	r2, r7
802d8184:	e59f1030 	ldr	r1, [pc, #48]	; 802d81bc <storage_write_file+0x60>
802d8188:	e59f0030 	ldr	r0, [pc, #48]	; 802d81c0 <storage_write_file+0x64>
802d818c:	eb0005d1 	bl	802d98d8 <__app_log_output_veneer>
802d8190:	e3e00000 	mvn	r0, #0
802d8194:	e8bd81f0 	pop	{r4, r5, r6, r7, r8, pc}
802d8198:	e1a01006 	mov	r1, r6
802d819c:	e1a02004 	mov	r2, r4
802d81a0:	eb000634 	bl	802d9a78 <__cm_fs_write_veneer>
802d81a4:	e1a06000 	mov	r6, r0
802d81a8:	e1a00005 	mov	r0, r5
802d81ac:	eb000609 	bl	802d99d8 <__cm_fs_close_veneer>
802d81b0:	e0540006 	subs	r0, r4, r6
802d81b4:	13e00000 	mvnne	r0, #0
802d81b8:	e8bd81f0 	pop	{r4, r5, r6, r7, r8, pc}
802d81bc:	802da757 	.word	0x802da757
802d81c0:	802d9bba 	.word	0x802d9bba

802d81c4 <app_storage_save_boot_info>:
802d81c4:	e92d4030 	push	{r4, r5, lr}
802d81c8:	e3a02024 	mov	r2, #36	; 0x24
802d81cc:	e24dd02c 	sub	sp, sp, #44	; 0x2c
802d81d0:	e1a04000 	mov	r4, r0
802d81d4:	e1a05001 	mov	r5, r1
802d81d8:	e3a01000 	mov	r1, #0
802d81dc:	e28d0004 	add	r0, sp, #4
802d81e0:	eb0005d0 	bl	802d9928 <__memset_from_arm>
802d81e4:	e3540000 	cmp	r4, #0
802d81e8:	0a000003 	beq	802d81fc <app_storage_save_boot_info+0x38>
802d81ec:	e3a0201f 	mov	r2, #31
802d81f0:	e1a01004 	mov	r1, r4
802d81f4:	e28d0004 	add	r0, sp, #4
802d81f8:	eb0005fc 	bl	802d99f0 <__strncpy_from_arm>
802d81fc:	e3a02024 	mov	r2, #36	; 0x24
802d8200:	e28d1004 	add	r1, sp, #4
802d8204:	e59f000c 	ldr	r0, [pc, #12]	; 802d8218 <app_storage_save_boot_info+0x54>
802d8208:	e58d5024 	str	r5, [sp, #36]	; 0x24
802d820c:	ebffffd2 	bl	802d815c <storage_write_file>
802d8210:	e28dd02c 	add	sp, sp, #44	; 0x2c
802d8214:	e8bd8030 	pop	{r4, r5, pc}
802d8218:	802da74a 	.word	0x802da74a

802d821c <lock>:
802d821c:	e59f3010 	ldr	r3, [pc, #16]	; 802d8234 <lock+0x18>
802d8220:	e5930000 	ldr	r0, [r3]
802d8224:	e3500000 	cmp	r0, #0
802d8228:	012fff1e 	bxeq	lr
802d822c:	e3e01000 	mvn	r1, #0
802d8230:	ea00060a 	b	802d9a60 <__osMutexAcquire_veneer>
802d8234:	7e1ddcf0 	.word	0x7e1ddcf0

802d8238 <unlock>:
802d8238:	e59f300c 	ldr	r3, [pc, #12]	; 802d824c <unlock+0x14>
802d823c:	e5930000 	ldr	r0, [r3]
802d8240:	e3500000 	cmp	r0, #0
802d8244:	012fff1e 	bxeq	lr
802d8248:	ea000608 	b	802d9a70 <__osMutexRelease_veneer>
802d824c:	7e1ddcf0 	.word	0x7e1ddcf0

802d8250 <app_offline_cache_init>:
802d8250:	e92d4030 	push	{r4, r5, lr}
802d8254:	e59f4074 	ldr	r4, [pc, #116]	; 802d82d0 <app_offline_cache_init+0x80>
802d8258:	e24dd014 	sub	sp, sp, #20
802d825c:	e5943000 	ldr	r3, [r4]
802d8260:	e3530000 	cmp	r3, #0
802d8264:	1a000007 	bne	802d8288 <app_offline_cache_init+0x38>
802d8268:	e58d3004 	str	r3, [sp, #4]
802d826c:	e1a0000d 	mov	r0, sp
802d8270:	e58d3008 	str	r3, [sp, #8]
802d8274:	e58d300c 	str	r3, [sp, #12]
802d8278:	e59f3054 	ldr	r3, [pc, #84]	; 802d82d4 <app_offline_cache_init+0x84>
802d827c:	e58d3000 	str	r3, [sp]
802d8280:	eb0005e4 	bl	802d9a18 <__osMutexNew_veneer>
802d8284:	e5840000 	str	r0, [r4]
802d8288:	e59f5048 	ldr	r5, [pc, #72]	; 802d82d8 <app_offline_cache_init+0x88>
802d828c:	e3a04000 	mov	r4, #0
802d8290:	ebffffe1 	bl	802d821c <lock>
802d8294:	e1a01004 	mov	r1, r4
802d8298:	e59f003c 	ldr	r0, [pc, #60]	; 802d82dc <app_offline_cache_init+0x8c>
802d829c:	e30428a8 	movw	r2, #18600	; 0x48a8
802d82a0:	e5854000 	str	r4, [r5]
802d82a4:	e5854004 	str	r4, [r5, #4]
802d82a8:	e5854008 	str	r4, [r5, #8]
802d82ac:	eb00059d 	bl	802d9928 <__memset_from_arm>
802d82b0:	ebffffe0 	bl	802d8238 <unlock>
802d82b4:	e5952008 	ldr	r2, [r5, #8]
802d82b8:	e59f1020 	ldr	r1, [pc, #32]	; 802d82e0 <app_offline_cache_init+0x90>
802d82bc:	e59f0020 	ldr	r0, [pc, #32]	; 802d82e4 <app_offline_cache_init+0x94>
802d82c0:	eb000584 	bl	802d98d8 <__app_log_output_veneer>
802d82c4:	e1a00004 	mov	r0, r4
802d82c8:	e28dd014 	add	sp, sp, #20
802d82cc:	e8bd8030 	pop	{r4, r5, pc}
802d82d0:	7e1ddcf0 	.word	0x7e1ddcf0
802d82d4:	802da76d 	.word	0x802da76d
802d82d8:	7e1ddce4 	.word	0x7e1ddce4
802d82dc:	7e1ddcf4 	.word	0x7e1ddcf4
802d82e0:	802da775 	.word	0x802da775
802d82e4:	802d9dc5 	.word	0x802d9dc5

802d82e8 <app_offline_cache_push>:
802d82e8:	e92d41f0 	push	{r4, r5, r6, r7, r8, lr}
802d82ec:	e2507000 	subs	r7, r0, #0
802d82f0:	0a000023 	beq	802d8384 <app_offline_cache_push+0x9c>
802d82f4:	e59f4090 	ldr	r4, [pc, #144]	; 802d838c <app_offline_cache_push+0xa4>
802d82f8:	ebffffc7 	bl	802d821c <lock>
802d82fc:	e59f008c 	ldr	r0, [pc, #140]	; 802d8390 <app_offline_cache_push+0xa8>
802d8300:	e3a02f9b 	mov	r2, #620	; 0x26c
802d8304:	e5946008 	ldr	r6, [r4, #8]
802d8308:	e356001d 	cmp	r6, #29
802d830c:	9a000010 	bls	802d8354 <app_offline_cache_push+0x6c>
802d8310:	e5945000 	ldr	r5, [r4]
802d8314:	e1a01007 	mov	r1, r7
802d8318:	e0200592 	mla	r0, r2, r5, r0
802d831c:	eb0005ed 	bl	802d9ad8 <__memcpy_from_arm>
802d8320:	e3a0301e 	mov	r3, #30
802d8324:	e2855001 	add	r5, r5, #1
802d8328:	e732f315 	udiv	r2, r5, r3
802d832c:	e0655293 	mls	r5, r3, r2, r5
802d8330:	e5942004 	ldr	r2, [r4, #4]
802d8334:	e5845000 	str	r5, [r4]
802d8338:	e2822001 	add	r2, r2, #1
802d833c:	e731f312 	udiv	r1, r2, r3
802d8340:	e0632193 	mls	r3, r3, r1, r2
802d8344:	e5843004 	str	r3, [r4, #4]
802d8348:	ebffffba 	bl	802d8238 <unlock>
802d834c:	e3a00000 	mov	r0, #0
802d8350:	e8bd81f0 	pop	{r4, r5, r6, r7, r8, pc}
802d8354:	e5945004 	ldr	r5, [r4, #4]
802d8358:	e1a01007 	mov	r1, r7
802d835c:	e2866001 	add	r6, r6, #1
802d8360:	e0200592 	mla	r0, r2, r5, r0
802d8364:	eb0005db 	bl	802d9ad8 <__memcpy_from_arm>
802d8368:	e3a0201e 	mov	r2, #30
802d836c:	e2855001 	add	r5, r5, #1
802d8370:	e5846008 	str	r6, [r4, #8]
802d8374:	e733f215 	udiv	r3, r5, r2
802d8378:	e0655392 	mls	r5, r2, r3, r5
802d837c:	e5845004 	str	r5, [r4, #4]
802d8380:	eafffff0 	b	802d8348 <app_offline_cache_push+0x60>
802d8384:	e3e00000 	mvn	r0, #0
802d8388:	e8bd81f0 	pop	{r4, r5, r6, r7, r8, pc}
802d838c:	7e1ddce4 	.word	0x7e1ddce4
802d8390:	7e1ddcf4 	.word	0x7e1ddcf4

802d8394 <app_offline_cache_pop>:
802d8394:	e92d41f0 	push	{r4, r5, r6, r7, r8, lr}
802d8398:	e2507000 	subs	r7, r0, #0
802d839c:	0a000005 	beq	802d83b8 <app_offline_cache_pop+0x24>
802d83a0:	e59f5058 	ldr	r5, [pc, #88]	; 802d8400 <app_offline_cache_pop+0x6c>
802d83a4:	ebffff9c 	bl	802d821c <lock>
802d83a8:	e5956008 	ldr	r6, [r5, #8]
802d83ac:	e3560000 	cmp	r6, #0
802d83b0:	1a000002 	bne	802d83c0 <app_offline_cache_pop+0x2c>
802d83b4:	ebffff9f 	bl	802d8238 <unlock>
802d83b8:	e3e00000 	mvn	r0, #0
802d83bc:	e8bd81f0 	pop	{r4, r5, r6, r7, r8, pc}
802d83c0:	e5954000 	ldr	r4, [r5]
802d83c4:	e3a02f9b 	mov	r2, #620	; 0x26c
802d83c8:	e59f1034 	ldr	r1, [pc, #52]	; 802d8404 <app_offline_cache_pop+0x70>
802d83cc:	e1a00007 	mov	r0, r7
802d83d0:	e2466001 	sub	r6, r6, #1
802d83d4:	e0211492 	mla	r1, r2, r4, r1
802d83d8:	eb0005be 	bl	802d9ad8 <__memcpy_from_arm>
802d83dc:	e3a0201e 	mov	r2, #30
802d83e0:	e2844001 	add	r4, r4, #1
802d83e4:	e5856008 	str	r6, [r5, #8]
802d83e8:	e733f214 	udiv	r3, r4, r2
802d83ec:	e0644392 	mls	r4, r2, r3, r4
802d83f0:	e5854000 	str	r4, [r5]
802d83f4:	ebffff8f 	bl	802d8238 <unlock>
802d83f8:	e3a00000 	mov	r0, #0
802d83fc:	e8bd81f0 	pop	{r4, r5, r6, r7, r8, pc}
802d8400:	7e1ddce4 	.word	0x7e1ddce4
802d8404:	7e1ddcf4 	.word	0x7e1ddcf4

802d8408 <app_offline_cache_count>:
802d8408:	e92d4010 	push	{r4, lr}
802d840c:	ebffff82 	bl	802d821c <lock>
802d8410:	e59f300c 	ldr	r3, [pc, #12]	; 802d8424 <app_offline_cache_count+0x1c>
802d8414:	e5934008 	ldr	r4, [r3, #8]
802d8418:	ebffff86 	bl	802d8238 <unlock>
802d841c:	e1a00004 	mov	r0, r4
802d8420:	e8bd8010 	pop	{r4, pc}
802d8424:	7e1ddce4 	.word	0x7e1ddce4

802d8428 <app_offline_cache_replay_step>:
802d8428:	e92d4030 	push	{r4, r5, lr}
802d842c:	e2505000 	subs	r5, r0, #0
802d8430:	e24ddf9d 	sub	sp, sp, #628	; 0x274
802d8434:	03e04000 	mvneq	r4, #0
802d8438:	0a000006 	beq	802d8458 <app_offline_cache_replay_step+0x30>
802d843c:	e28d0004 	add	r0, sp, #4
802d8440:	ebffffd3 	bl	802d8394 <app_offline_cache_pop>
802d8444:	e2504000 	subs	r4, r0, #0
802d8448:	13a04001 	movne	r4, #1
802d844c:	1a000001 	bne	802d8458 <app_offline_cache_replay_step+0x30>
802d8450:	e28d0004 	add	r0, sp, #4
802d8454:	e12fff35 	blx	r5
802d8458:	e1a00004 	mov	r0, r4
802d845c:	e28ddf9d 	add	sp, sp, #628	; 0x274
802d8460:	e8bd8030 	pop	{r4, r5, pc}

802d8464 <http_cb>:
802d8464:	e2411002 	sub	r1, r1, #2
802d8468:	e92d4010 	push	{r4, lr}
802d846c:	e1a04002 	mov	r4, r2
802d8470:	e3510003 	cmp	r1, #3
802d8474:	979ff101 	ldrls	pc, [pc, r1, lsl #2]
802d8478:	ea000034 	b	802d8550 <http_cb+0xec>
802d847c:	802d848c 	.word	0x802d848c
802d8480:	802d84a0 	.word	0x802d84a0
802d8484:	802d8518 	.word	0x802d8518
802d8488:	802d8554 	.word	0x802d8554
802d848c:	e1d220b0 	ldrh	r2, [r2]
802d8490:	e59f10ec 	ldr	r1, [pc, #236]	; 802d8584 <http_cb+0x120>
802d8494:	e59f00ec 	ldr	r0, [pc, #236]	; 802d8588 <http_cb+0x124>
802d8498:	e8bd4010 	pop	{r4, lr}
802d849c:	ea00050d 	b	802d98d8 <__app_log_output_veneer>
802d84a0:	e5921008 	ldr	r1, [r2, #8]
802d84a4:	e3510000 	cmp	r1, #0
802d84a8:	08bd8010 	popeq	{r4, pc}
802d84ac:	e592000c 	ldr	r0, [r2, #12]
802d84b0:	e3500000 	cmp	r0, #0
802d84b4:	08bd8010 	popeq	{r4, pc}
802d84b8:	eb00058e 	bl	802d9af8 <__cm_ota_firmware_write_veneer>
802d84bc:	e2502000 	subs	r2, r0, #0
802d84c0:	0a000002 	beq	802d84d0 <http_cb+0x6c>
802d84c4:	e59f10c0 	ldr	r1, [pc, #192]	; 802d858c <http_cb+0x128>
802d84c8:	e59f00c0 	ldr	r0, [pc, #192]	; 802d8590 <http_cb+0x12c>
802d84cc:	eb000501 	bl	802d98d8 <__app_log_output_veneer>
802d84d0:	e59f20bc 	ldr	r2, [pc, #188]	; 802d8594 <http_cb+0x130>
802d84d4:	e5943008 	ldr	r3, [r4, #8]
802d84d8:	e592e100 	ldr	lr, [r2, #256]	; 0x100
802d84dc:	e592110c 	ldr	r1, [r2, #268]	; 0x10c
802d84e0:	e35e0000 	cmp	lr, #0
802d84e4:	e0813003 	add	r3, r1, r3
802d84e8:	e582310c 	str	r3, [r2, #268]	; 0x10c
802d84ec:	08bd8010 	popeq	{r4, pc}
802d84f0:	e5922108 	ldr	r2, [r2, #264]	; 0x108
802d84f4:	e3a00002 	mov	r0, #2
802d84f8:	e3520000 	cmp	r2, #0
802d84fc:	c3a01064 	movgt	r1, #100	; 0x64
802d8500:	d3a01000 	movle	r1, #0
802d8504:	c0010391 	mulgt	r1, r1, r3
802d8508:	e1a0300e 	mov	r3, lr
802d850c:	e8bd4010 	pop	{r4, lr}
802d8510:	c711f211 	sdivgt	r1, r1, r2
802d8514:	e12fff13 	bx	r3
802d8518:	e59f4074 	ldr	r4, [pc, #116]	; 802d8594 <http_cb+0x130>
802d851c:	e59f1074 	ldr	r1, [pc, #116]	; 802d8598 <http_cb+0x134>
802d8520:	e59f0060 	ldr	r0, [pc, #96]	; 802d8588 <http_cb+0x124>
802d8524:	e594210c 	ldr	r2, [r4, #268]	; 0x10c
802d8528:	eb0004ea 	bl	802d98d8 <__app_log_output_veneer>
802d852c:	e5943100 	ldr	r3, [r4, #256]	; 0x100
802d8530:	e3530000 	cmp	r3, #0
802d8534:	0a000002 	beq	802d8544 <http_cb+0xe0>
802d8538:	e3a01064 	mov	r1, #100	; 0x64
802d853c:	e3a00003 	mov	r0, #3
802d8540:	e12fff33 	blx	r3
802d8544:	eb000525 	bl	802d99e0 <__cm_ota_upgrade_veneer>
802d8548:	e3a03000 	mov	r3, #0
802d854c:	e5c43104 	strb	r3, [r4, #260]	; 0x104
802d8550:	e8bd8010 	pop	{r4, pc}
802d8554:	e59f1040 	ldr	r1, [pc, #64]	; 802d859c <http_cb+0x138>
802d8558:	e59f0030 	ldr	r0, [pc, #48]	; 802d8590 <http_cb+0x12c>
802d855c:	eb0004dd 	bl	802d98d8 <__app_log_output_veneer>
802d8560:	e59f302c 	ldr	r3, [pc, #44]	; 802d8594 <http_cb+0x130>
802d8564:	e1a04003 	mov	r4, r3
802d8568:	e5932100 	ldr	r2, [r3, #256]	; 0x100
802d856c:	e3520000 	cmp	r2, #0
802d8570:	0afffff4 	beq	802d8548 <http_cb+0xe4>
802d8574:	e3a01000 	mov	r1, #0
802d8578:	e3a00004 	mov	r0, #4
802d857c:	e12fff32 	blx	r2
802d8580:	eafffff0 	b	802d8548 <http_cb+0xe4>
802d8584:	802da7a5 	.word	0x802da7a5
802d8588:	802d9dc5 	.word	0x802d9dc5
802d858c:	802da7bb 	.word	0x802da7bb
802d8590:	802d9bba 	.word	0x802d9bba
802d8594:	7e1e259c 	.word	0x7e1e259c
802d8598:	802da7cd 	.word	0x802da7cd
802d859c:	802da7eb 	.word	0x802da7eb

802d85a0 <ota_task>:
802d85a0:	e92d41f0 	push	{r4, r5, r6, r7, r8, lr}
802d85a4:	e3a020ff 	mov	r2, #255	; 0xff
802d85a8:	e24ddd0b 	sub	sp, sp, #704	; 0x2c0
802d85ac:	e3a05000 	mov	r5, #0
802d85b0:	e28d00c0 	add	r0, sp, #192	; 0xc0
802d85b4:	e59f12e8 	ldr	r1, [pc, #744]	; 802d88a4 <ota_task+0x304>
802d85b8:	eb00050c 	bl	802d99f0 <__strncpy_from_arm>
802d85bc:	e3a02008 	mov	r2, #8
802d85c0:	e59f12e0 	ldr	r1, [pc, #736]	; 802d88a8 <ota_task+0x308>
802d85c4:	e28d00c0 	add	r0, sp, #192	; 0xc0
802d85c8:	e5cd51bf 	strb	r5, [sp, #447]	; 0x1bf
802d85cc:	eb0004ef 	bl	802d9990 <__strncmp_from_arm>
802d85d0:	e1500005 	cmp	r0, r5
802d85d4:	030071bb 	movweq	r7, #443	; 0x1bb
802d85d8:	03a05001 	moveq	r5, #1
802d85dc:	028d40c8 	addeq	r4, sp, #200	; 0xc8
802d85e0:	0a000008 	beq	802d8608 <ota_task+0x68>
802d85e4:	e3a02007 	mov	r2, #7
802d85e8:	e28d00c0 	add	r0, sp, #192	; 0xc0
802d85ec:	e59f12b8 	ldr	r1, [pc, #696]	; 802d88ac <ota_task+0x30c>
802d85f0:	e3a07050 	mov	r7, #80	; 0x50
802d85f4:	eb0004e5 	bl	802d9990 <__strncmp_from_arm>
802d85f8:	e3500000 	cmp	r0, #0
802d85fc:	01a05000 	moveq	r5, r0
802d8600:	028d40c7 	addeq	r4, sp, #199	; 0xc7
802d8604:	128d40c0 	addne	r4, sp, #192	; 0xc0
802d8608:	e3a01000 	mov	r1, #0
802d860c:	e28d8040 	add	r8, sp, #64	; 0x40
802d8610:	e3a02080 	mov	r2, #128	; 0x80
802d8614:	e1a00008 	mov	r0, r8
802d8618:	eb0004c2 	bl	802d9928 <__memset_from_arm>
802d861c:	e1a01008 	mov	r1, r8
802d8620:	e3a03000 	mov	r3, #0
802d8624:	e1a00004 	mov	r0, r4
802d8628:	e4d02001 	ldrb	r2, [r0], #1
802d862c:	e1a06004 	mov	r6, r4
802d8630:	e3520000 	cmp	r2, #0
802d8634:	1352003a 	cmpne	r2, #58	; 0x3a
802d8638:	0a000005 	beq	802d8654 <ota_task+0xb4>
802d863c:	e352002f 	cmp	r2, #47	; 0x2f
802d8640:	0a000003 	beq	802d8654 <ota_task+0xb4>
802d8644:	e2833001 	add	r3, r3, #1
802d8648:	e3530080 	cmp	r3, #128	; 0x80
802d864c:	1a00002b 	bne	802d8700 <ota_task+0x160>
802d8650:	e3a0307f 	mov	r3, #127	; 0x7f
802d8654:	e28d1d0b 	add	r1, sp, #704	; 0x2c0
802d8658:	e0813003 	add	r3, r1, r3
802d865c:	e3a01000 	mov	r1, #0
802d8660:	e352003a 	cmp	r2, #58	; 0x3a
802d8664:	e5431280 	strb	r1, [r3, #-640]	; 0xfffffd80
802d8668:	1a000007 	bne	802d868c <ota_task+0xec>
802d866c:	e3a0200a 	mov	r2, #10
802d8670:	eb0004b8 	bl	802d9958 <__strtol_from_arm>
802d8674:	e6ff7070 	uxth	r7, r0
802d8678:	e1a06004 	mov	r6, r4
802d867c:	e4d43001 	ldrb	r3, [r4], #1
802d8680:	e3530000 	cmp	r3, #0
802d8684:	1353002f 	cmpne	r3, #47	; 0x2f
802d8688:	1afffffa 	bne	802d8678 <ota_task+0xd8>
802d868c:	e5d62000 	ldrb	r2, [r6]
802d8690:	e59f3218 	ldr	r3, [pc, #536]	; 802d88b0 <ota_task+0x310>
802d8694:	e58d7004 	str	r7, [sp, #4]
802d8698:	e352002f 	cmp	r2, #47	; 0x2f
802d869c:	11a06003 	movne	r6, r3
802d86a0:	e3550000 	cmp	r5, #0
802d86a4:	e59f2208 	ldr	r2, [pc, #520]	; 802d88b4 <ota_task+0x314>
802d86a8:	e3a01c01 	mov	r1, #256	; 0x100
802d86ac:	e59f3204 	ldr	r3, [pc, #516]	; 802d88b8 <ota_task+0x318>
802d86b0:	e28d0d07 	add	r0, sp, #448	; 0x1c0
802d86b4:	e58d8000 	str	r8, [sp]
802d86b8:	11a03002 	movne	r3, r2
802d86bc:	e59f21f8 	ldr	r2, [pc, #504]	; 802d88bc <ota_task+0x31c>
802d86c0:	e3a08000 	mov	r8, #0
802d86c4:	eb0004e7 	bl	802d9a68 <__snprintf_from_arm>
802d86c8:	e59f11f0 	ldr	r1, [pc, #496]	; 802d88c0 <ota_task+0x320>
802d86cc:	e28d200c 	add	r2, sp, #12
802d86d0:	e58d800c 	str	r8, [sp, #12]
802d86d4:	e28d0d07 	add	r0, sp, #448	; 0x1c0
802d86d8:	eb0004c2 	bl	802d99e8 <__cm_httpclient_create_veneer>
802d86dc:	e59f41c0 	ldr	r4, [pc, #448]	; 802d88a4 <ota_task+0x304>
802d86e0:	e2507000 	subs	r7, r0, #0
802d86e4:	0a000008 	beq	802d870c <ota_task+0x16c>
802d86e8:	e59f11d4 	ldr	r1, [pc, #468]	; 802d88c4 <ota_task+0x324>
802d86ec:	e59f01d4 	ldr	r0, [pc, #468]	; 802d88c8 <ota_task+0x328>
802d86f0:	eb000478 	bl	802d98d8 <__app_log_output_veneer>
802d86f4:	e5c48104 	strb	r8, [r4, #260]	; 0x104
802d86f8:	e28ddd0b 	add	sp, sp, #704	; 0x2c0
802d86fc:	e8bd81f0 	pop	{r4, r5, r6, r7, r8, pc}
802d8700:	e4c12001 	strb	r2, [r1], #1
802d8704:	e1a04000 	mov	r4, r0
802d8708:	eaffffc5 	b	802d8624 <ota_task+0x84>
802d870c:	e3a0203c 	mov	r2, #60	; 0x3c
802d8710:	e28d3010 	add	r3, sp, #16
802d8714:	e58d7018 	str	r7, [sp, #24]
802d8718:	e58d7010 	str	r7, [sp, #16]
802d871c:	e58d7014 	str	r7, [sp, #20]
802d8720:	e5cd5010 	strb	r5, [sp, #16]
802d8724:	e5cd2019 	strb	r2, [sp, #25]
802d8728:	e5cd201a 	strb	r2, [sp, #26]
802d872c:	e59d000c 	ldr	r0, [sp, #12]
802d8730:	e893000e 	ldm	r3, {r1, r2, r3}
802d8734:	eb0004d3 	bl	802d9a88 <__cm_httpclient_set_cfg_veneer>
802d8738:	eb0004d8 	bl	802d9aa0 <__cm_ota_init_veneer>
802d873c:	e2508000 	subs	r8, r0, #0
802d8740:	0a000004 	beq	802d8758 <ota_task+0x1b8>
802d8744:	e59f1180 	ldr	r1, [pc, #384]	; 802d88cc <ota_task+0x32c>
802d8748:	e59f0178 	ldr	r0, [pc, #376]	; 802d88c8 <ota_task+0x328>
802d874c:	eb000461 	bl	802d98d8 <__app_log_output_veneer>
802d8750:	e5c47104 	strb	r7, [r4, #260]	; 0x104
802d8754:	eaffffe7 	b	802d86f8 <ota_task+0x158>
802d8758:	eb0004d8 	bl	802d9ac0 <__cm_ota_firmware_erase_veneer>
802d875c:	e3a02010 	mov	r2, #16
802d8760:	e1a01008 	mov	r1, r8
802d8764:	e28d501c 	add	r5, sp, #28
802d8768:	e1a00005 	mov	r0, r5
802d876c:	e3a07001 	mov	r7, #1
802d8770:	eb00046c 	bl	802d9928 <__memset_from_arm>
802d8774:	e3a02014 	mov	r2, #20
802d8778:	e1a01008 	mov	r1, r8
802d877c:	e28d302c 	add	r3, sp, #44	; 0x2c
802d8780:	e5cd701c 	strb	r7, [sp, #28]
802d8784:	e1a00003 	mov	r0, r3
802d8788:	e58d6020 	str	r6, [sp, #32]
802d878c:	eb000465 	bl	802d9928 <__memset_from_arm>
802d8790:	e59d3028 	ldr	r3, [sp, #40]	; 0x28
802d8794:	e58d3000 	str	r3, [sp]
802d8798:	e58d0004 	str	r0, [sp, #4]
802d879c:	e59d000c 	ldr	r0, [sp, #12]
802d87a0:	e895000e 	ldm	r5, {r1, r2, r3}
802d87a4:	eb00047b 	bl	802d9998 <__cm_httpclient_sync_request_veneer>
802d87a8:	e2505000 	subs	r5, r0, #0
802d87ac:	1a000034 	bne	802d8884 <ota_task+0x2e4>
802d87b0:	e59d3034 	ldr	r3, [sp, #52]	; 0x34
802d87b4:	e59d202c 	ldr	r2, [sp, #44]	; 0x2c
802d87b8:	e59f1110 	ldr	r1, [pc, #272]	; 802d88d0 <ota_task+0x330>
802d87bc:	e59f0110 	ldr	r0, [pc, #272]	; 802d88d4 <ota_task+0x334>
802d87c0:	eb000444 	bl	802d98d8 <__app_log_output_veneer>
802d87c4:	e59d302c 	ldr	r3, [sp, #44]	; 0x2c
802d87c8:	e35300c8 	cmp	r3, #200	; 0xc8
802d87cc:	1a00001b 	bne	802d8840 <ota_task+0x2a0>
802d87d0:	e59d0034 	ldr	r0, [sp, #52]	; 0x34
802d87d4:	e3500000 	cmp	r0, #0
802d87d8:	0a000018 	beq	802d8840 <ota_task+0x2a0>
802d87dc:	eb000459 	bl	802d9948 <__cm_ota_set_otasize_veneer>
802d87e0:	e59d3034 	ldr	r3, [sp, #52]	; 0x34
802d87e4:	e5843108 	str	r3, [r4, #264]	; 0x108
802d87e8:	e5943100 	ldr	r3, [r4, #256]	; 0x100
802d87ec:	e584510c 	str	r5, [r4, #268]	; 0x10c
802d87f0:	e3530000 	cmp	r3, #0
802d87f4:	0a000002 	beq	802d8804 <ota_task+0x264>
802d87f8:	e1a01005 	mov	r1, r5
802d87fc:	e1a00007 	mov	r0, r7
802d8800:	e12fff33 	blx	r3
802d8804:	e59d1034 	ldr	r1, [sp, #52]	; 0x34
802d8808:	e59d003c 	ldr	r0, [sp, #60]	; 0x3c
802d880c:	eb0004b9 	bl	802d9af8 <__cm_ota_firmware_write_veneer>
802d8810:	e2502000 	subs	r2, r0, #0
802d8814:	1a000010 	bne	802d885c <ota_task+0x2bc>
802d8818:	e5943100 	ldr	r3, [r4, #256]	; 0x100
802d881c:	e3530000 	cmp	r3, #0
802d8820:	0a000002 	beq	802d8830 <ota_task+0x290>
802d8824:	e3a01064 	mov	r1, #100	; 0x64
802d8828:	e3a00003 	mov	r0, #3
802d882c:	e12fff33 	blx	r3
802d8830:	e59f10a0 	ldr	r1, [pc, #160]	; 802d88d8 <ota_task+0x338>
802d8834:	e59f0098 	ldr	r0, [pc, #152]	; 802d88d4 <ota_task+0x334>
802d8838:	eb000426 	bl	802d98d8 <__app_log_output_veneer>
802d883c:	eb000467 	bl	802d99e0 <__cm_ota_upgrade_veneer>
802d8840:	e59d000c 	ldr	r0, [sp, #12]
802d8844:	eb00042d 	bl	802d9900 <__cm_httpclient_sync_free_data_veneer>
802d8848:	e59d000c 	ldr	r0, [sp, #12]
802d884c:	eb0004a7 	bl	802d9af0 <__cm_httpclient_delete_veneer>
802d8850:	e3a03000 	mov	r3, #0
802d8854:	e5c43104 	strb	r3, [r4, #260]	; 0x104
802d8858:	eaffffa6 	b	802d86f8 <ota_task+0x158>
802d885c:	e59f1078 	ldr	r1, [pc, #120]	; 802d88dc <ota_task+0x33c>
802d8860:	e59f0060 	ldr	r0, [pc, #96]	; 802d88c8 <ota_task+0x328>
802d8864:	eb00041b 	bl	802d98d8 <__app_log_output_veneer>
802d8868:	e5943100 	ldr	r3, [r4, #256]	; 0x100
802d886c:	e3530000 	cmp	r3, #0
802d8870:	13a01000 	movne	r1, #0
802d8874:	0afffff1 	beq	802d8840 <ota_task+0x2a0>
802d8878:	e3a00004 	mov	r0, #4
802d887c:	e12fff33 	blx	r3
802d8880:	eaffffee 	b	802d8840 <ota_task+0x2a0>
802d8884:	e59f1054 	ldr	r1, [pc, #84]	; 802d88e0 <ota_task+0x340>
802d8888:	e59f0038 	ldr	r0, [pc, #56]	; 802d88c8 <ota_task+0x328>
802d888c:	eb000411 	bl	802d98d8 <__app_log_output_veneer>
802d8890:	e5943100 	ldr	r3, [r4, #256]	; 0x100
802d8894:	e3530000 	cmp	r3, #0
802d8898:	0affffe8 	beq	802d8840 <ota_task+0x2a0>
802d889c:	e1a01008 	mov	r1, r8
802d88a0:	eafffff4 	b	802d8878 <ota_task+0x2d8>
802d88a4:	7e1e259c 	.word	0x7e1e259c
802d88a8:	802da806 	.word	0x802da806
802d88ac:	802da80f 	.word	0x802da80f
802d88b0:	802da815 	.word	0x802da815
802d88b4:	802da7fb 	.word	0x802da7fb
802d88b8:	802da801 	.word	0x802da801
802d88bc:	802da817 	.word	0x802da817
802d88c0:	802d8464 	.word	0x802d8464
802d88c4:	802da822 	.word	0x802da822
802d88c8:	802d9bba 	.word	0x802d9bba
802d88cc:	802da837 	.word	0x802da837
802d88d0:	802da845 	.word	0x802da845
802d88d4:	802d9dc5 	.word	0x802d9dc5
802d88d8:	802da860 	.word	0x802da860
802d88dc:	802da7bb 	.word	0x802da7bb
802d88e0:	802da874 	.word	0x802da874

802d88e4 <app_ota_is_running>:
802d88e4:	e59f3004 	ldr	r3, [pc, #4]	; 802d88f0 <app_ota_is_running+0xc>
802d88e8:	e5d30104 	ldrb	r0, [r3, #260]	; 0x104
802d88ec:	e12fff1e 	bx	lr
802d88f0:	7e1e259c 	.word	0x7e1e259c

802d88f4 <app_ota_start>:
802d88f4:	e3500000 	cmp	r0, #0
802d88f8:	0a000024 	beq	802d8990 <app_ota_start+0x9c>
802d88fc:	e92d4030 	push	{r4, r5, lr}
802d8900:	e59f5090 	ldr	r5, [pc, #144]	; 802d8998 <app_ota_start+0xa4>
802d8904:	e5d54104 	ldrb	r4, [r5, #260]	; 0x104
802d8908:	e3540000 	cmp	r4, #0
802d890c:	e24dd02c 	sub	sp, sp, #44	; 0x2c
802d8910:	13e00000 	mvnne	r0, #0
802d8914:	1a00001b 	bne	802d8988 <app_ota_start+0x94>
802d8918:	e3a03001 	mov	r3, #1
802d891c:	e3a020ff 	mov	r2, #255	; 0xff
802d8920:	e5851100 	str	r1, [r5, #256]	; 0x100
802d8924:	e1a01000 	mov	r1, r0
802d8928:	e5c53104 	strb	r3, [r5, #260]	; 0x104
802d892c:	e1a00005 	mov	r0, r5
802d8930:	e5854108 	str	r4, [r5, #264]	; 0x108
802d8934:	e585410c 	str	r4, [r5, #268]	; 0x10c
802d8938:	eb00042c 	bl	802d99f0 <__strncpy_from_arm>
802d893c:	e3a02020 	mov	r2, #32
802d8940:	e1a01004 	mov	r1, r4
802d8944:	e5c540ff 	strb	r4, [r5, #255]	; 0xff
802d8948:	e28d0008 	add	r0, sp, #8
802d894c:	eb0003f5 	bl	802d9928 <__memset_from_arm>
802d8950:	e59f3044 	ldr	r3, [pc, #68]	; 802d899c <app_ota_start+0xa8>
802d8954:	e58d3004 	str	r3, [sp, #4]
802d8958:	e3a03b06 	mov	r3, #6144	; 0x1800
802d895c:	e1a01004 	mov	r1, r4
802d8960:	e28d2004 	add	r2, sp, #4
802d8964:	e58d3018 	str	r3, [sp, #24]
802d8968:	e3a03003 	mov	r3, #3
802d896c:	e59f002c 	ldr	r0, [pc, #44]	; 802d89a0 <app_ota_start+0xac>
802d8970:	e58d301c 	str	r3, [sp, #28]
802d8974:	eb00040d 	bl	802d99b0 <__osThreadNew_veneer>
802d8978:	e3500000 	cmp	r0, #0
802d897c:	05c50104 	strbeq	r0, [r5, #260]	; 0x104
802d8980:	03e00001 	mvneq	r0, #1
802d8984:	11a00004 	movne	r0, r4
802d8988:	e28dd02c 	add	sp, sp, #44	; 0x2c
802d898c:	e8bd8030 	pop	{r4, r5, pc}
802d8990:	e3e00000 	mvn	r0, #0
802d8994:	e12fff1e 	bx	lr
802d8998:	7e1e259c 	.word	0x7e1e259c
802d899c:	802da79c 	.word	0x802da79c
802d89a0:	802d85a0 	.word	0x802d85a0

802d89a4 <__mqtt_client_add_transaction>:
802d89a4:	e92d47f0 	push	{r4, r5, r6, r7, r8, r9, sl, lr}
802d89a8:	e1a09000 	mov	r9, r0
802d89ac:	e2827011 	add	r7, r2, #17
802d89b0:	e1a00007 	mov	r0, r7
802d89b4:	e1a08001 	mov	r8, r1
802d89b8:	e1a06002 	mov	r6, r2
802d89bc:	e1a05003 	mov	r5, r3
802d89c0:	eb0003de 	bl	802d9940 <__cm_malloc_veneer>
802d89c4:	e2504000 	subs	r4, r0, #0
802d89c8:	0a000011 	beq	802d8a14 <__mqtt_client_add_transaction+0x70>
802d89cc:	e5d83000 	ldrb	r3, [r8]
802d89d0:	e1c450b2 	strh	r5, [r4, #2]
802d89d4:	e5c43000 	strb	r3, [r4]
802d89d8:	e3a05000 	mov	r5, #0
802d89dc:	e584600c 	str	r6, [r4, #12]
802d89e0:	e5845008 	str	r5, [r4, #8]
802d89e4:	eb00030d 	bl	802d9620 <cm_mqtt_get_time_s>
802d89e8:	e1a02006 	mov	r2, r6
802d89ec:	e1a01008 	mov	r1, r8
802d89f0:	e5840004 	str	r0, [r4, #4]
802d89f4:	e2840010 	add	r0, r4, #16
802d89f8:	eb000436 	bl	802d9ad8 <__memcpy_from_arm>
802d89fc:	e1a02007 	mov	r2, r7
802d8a00:	e59900f0 	ldr	r0, [r9, #240]	; 0xf0
802d8a04:	e1a01004 	mov	r1, r4
802d8a08:	eb00031e 	bl	802d9688 <linklist_append_to_tail>
802d8a0c:	e1a00005 	mov	r0, r5
802d8a10:	e8bd87f0 	pop	{r4, r5, r6, r7, r8, r9, sl, pc}
802d8a14:	e3e00000 	mvn	r0, #0
802d8a18:	e8bd87f0 	pop	{r4, r5, r6, r7, r8, r9, sl, pc}

802d8a1c <__mqtt_client_send_data>:
802d8a1c:	e92d41f0 	push	{r4, r5, r6, r7, r8, lr}
802d8a20:	e1a06000 	mov	r6, r0
802d8a24:	e16f0f10 	clz	r0, r0
802d8a28:	e3510000 	cmp	r1, #0
802d8a2c:	03a04001 	moveq	r4, #1
802d8a30:	e1a002a0 	lsr	r0, r0, #5
802d8a34:	11a04000 	movne	r4, r0
802d8a38:	e3540000 	cmp	r4, #0
802d8a3c:	01a08001 	moveq	r8, r1
802d8a40:	01a07002 	moveq	r7, r2
802d8a44:	0a00000c 	beq	802d8a7c <__mqtt_client_send_data+0x60>
802d8a48:	e3e05000 	mvn	r5, #0
802d8a4c:	ea000011 	b	802d8a98 <__mqtt_client_send_data+0x7c>
802d8a50:	e5963018 	ldr	r3, [r6, #24]
802d8a54:	e0881004 	add	r1, r8, r4
802d8a58:	e0472004 	sub	r2, r7, r4
802d8a5c:	e3530000 	cmp	r3, #0
802d8a60:	0a00000e 	beq	802d8aa0 <__mqtt_client_send_data+0x84>
802d8a64:	e5960020 	ldr	r0, [r6, #32]
802d8a68:	eb0003ce 	bl	802d99a8 <__cm_ssl_write_veneer>
802d8a6c:	e1a05000 	mov	r5, r0
802d8a70:	e3c03080 	bic	r3, r0, #128	; 0x80
802d8a74:	e3730c69 	cmn	r3, #26880	; 0x6900
802d8a78:	1a00000b 	bne	802d8aac <__mqtt_client_send_data+0x90>
802d8a7c:	e1570004 	cmp	r7, r4
802d8a80:	cafffff2 	bgt	802d8a50 <__mqtt_client_send_data+0x34>
802d8a84:	e1a05004 	mov	r5, r4
802d8a88:	e1a02005 	mov	r2, r5
802d8a8c:	e3a00000 	mov	r0, #0
802d8a90:	e59f1024 	ldr	r1, [pc, #36]	; 802d8abc <__mqtt_client_send_data+0xa0>
802d8a94:	eb00039f 	bl	802d9918 <__cm_log_printf_veneer>
802d8a98:	e1a00005 	mov	r0, r5
802d8a9c:	e8bd81f0 	pop	{r4, r5, r6, r7, r8, pc}
802d8aa0:	e5960064 	ldr	r0, [r6, #100]	; 0x64
802d8aa4:	eb00040f 	bl	802d9ae8 <__lwip_send_veneer>
802d8aa8:	e1a05000 	mov	r5, r0
802d8aac:	e3550000 	cmp	r5, #0
802d8ab0:	bafffff4 	blt	802d8a88 <__mqtt_client_send_data+0x6c>
802d8ab4:	e0844005 	add	r4, r4, r5
802d8ab8:	eaffffef 	b	802d8a7c <__mqtt_client_send_data+0x60>
802d8abc:	802da882 	.word	0x802da882

802d8ac0 <__mqtt_client_send_incoming_queue.constprop.1>:
802d8ac0:	e59f300c 	ldr	r3, [pc, #12]	; 802d8ad4 <__mqtt_client_send_incoming_queue.constprop.1+0x14>
802d8ac4:	e1a01000 	mov	r1, r0
802d8ac8:	e3a02000 	mov	r2, #0
802d8acc:	e5930000 	ldr	r0, [r3]
802d8ad0:	ea0002e6 	b	802d9670 <cm_mqtt_queue_put>
802d8ad4:	7e1e26ac 	.word	0x7e1e26ac

802d8ad8 <cm_mqtt_client_destroy>:
802d8ad8:	e92d4030 	push	{r4, r5, lr}
802d8adc:	e2505000 	subs	r5, r0, #0
802d8ae0:	e24dd014 	sub	sp, sp, #20
802d8ae4:	03e04000 	mvneq	r4, #0
802d8ae8:	0a00000f 	beq	802d8b2c <cm_mqtt_client_destroy+0x54>
802d8aec:	e5954034 	ldr	r4, [r5, #52]	; 0x34
802d8af0:	e3540000 	cmp	r4, #0
802d8af4:	13a04000 	movne	r4, #0
802d8af8:	1a00000b 	bne	802d8b2c <cm_mqtt_client_destroy+0x54>
802d8afc:	e3a03005 	mov	r3, #5
802d8b00:	e28d0004 	add	r0, sp, #4
802d8b04:	e58d4008 	str	r4, [sp, #8]
802d8b08:	e58d3004 	str	r3, [sp, #4]
802d8b0c:	e3a03001 	mov	r3, #1
802d8b10:	e58d500c 	str	r5, [sp, #12]
802d8b14:	e5853034 	str	r3, [r5, #52]	; 0x34
802d8b18:	ebffffe8 	bl	802d8ac0 <__mqtt_client_send_incoming_queue.constprop.1>
802d8b1c:	e5952004 	ldr	r2, [r5, #4]
802d8b20:	e59f1010 	ldr	r1, [pc, #16]	; 802d8b38 <cm_mqtt_client_destroy+0x60>
802d8b24:	e1a00004 	mov	r0, r4
802d8b28:	eb00037a 	bl	802d9918 <__cm_log_printf_veneer>
802d8b2c:	e1a00004 	mov	r0, r4
802d8b30:	e28dd014 	add	sp, sp, #20
802d8b34:	e8bd8030 	pop	{r4, r5, pc}
802d8b38:	802da898 	.word	0x802da898

802d8b3c <cm_mqtt_client_publish>:
802d8b3c:	e3500000 	cmp	r0, #0
802d8b40:	13510000 	cmpne	r1, #0
802d8b44:	e92d4ff0 	push	{r4, r5, r6, r7, r8, r9, sl, fp, lr}
802d8b48:	e24dd03c 	sub	sp, sp, #60	; 0x3c
802d8b4c:	e5ddb060 	ldrb	fp, [sp, #96]	; 0x60
802d8b50:	1a000003 	bne	802d8b64 <cm_mqtt_client_publish+0x28>
802d8b54:	e3e06000 	mvn	r6, #0
802d8b58:	e1a00006 	mov	r0, r6
802d8b5c:	e28dd03c 	add	sp, sp, #60	; 0x3c
802d8b60:	e8bd8ff0 	pop	{r4, r5, r6, r7, r8, r9, sl, fp, pc}
802d8b64:	e590c02c 	ldr	ip, [r0, #44]	; 0x2c
802d8b68:	e35c0001 	cmp	ip, #1
802d8b6c:	1a000056 	bne	802d8ccc <cm_mqtt_client_publish+0x190>
802d8b70:	e5908034 	ldr	r8, [r0, #52]	; 0x34
802d8b74:	e3580000 	cmp	r8, #0
802d8b78:	1a000053 	bne	802d8ccc <cm_mqtt_client_publish+0x190>
802d8b7c:	e28d602c 	add	r6, sp, #44	; 0x2c
802d8b80:	e58d2024 	str	r2, [sp, #36]	; 0x24
802d8b84:	e7e1a0db 	ubfx	sl, fp, #1, #2
802d8b88:	e58d8030 	str	r8, [sp, #48]	; 0x30
802d8b8c:	e1a04000 	mov	r4, r0
802d8b90:	e58d8034 	str	r8, [sp, #52]	; 0x34
802d8b94:	e1a07001 	mov	r7, r1
802d8b98:	e58d102c 	str	r1, [sp, #44]	; 0x2c
802d8b9c:	e1a09003 	mov	r9, r3
802d8ba0:	e58d3000 	str	r3, [sp]
802d8ba4:	e1a0000a 	mov	r0, sl
802d8ba8:	e896000e 	ldm	r6, {r1, r2, r3}
802d8bac:	eb000219 	bl	802d9418 <MQTTSerialize_publishLength>
802d8bb0:	eb0001bb 	bl	802d92a4 <MQTTPacket_len>
802d8bb4:	e58d0020 	str	r0, [sp, #32]
802d8bb8:	eb000360 	bl	802d9940 <__cm_malloc_veneer>
802d8bbc:	e2505000 	subs	r5, r0, #0
802d8bc0:	0affffe3 	beq	802d8b54 <cm_mqtt_client_publish+0x18>
802d8bc4:	e59d3024 	ldr	r3, [sp, #36]	; 0x24
802d8bc8:	e58d9018 	str	r9, [sp, #24]
802d8bcc:	e58d3014 	str	r3, [sp, #20]
802d8bd0:	e28d3008 	add	r3, sp, #8
802d8bd4:	e8960007 	ldm	r6, {r0, r1, r2}
802d8bd8:	e8830007 	stm	r3, {r0, r1, r2}
802d8bdc:	e1d436b0 	ldrh	r3, [r4, #96]	; 0x60
802d8be0:	e58d3004 	str	r3, [sp, #4]
802d8be4:	e20b3001 	and	r3, fp, #1
802d8be8:	e59d1020 	ldr	r1, [sp, #32]
802d8bec:	e7e021db 	ubfx	r2, fp, #3, #1
802d8bf0:	e58d3000 	str	r3, [sp]
802d8bf4:	e1a00005 	mov	r0, r5
802d8bf8:	e1a0300a 	mov	r3, sl
802d8bfc:	eb000212 	bl	802d944c <MQTTSerialize_publish>
802d8c00:	e2509000 	subs	r9, r0, #0
802d8c04:	ca00000f 	bgt	802d8c48 <cm_mqtt_client_publish+0x10c>
802d8c08:	e59f10c4 	ldr	r1, [pc, #196]	; 802d8cd4 <cm_mqtt_client_publish+0x198>
802d8c0c:	e1a00008 	mov	r0, r8
802d8c10:	eb000340 	bl	802d9918 <__cm_log_printf_veneer>
802d8c14:	e3e06005 	mvn	r6, #5
802d8c18:	e1a00005 	mov	r0, r5
802d8c1c:	eb0003a9 	bl	802d9ac8 <__cm_free_veneer>
802d8c20:	e58d6000 	str	r6, [sp]
802d8c24:	e1a03007 	mov	r3, r7
802d8c28:	e3a00000 	mov	r0, #0
802d8c2c:	e5942004 	ldr	r2, [r4, #4]
802d8c30:	e59f10a0 	ldr	r1, [pc, #160]	; 802d8cd8 <cm_mqtt_client_publish+0x19c>
802d8c34:	eb000337 	bl	802d9918 <__cm_log_printf_veneer>
802d8c38:	e1d436b0 	ldrh	r3, [r4, #96]	; 0x60
802d8c3c:	e2833001 	add	r3, r3, #1
802d8c40:	e1c436b0 	strh	r3, [r4, #96]	; 0x60
802d8c44:	eaffffc3 	b	802d8b58 <cm_mqtt_client_publish+0x1c>
802d8c48:	e1a02009 	mov	r2, r9
802d8c4c:	e1a01005 	mov	r1, r5
802d8c50:	e1a00004 	mov	r0, r4
802d8c54:	ebffff70 	bl	802d8a1c <__mqtt_client_send_data>
802d8c58:	e2506000 	subs	r6, r0, #0
802d8c5c:	d3e06004 	mvnle	r6, #4
802d8c60:	daffffec 	ble	802d8c18 <cm_mqtt_client_publish+0xdc>
802d8c64:	e35a0000 	cmp	sl, #0
802d8c68:	0affffea 	beq	802d8c18 <cm_mqtt_client_publish+0xdc>
802d8c6c:	e5d53000 	ldrb	r3, [r5]
802d8c70:	e1a02009 	mov	r2, r9
802d8c74:	e1a01005 	mov	r1, r5
802d8c78:	e3c33008 	bic	r3, r3, #8
802d8c7c:	e1a00004 	mov	r0, r4
802d8c80:	e2833008 	add	r3, r3, #8
802d8c84:	e5c53000 	strb	r3, [r5]
802d8c88:	e1d436b0 	ldrh	r3, [r4, #96]	; 0x60
802d8c8c:	ebffff44 	bl	802d89a4 <__mqtt_client_add_transaction>
802d8c90:	e1d486b0 	ldrh	r8, [r4, #96]	; 0x60
802d8c94:	eb00026a 	bl	802d9644 <cm_mqtt_get_time_ms>
802d8c98:	e594304c 	ldr	r3, [r4, #76]	; 0x4c
802d8c9c:	e3a02ffa 	mov	r2, #1000	; 0x3e8
802d8ca0:	e0020392 	mul	r2, r2, r3
802d8ca4:	e3a03003 	mov	r3, #3
802d8ca8:	e58d3000 	str	r3, [sp]
802d8cac:	e090a002 	adds	sl, r0, r2
802d8cb0:	e1a00004 	mov	r0, r4
802d8cb4:	e0a1bfc2 	adc	fp, r1, r2, asr #31
802d8cb8:	e1a0300b 	mov	r3, fp
802d8cbc:	e1a0200a 	mov	r2, sl
802d8cc0:	e1a01008 	mov	r1, r8
802d8cc4:	eb0000f1 	bl	802d9090 <cm_mqtt_timing_insert>
802d8cc8:	eaffffd2 	b	802d8c18 <cm_mqtt_client_publish+0xdc>
802d8ccc:	e3e06006 	mvn	r6, #6
802d8cd0:	eaffffa0 	b	802d8b58 <cm_mqtt_client_publish+0x1c>
802d8cd4:	802da905 	.word	0x802da905
802d8cd8:	802da928 	.word	0x802da928

802d8cdc <cm_mqtt_client_subscribe>:
802d8cdc:	e3510000 	cmp	r1, #0
802d8ce0:	13530000 	cmpne	r3, #0
802d8ce4:	d3a0c001 	movle	ip, #1
802d8ce8:	c3a0c000 	movgt	ip, #0
802d8cec:	e3500000 	cmp	r0, #0
802d8cf0:	03a0c001 	moveq	ip, #1
802d8cf4:	e35c0000 	cmp	ip, #0
802d8cf8:	e92d4ff0 	push	{r4, r5, r6, r7, r8, r9, sl, fp, lr}
802d8cfc:	13e05000 	mvnne	r5, #0
802d8d00:	e24dd02c 	sub	sp, sp, #44	; 0x2c
802d8d04:	1a00004e 	bne	802d8e44 <cm_mqtt_client_subscribe+0x168>
802d8d08:	e590c02c 	ldr	ip, [r0, #44]	; 0x2c
802d8d0c:	e35c0001 	cmp	ip, #1
802d8d10:	1a0000ac 	bne	802d8fc8 <cm_mqtt_client_subscribe+0x2ec>
802d8d14:	e5905034 	ldr	r5, [r0, #52]	; 0x34
802d8d18:	e3550000 	cmp	r5, #0
802d8d1c:	1a0000a9 	bne	802d8fc8 <cm_mqtt_client_subscribe+0x2ec>
802d8d20:	e3a0600c 	mov	r6, #12
802d8d24:	e1a04000 	mov	r4, r0
802d8d28:	e1a07003 	mov	r7, r3
802d8d2c:	e1a09001 	mov	r9, r1
802d8d30:	e00b0396 	mul	fp, r6, r3
802d8d34:	e58d201c 	str	r2, [sp, #28]
802d8d38:	e1a0000b 	mov	r0, fp
802d8d3c:	eb0002ff 	bl	802d9940 <__cm_malloc_veneer>
802d8d40:	e1a08000 	mov	r8, r0
802d8d44:	e1a00107 	lsl	r0, r7, #2
802d8d48:	eb0002fc 	bl	802d9940 <__cm_malloc_veneer>
802d8d4c:	e58d5024 	str	r5, [sp, #36]	; 0x24
802d8d50:	e3500000 	cmp	r0, #0
802d8d54:	13580000 	cmpne	r8, #0
802d8d58:	e58d0010 	str	r0, [sp, #16]
802d8d5c:	0a00008e 	beq	802d8f9c <cm_mqtt_client_subscribe+0x2c0>
802d8d60:	e1a0200b 	mov	r2, fp
802d8d64:	e1a01005 	mov	r1, r5
802d8d68:	e1a00008 	mov	r0, r8
802d8d6c:	e1a0a005 	mov	sl, r5
802d8d70:	eb0002ec 	bl	802d9928 <__memset_from_arm>
802d8d74:	e1a0b005 	mov	fp, r5
802d8d78:	e58d6018 	str	r6, [sp, #24]
802d8d7c:	e2493004 	sub	r3, r9, #4
802d8d80:	e1a09003 	mov	r9, r3
802d8d84:	e58d3014 	str	r3, [sp, #20]
802d8d88:	e59d3018 	ldr	r3, [sp, #24]
802d8d8c:	e5b91004 	ldr	r1, [r9, #4]!
802d8d90:	e0020a93 	mul	r2, r3, sl
802d8d94:	e59d301c 	ldr	r3, [sp, #28]
802d8d98:	e7881002 	str	r1, [r8, r2]
802d8d9c:	e7d3200a 	ldrb	r2, [r3, sl]
802d8da0:	e59d3010 	ldr	r3, [sp, #16]
802d8da4:	e783210a 	str	r2, [r3, sl, lsl #2]
802d8da8:	e58db024 	str	fp, [sp, #36]	; 0x24
802d8dac:	e59400f4 	ldr	r0, [r4, #244]	; 0xf4
802d8db0:	e28d1024 	add	r1, sp, #36	; 0x24
802d8db4:	eb0002b5 	bl	802d9890 <linklist_next_element>
802d8db8:	e1a06000 	mov	r6, r0
802d8dbc:	e3500000 	cmp	r0, #0
802d8dc0:	e58d0024 	str	r0, [sp, #36]	; 0x24
802d8dc4:	1a000021 	bne	802d8e50 <cm_mqtt_client_subscribe+0x174>
802d8dc8:	e28aa001 	add	sl, sl, #1
802d8dcc:	e157000a 	cmp	r7, sl
802d8dd0:	caffffec 	bgt	802d8d88 <cm_mqtt_client_subscribe+0xac>
802d8dd4:	e1a01008 	mov	r1, r8
802d8dd8:	e1a00007 	mov	r0, r7
802d8ddc:	eb0001cd 	bl	802d9518 <MQTTSerialize_subscribeLength>
802d8de0:	eb00012f 	bl	802d92a4 <MQTTPacket_len>
802d8de4:	e1a0a000 	mov	sl, r0
802d8de8:	eb0002d4 	bl	802d9940 <__cm_malloc_veneer>
802d8dec:	e2509000 	subs	r9, r0, #0
802d8df0:	1a000022 	bne	802d8e80 <cm_mqtt_client_subscribe+0x1a4>
802d8df4:	e3a09000 	mov	r9, #0
802d8df8:	e3e05005 	mvn	r5, #5
802d8dfc:	e1a00008 	mov	r0, r8
802d8e00:	eb000330 	bl	802d9ac8 <__cm_free_veneer>
802d8e04:	e59d3010 	ldr	r3, [sp, #16]
802d8e08:	e3530000 	cmp	r3, #0
802d8e0c:	1a00006a 	bne	802d8fbc <cm_mqtt_client_subscribe+0x2e0>
802d8e10:	e3590000 	cmp	r9, #0
802d8e14:	0a000001 	beq	802d8e20 <cm_mqtt_client_subscribe+0x144>
802d8e18:	e1a00009 	mov	r0, r9
802d8e1c:	eb000329 	bl	802d9ac8 <__cm_free_veneer>
802d8e20:	e58d5000 	str	r5, [sp]
802d8e24:	e1a03007 	mov	r3, r7
802d8e28:	e5942004 	ldr	r2, [r4, #4]
802d8e2c:	e3a00000 	mov	r0, #0
802d8e30:	e59f1198 	ldr	r1, [pc, #408]	; 802d8fd0 <cm_mqtt_client_subscribe+0x2f4>
802d8e34:	eb0002b7 	bl	802d9918 <__cm_log_printf_veneer>
802d8e38:	e1d436b0 	ldrh	r3, [r4, #96]	; 0x60
802d8e3c:	e2833001 	add	r3, r3, #1
802d8e40:	e1c436b0 	strh	r3, [r4, #96]	; 0x60
802d8e44:	e1a00005 	mov	r0, r5
802d8e48:	e28dd02c 	add	sp, sp, #44	; 0x2c
802d8e4c:	e8bd8ff0 	pop	{r4, r5, r6, r7, r8, r9, sl, fp, pc}
802d8e50:	e5961000 	ldr	r1, [r6]
802d8e54:	e5990000 	ldr	r0, [r9]
802d8e58:	e2811008 	add	r1, r1, #8
802d8e5c:	eb000307 	bl	802d9a80 <__strcmp_from_arm>
802d8e60:	e3500000 	cmp	r0, #0
802d8e64:	1affffd0 	bne	802d8dac <cm_mqtt_client_subscribe+0xd0>
802d8e68:	e5962008 	ldr	r2, [r6, #8]
802d8e6c:	e1a01006 	mov	r1, r6
802d8e70:	e59400f4 	ldr	r0, [r4, #244]	; 0xf4
802d8e74:	e58d2024 	str	r2, [sp, #36]	; 0x24
802d8e78:	eb00025d 	bl	802d97f4 <linklist_remove_element>
802d8e7c:	eaffffca 	b	802d8dac <cm_mqtt_client_subscribe+0xd0>
802d8e80:	e59d3010 	ldr	r3, [sp, #16]
802d8e84:	e1a02006 	mov	r2, r6
802d8e88:	e58d3008 	str	r3, [sp, #8]
802d8e8c:	e1a0100a 	mov	r1, sl
802d8e90:	e88d0180 	stm	sp, {r7, r8}
802d8e94:	e1d436b0 	ldrh	r3, [r4, #96]	; 0x60
802d8e98:	eb0001af 	bl	802d955c <MQTTSerialize_subscribe>
802d8e9c:	e2503000 	subs	r3, r0, #0
802d8ea0:	e58d3018 	str	r3, [sp, #24]
802d8ea4:	ca000003 	bgt	802d8eb8 <cm_mqtt_client_subscribe+0x1dc>
802d8ea8:	e59f1124 	ldr	r1, [pc, #292]	; 802d8fd4 <cm_mqtt_client_subscribe+0x2f8>
802d8eac:	e1a00006 	mov	r0, r6
802d8eb0:	eb000298 	bl	802d9918 <__cm_log_printf_veneer>
802d8eb4:	eaffffcf 	b	802d8df8 <cm_mqtt_client_subscribe+0x11c>
802d8eb8:	e59d2018 	ldr	r2, [sp, #24]
802d8ebc:	e1a01009 	mov	r1, r9
802d8ec0:	e1a00004 	mov	r0, r4
802d8ec4:	ebfffed4 	bl	802d8a1c <__mqtt_client_send_data>
802d8ec8:	e3500000 	cmp	r0, #0
802d8ecc:	d3e05004 	mvnle	r5, #4
802d8ed0:	daffffc9 	ble	802d8dfc <cm_mqtt_client_subscribe+0x120>
802d8ed4:	e59d3014 	ldr	r3, [sp, #20]
802d8ed8:	e2866001 	add	r6, r6, #1
802d8edc:	e5b30004 	ldr	r0, [r3, #4]!
802d8ee0:	e58d3014 	str	r3, [sp, #20]
802d8ee4:	eb000279 	bl	802d98d0 <__strlen_from_arm>
802d8ee8:	e58d001c 	str	r0, [sp, #28]
802d8eec:	e280b009 	add	fp, r0, #9
802d8ef0:	e1a0000b 	mov	r0, fp
802d8ef4:	eb000291 	bl	802d9940 <__cm_malloc_veneer>
802d8ef8:	e1a0200b 	mov	r2, fp
802d8efc:	e3a01000 	mov	r1, #0
802d8f00:	e1a0a000 	mov	sl, r0
802d8f04:	eb000287 	bl	802d9928 <__memset_from_arm>
802d8f08:	e3a03000 	mov	r3, #0
802d8f0c:	e28a0008 	add	r0, sl, #8
802d8f10:	e5ca3000 	strb	r3, [sl]
802d8f14:	e1d426b0 	ldrh	r2, [r4, #96]	; 0x60
802d8f18:	e59d301c 	ldr	r3, [sp, #28]
802d8f1c:	e1ca20b2 	strh	r2, [sl, #2]
802d8f20:	e1a02003 	mov	r2, r3
802d8f24:	e58a3004 	str	r3, [sl, #4]
802d8f28:	e59d3014 	ldr	r3, [sp, #20]
802d8f2c:	e5931000 	ldr	r1, [r3]
802d8f30:	eb0002e8 	bl	802d9ad8 <__memcpy_from_arm>
802d8f34:	e1a0200b 	mov	r2, fp
802d8f38:	e59400f4 	ldr	r0, [r4, #244]	; 0xf4
802d8f3c:	e1a0100a 	mov	r1, sl
802d8f40:	eb0001d0 	bl	802d9688 <linklist_append_to_tail>
802d8f44:	e1570006 	cmp	r7, r6
802d8f48:	caffffe1 	bgt	802d8ed4 <cm_mqtt_client_subscribe+0x1f8>
802d8f4c:	e1d436b0 	ldrh	r3, [r4, #96]	; 0x60
802d8f50:	e59d2018 	ldr	r2, [sp, #24]
802d8f54:	e1a01009 	mov	r1, r9
802d8f58:	e1a00004 	mov	r0, r4
802d8f5c:	ebfffe90 	bl	802d89a4 <__mqtt_client_add_transaction>
802d8f60:	e1d466b0 	ldrh	r6, [r4, #96]	; 0x60
802d8f64:	eb0001b6 	bl	802d9644 <cm_mqtt_get_time_ms>
802d8f68:	e594304c 	ldr	r3, [r4, #76]	; 0x4c
802d8f6c:	e3a02ffa 	mov	r2, #1000	; 0x3e8
802d8f70:	e0020392 	mul	r2, r2, r3
802d8f74:	e3a03008 	mov	r3, #8
802d8f78:	e58d3000 	str	r3, [sp]
802d8f7c:	e090a002 	adds	sl, r0, r2
802d8f80:	e1a00004 	mov	r0, r4
802d8f84:	e0a1bfc2 	adc	fp, r1, r2, asr #31
802d8f88:	e1a0300b 	mov	r3, fp
802d8f8c:	e1a0200a 	mov	r2, sl
802d8f90:	e1a01006 	mov	r1, r6
802d8f94:	eb00003d 	bl	802d9090 <cm_mqtt_timing_insert>
802d8f98:	eaffff97 	b	802d8dfc <cm_mqtt_client_subscribe+0x120>
802d8f9c:	e3580000 	cmp	r8, #0
802d8fa0:	1affff93 	bne	802d8df4 <cm_mqtt_client_subscribe+0x118>
802d8fa4:	e59d3010 	ldr	r3, [sp, #16]
802d8fa8:	e3530000 	cmp	r3, #0
802d8fac:	03e05005 	mvneq	r5, #5
802d8fb0:	0affff9a 	beq	802d8e20 <cm_mqtt_client_subscribe+0x144>
802d8fb4:	e1a09005 	mov	r9, r5
802d8fb8:	e3e05005 	mvn	r5, #5
802d8fbc:	e59d0010 	ldr	r0, [sp, #16]
802d8fc0:	eb0002c0 	bl	802d9ac8 <__cm_free_veneer>
802d8fc4:	eaffff91 	b	802d8e10 <cm_mqtt_client_subscribe+0x134>
802d8fc8:	e3e05006 	mvn	r5, #6
802d8fcc:	eaffff9c 	b	802d8e44 <cm_mqtt_client_subscribe+0x168>
802d8fd0:	802da979 	.word	0x802da979
802d8fd4:	802da954 	.word	0x802da954

802d8fd8 <cm_mqtt_client_disconnect>:
802d8fd8:	e92d4030 	push	{r4, r5, lr}
802d8fdc:	e2505000 	subs	r5, r0, #0
802d8fe0:	e24dd01c 	sub	sp, sp, #28
802d8fe4:	03e04000 	mvneq	r4, #0
802d8fe8:	0a00001c 	beq	802d9060 <cm_mqtt_client_disconnect+0x88>
802d8fec:	e5954034 	ldr	r4, [r5, #52]	; 0x34
802d8ff0:	e3540000 	cmp	r4, #0
802d8ff4:	13a04000 	movne	r4, #0
802d8ff8:	1a000018 	bne	802d9060 <cm_mqtt_client_disconnect+0x88>
802d8ffc:	e3a0100a 	mov	r1, #10
802d9000:	e1a0000d 	mov	r0, sp
802d9004:	e58d4000 	str	r4, [sp]
802d9008:	e58d4004 	str	r4, [sp, #4]
802d900c:	e1cd40b8 	strh	r4, [sp, #8]
802d9010:	e58d400c 	str	r4, [sp, #12]
802d9014:	e58d4010 	str	r4, [sp, #16]
802d9018:	e58d4014 	str	r4, [sp, #20]
802d901c:	eb00008a 	bl	802d924c <MQTTSerialize_disconnect>
802d9020:	e2502000 	subs	r2, r0, #0
802d9024:	ca000010 	bgt	802d906c <cm_mqtt_client_disconnect+0x94>
802d9028:	e59f1058 	ldr	r1, [pc, #88]	; 802d9088 <cm_mqtt_client_disconnect+0xb0>
802d902c:	e1a00004 	mov	r0, r4
802d9030:	eb000238 	bl	802d9918 <__cm_log_printf_veneer>
802d9034:	e3a03002 	mov	r3, #2
802d9038:	e28d000c 	add	r0, sp, #12
802d903c:	e58d5014 	str	r5, [sp, #20]
802d9040:	e5853030 	str	r3, [r5, #48]	; 0x30
802d9044:	e3a03003 	mov	r3, #3
802d9048:	e58d300c 	str	r3, [sp, #12]
802d904c:	ebfffe9b 	bl	802d8ac0 <__mqtt_client_send_incoming_queue.constprop.1>
802d9050:	e5952004 	ldr	r2, [r5, #4]
802d9054:	e3a00000 	mov	r0, #0
802d9058:	e59f102c 	ldr	r1, [pc, #44]	; 802d908c <cm_mqtt_client_disconnect+0xb4>
802d905c:	eb00022d 	bl	802d9918 <__cm_log_printf_veneer>
802d9060:	e1a00004 	mov	r0, r4
802d9064:	e28dd01c 	add	sp, sp, #28
802d9068:	e8bd8030 	pop	{r4, r5, pc}
802d906c:	e595302c 	ldr	r3, [r5, #44]	; 0x2c
802d9070:	e3530001 	cmp	r3, #1
802d9074:	1affffee 	bne	802d9034 <cm_mqtt_client_disconnect+0x5c>
802d9078:	e1a0100d 	mov	r1, sp
802d907c:	e1a00005 	mov	r0, r5
802d9080:	ebfffe65 	bl	802d8a1c <__mqtt_client_send_data>
802d9084:	eaffffea 	b	802d9034 <cm_mqtt_client_disconnect+0x5c>
802d9088:	802da8b7 	.word	0x802da8b7
802d908c:	802da8de 	.word	0x802da8de

802d9090 <cm_mqtt_timing_insert>:
802d9090:	e92d47f3 	push	{r0, r1, r4, r5, r6, r7, r8, r9, sl, lr}
802d9094:	e59f6158 	ldr	r6, [pc, #344]	; 802d91f4 <cm_mqtt_timing_insert+0x164>
802d9098:	e1a09003 	mov	r9, r3
802d909c:	e5963000 	ldr	r3, [r6]
802d90a0:	e3530000 	cmp	r3, #0
802d90a4:	1a000002 	bne	802d90b4 <cm_mqtt_timing_insert+0x24>
802d90a8:	e3e00000 	mvn	r0, #0
802d90ac:	e28dd008 	add	sp, sp, #8
802d90b0:	e8bd87f0 	pop	{r4, r5, r6, r7, r8, r9, sl, pc}
802d90b4:	e59f413c 	ldr	r4, [pc, #316]	; 802d91f8 <cm_mqtt_timing_insert+0x168>
802d90b8:	e1a08002 	mov	r8, r2
802d90bc:	e16f3f10 	clz	r3, r0
802d90c0:	e5942000 	ldr	r2, [r4]
802d90c4:	e1a032a3 	lsr	r3, r3, #5
802d90c8:	e3520000 	cmp	r2, #0
802d90cc:	03a03001 	moveq	r3, #1
802d90d0:	e3530000 	cmp	r3, #0
802d90d4:	1afffff3 	bne	802d90a8 <cm_mqtt_timing_insert+0x18>
802d90d8:	e1a07000 	mov	r7, r0
802d90dc:	e3a00018 	mov	r0, #24
802d90e0:	e58d3004 	str	r3, [sp, #4]
802d90e4:	e1a0a001 	mov	sl, r1
802d90e8:	eb000214 	bl	802d9940 <__cm_malloc_veneer>
802d90ec:	e2505000 	subs	r5, r0, #0
802d90f0:	0affffec 	beq	802d90a8 <cm_mqtt_timing_insert+0x18>
802d90f4:	e5857010 	str	r7, [r5, #16]
802d90f8:	e3e01000 	mvn	r1, #0
802d90fc:	e59f70f8 	ldr	r7, [pc, #248]	; 802d91fc <cm_mqtt_timing_insert+0x16c>
802d9100:	e59d3028 	ldr	r3, [sp, #40]	; 0x28
802d9104:	e585300c 	str	r3, [r5, #12]
802d9108:	e585a008 	str	sl, [r5, #8]
802d910c:	e1c580f0 	strd	r8, [r5]
802d9110:	e5970000 	ldr	r0, [r7]
802d9114:	eb000153 	bl	802d9668 <cm_mqtt_mutex_acquire>
802d9118:	e5960000 	ldr	r0, [r6]
802d911c:	eb000158 	bl	802d9684 <cm_mqtt_timer_is_running>
802d9120:	e3500000 	cmp	r0, #0
802d9124:	0a000001 	beq	802d9130 <cm_mqtt_timing_insert+0xa0>
802d9128:	e5960000 	ldr	r0, [r6]
802d912c:	eb000153 	bl	802d9680 <cm_mqtt_timer_stop>
802d9130:	e5940000 	ldr	r0, [r4]
802d9134:	e28d1004 	add	r1, sp, #4
802d9138:	eb0001d4 	bl	802d9890 <linklist_next_element>
802d913c:	e1a01000 	mov	r1, r0
802d9140:	e3500000 	cmp	r0, #0
802d9144:	e58d0004 	str	r0, [sp, #4]
802d9148:	1a000004 	bne	802d9160 <cm_mqtt_timing_insert+0xd0>
802d914c:	e3a02018 	mov	r2, #24
802d9150:	e1a01005 	mov	r1, r5
802d9154:	e5940000 	ldr	r0, [r4]
802d9158:	eb00014a 	bl	802d9688 <linklist_append_to_tail>
802d915c:	ea000009 	b	802d9188 <cm_mqtt_timing_insert+0xf8>
802d9160:	e5910000 	ldr	r0, [r1]
802d9164:	e1c520d0 	ldrd	r2, [r5]
802d9168:	e1c080d0 	ldrd	r8, [r0]
802d916c:	e1530009 	cmp	r3, r9
802d9170:	01520008 	cmpeq	r2, r8
802d9174:	8affffed 	bhi	802d9130 <cm_mqtt_timing_insert+0xa0>
802d9178:	e3a03018 	mov	r3, #24
802d917c:	e1a02005 	mov	r2, r5
802d9180:	e5940000 	ldr	r0, [r4]
802d9184:	eb000169 	bl	802d9730 <linklist_insert_before_index>
802d9188:	e3a05000 	mov	r5, #0
802d918c:	e28d1004 	add	r1, sp, #4
802d9190:	e5940000 	ldr	r0, [r4]
802d9194:	e58d5004 	str	r5, [sp, #4]
802d9198:	eb0001bc 	bl	802d9890 <linklist_next_element>
802d919c:	e59d3004 	ldr	r3, [sp, #4]
802d91a0:	e5933000 	ldr	r3, [r3]
802d91a4:	e8930110 	ldm	r3, {r4, r8}
802d91a8:	eb000125 	bl	802d9644 <cm_mqtt_get_time_ms>
802d91ac:	e0544000 	subs	r4, r4, r0
802d91b0:	e0c88001 	sbc	r8, r8, r1
802d91b4:	eb0001dd 	bl	802d9930 <__osKernelGetTickFreq_veneer>
802d91b8:	e3a02ffa 	mov	r2, #1000	; 0x3e8
802d91bc:	e1a03005 	mov	r3, r5
802d91c0:	e1a01008 	mov	r1, r8
802d91c4:	e732f012 	udiv	r2, r2, r0
802d91c8:	e1a00004 	mov	r0, r4
802d91cc:	eb00024b 	bl	802d9b00 <____aeabi_uldivmod_from_arm>
802d91d0:	e2801001 	add	r1, r0, #1
802d91d4:	e5960000 	ldr	r0, [r6]
802d91d8:	e1510005 	cmp	r1, r5
802d91dc:	d3a01005 	movle	r1, #5
802d91e0:	eb000125 	bl	802d967c <cm_mqtt_timer_start>
802d91e4:	e5970000 	ldr	r0, [r7]
802d91e8:	eb00011f 	bl	802d966c <cm_mqtt_mutex_release>
802d91ec:	e1a00005 	mov	r0, r5
802d91f0:	eaffffad 	b	802d90ac <cm_mqtt_timing_insert+0x1c>
802d91f4:	7e1e26b8 	.word	0x7e1e26b8
802d91f8:	7e1e26b0 	.word	0x7e1e26b0
802d91fc:	7e1e26b4 	.word	0x7e1e26b4

802d9200 <MQTTSerialize_zero>:
802d9200:	e3510001 	cmp	r1, #1
802d9204:	e92d4013 	push	{r0, r1, r4, lr}
802d9208:	e58d0004 	str	r0, [sp, #4]
802d920c:	d3e00001 	mvnle	r0, #1
802d9210:	da00000b 	ble	802d9244 <MQTTSerialize_zero+0x44>
802d9214:	e3a03000 	mov	r3, #0
802d9218:	e1a04000 	mov	r4, r0
802d921c:	e7c73212 	bfi	r3, r2, #4, #4
802d9220:	e1a01003 	mov	r1, r3
802d9224:	e28d0004 	add	r0, sp, #4
802d9228:	eb00002a 	bl	802d92d8 <writeChar>
802d922c:	e59d0004 	ldr	r0, [sp, #4]
802d9230:	e3a01000 	mov	r1, #0
802d9234:	eb000006 	bl	802d9254 <MQTTPacket_encode>
802d9238:	e59d3004 	ldr	r3, [sp, #4]
802d923c:	e0830000 	add	r0, r3, r0
802d9240:	e0400004 	sub	r0, r0, r4
802d9244:	e28dd008 	add	sp, sp, #8
802d9248:	e8bd8010 	pop	{r4, pc}

802d924c <MQTTSerialize_disconnect>:
802d924c:	e3a0200e 	mov	r2, #14
802d9250:	eaffffea 	b	802d9200 <MQTTSerialize_zero>

802d9254 <MQTTPacket_encode>:
802d9254:	e52de004 	push	{lr}		; (str lr, [sp, #-4]!)
802d9258:	e260c002 	rsb	ip, r0, #2
802d925c:	e240e001 	sub	lr, r0, #1
802d9260:	e2712000 	rsbs	r2, r1, #0
802d9264:	e202207f 	and	r2, r2, #127	; 0x7f
802d9268:	e201307f 	and	r3, r1, #127	; 0x7f
802d926c:	52623000 	rsbpl	r3, r2, #0
802d9270:	e3510000 	cmp	r1, #0
802d9274:	e6ef3073 	uxtb	r3, r3
802d9278:	e281207f 	add	r2, r1, #127	; 0x7f
802d927c:	a1a02001 	movge	r2, r1
802d9280:	e351007f 	cmp	r1, #127	; 0x7f
802d9284:	c3833080 	orrgt	r3, r3, #128	; 0x80
802d9288:	e351007f 	cmp	r1, #127	; 0x7f
802d928c:	e08c000e 	add	r0, ip, lr
802d9290:	e5ee3001 	strb	r3, [lr, #1]!
802d9294:	e1a023c2 	asr	r2, r2, #7
802d9298:	d49df004 	pople	{pc}		; (ldrle pc, [sp], #4)
802d929c:	e1a01002 	mov	r1, r2
802d92a0:	eaffffee 	b	802d9260 <MQTTPacket_encode+0xc>

802d92a4 <MQTTPacket_len>:
802d92a4:	e350007f 	cmp	r0, #127	; 0x7f
802d92a8:	d2800001 	addle	r0, r0, #1
802d92ac:	da000006 	ble	802d92cc <MQTTPacket_len+0x28>
802d92b0:	e3500901 	cmp	r0, #16384	; 0x4000
802d92b4:	b2800002 	addlt	r0, r0, #2
802d92b8:	ba000003 	blt	802d92cc <MQTTPacket_len+0x28>
802d92bc:	e59f3010 	ldr	r3, [pc, #16]	; 802d92d4 <MQTTPacket_len+0x30>
802d92c0:	e1500003 	cmp	r0, r3
802d92c4:	d2800003 	addle	r0, r0, #3
802d92c8:	c2800004 	addgt	r0, r0, #4
802d92cc:	e2800001 	add	r0, r0, #1
802d92d0:	e12fff1e 	bx	lr
802d92d4:	001ffffe 	.word	0x001ffffe

802d92d8 <writeChar>:
802d92d8:	e5903000 	ldr	r3, [r0]
802d92dc:	e5c31000 	strb	r1, [r3]
802d92e0:	e5903000 	ldr	r3, [r0]
802d92e4:	e2833001 	add	r3, r3, #1
802d92e8:	e5803000 	str	r3, [r0]
802d92ec:	e12fff1e 	bx	lr

802d92f0 <writeInt>:
802d92f0:	e3510000 	cmp	r1, #0
802d92f4:	e5902000 	ldr	r2, [r0]
802d92f8:	e28130ff 	add	r3, r1, #255	; 0xff
802d92fc:	a1a03001 	movge	r3, r1
802d9300:	e1a03443 	asr	r3, r3, #8
802d9304:	e5c23000 	strb	r3, [r2]
802d9308:	e5902000 	ldr	r2, [r0]
802d930c:	e2823001 	add	r3, r2, #1
802d9310:	e5803000 	str	r3, [r0]
802d9314:	e2713000 	rsbs	r3, r1, #0
802d9318:	e6ef1071 	uxtb	r1, r1
802d931c:	e6ef3073 	uxtb	r3, r3
802d9320:	52631000 	rsbpl	r1, r3, #0
802d9324:	e5c21001 	strb	r1, [r2, #1]
802d9328:	e5903000 	ldr	r3, [r0]
802d932c:	e2833001 	add	r3, r3, #1
802d9330:	e5803000 	str	r3, [r0]
802d9334:	e12fff1e 	bx	lr

802d9338 <writeCString>:
802d9338:	e92d4070 	push	{r4, r5, r6, lr}
802d933c:	e1a04000 	mov	r4, r0
802d9340:	e1a00001 	mov	r0, r1
802d9344:	e1a06001 	mov	r6, r1
802d9348:	eb000160 	bl	802d98d0 <__strlen_from_arm>
802d934c:	e1a05000 	mov	r5, r0
802d9350:	e1a01000 	mov	r1, r0
802d9354:	e1a00004 	mov	r0, r4
802d9358:	ebffffe4 	bl	802d92f0 <writeInt>
802d935c:	e1a02005 	mov	r2, r5
802d9360:	e5940000 	ldr	r0, [r4]
802d9364:	e1a01006 	mov	r1, r6
802d9368:	eb0001da 	bl	802d9ad8 <__memcpy_from_arm>
802d936c:	e5940000 	ldr	r0, [r4]
802d9370:	e0800005 	add	r0, r0, r5
802d9374:	e5840000 	str	r0, [r4]
802d9378:	e8bd8070 	pop	{r4, r5, r6, pc}

802d937c <writeMQTTString>:
802d937c:	e92d4030 	push	{r4, r5, lr}
802d9380:	e24dd014 	sub	sp, sp, #20
802d9384:	e28dc010 	add	ip, sp, #16
802d9388:	e90c000e 	stmdb	ip, {r1, r2, r3}
802d938c:	e59d5008 	ldr	r5, [sp, #8]
802d9390:	e3550000 	cmp	r5, #0
802d9394:	da00000b 	ble	802d93c8 <writeMQTTString+0x4c>
802d9398:	e1a01005 	mov	r1, r5
802d939c:	e1a04000 	mov	r4, r0
802d93a0:	ebffffd2 	bl	802d92f0 <writeInt>
802d93a4:	e59d100c 	ldr	r1, [sp, #12]
802d93a8:	e1a02005 	mov	r2, r5
802d93ac:	e5900000 	ldr	r0, [r0]
802d93b0:	eb0001c8 	bl	802d9ad8 <__memcpy_from_arm>
802d93b4:	e5943000 	ldr	r3, [r4]
802d93b8:	e0835005 	add	r5, r3, r5
802d93bc:	e5845000 	str	r5, [r4]
802d93c0:	e28dd014 	add	sp, sp, #20
802d93c4:	e8bd8030 	pop	{r4, r5, pc}
802d93c8:	e59d1004 	ldr	r1, [sp, #4]
802d93cc:	e3510000 	cmp	r1, #0
802d93d0:	0a000002 	beq	802d93e0 <writeMQTTString+0x64>
802d93d4:	e28dd014 	add	sp, sp, #20
802d93d8:	e8bd4030 	pop	{r4, r5, lr}
802d93dc:	eaffffd5 	b	802d9338 <writeCString>
802d93e0:	e28dd014 	add	sp, sp, #20
802d93e4:	e8bd4030 	pop	{r4, r5, lr}
802d93e8:	eaffffc0 	b	802d92f0 <writeInt>

802d93ec <MQTTstrlen>:
802d93ec:	e24dd010 	sub	sp, sp, #16
802d93f0:	e28d3010 	add	r3, sp, #16
802d93f4:	e9030007 	stmdb	r3, {r0, r1, r2}
802d93f8:	e59d0004 	ldr	r0, [sp, #4]
802d93fc:	e3500000 	cmp	r0, #0
802d9400:	0a000001 	beq	802d940c <MQTTstrlen+0x20>
802d9404:	e28dd010 	add	sp, sp, #16
802d9408:	ea000130 	b	802d98d0 <__strlen_from_arm>
802d940c:	e59d0008 	ldr	r0, [sp, #8]
802d9410:	e28dd010 	add	sp, sp, #16
802d9414:	e12fff1e 	bx	lr

802d9418 <MQTTSerialize_publishLength>:
802d9418:	e92d401f 	push	{r0, r1, r2, r3, r4, lr}
802d941c:	e1a04000 	mov	r4, r0
802d9420:	e28d0004 	add	r0, sp, #4
802d9424:	e880000e 	stm	r0, {r1, r2, r3}
802d9428:	e8900007 	ldm	r0, {r0, r1, r2}
802d942c:	ebffffee 	bl	802d93ec <MQTTstrlen>
802d9430:	e59d3018 	ldr	r3, [sp, #24]
802d9434:	e3540000 	cmp	r4, #0
802d9438:	e2800002 	add	r0, r0, #2
802d943c:	e0800003 	add	r0, r0, r3
802d9440:	c2800002 	addgt	r0, r0, #2
802d9444:	e28dd010 	add	sp, sp, #16
802d9448:	e8bd8010 	pop	{r4, pc}

802d944c <MQTTSerialize_publish>:
802d944c:	e92d4ff0 	push	{r4, r5, r6, r7, r8, r9, sl, fp, lr}
802d9450:	e1a07003 	mov	r7, r3
802d9454:	e24dd014 	sub	sp, sp, #20
802d9458:	e1a0b001 	mov	fp, r1
802d945c:	e28d4040 	add	r4, sp, #64	; 0x40
802d9460:	e58d000c 	str	r0, [sp, #12]
802d9464:	e1a08000 	mov	r8, r0
802d9468:	e59d6050 	ldr	r6, [sp, #80]	; 0x50
802d946c:	e1a0a002 	mov	sl, r2
802d9470:	e58d6000 	str	r6, [sp]
802d9474:	e1a00007 	mov	r0, r7
802d9478:	e894000e 	ldm	r4, {r1, r2, r3}
802d947c:	ebffffe5 	bl	802d9418 <MQTTSerialize_publishLength>
802d9480:	e1a09000 	mov	r9, r0
802d9484:	ebffff86 	bl	802d92a4 <MQTTPacket_len>
802d9488:	e150000b 	cmp	r0, fp
802d948c:	c3e00001 	mvngt	r0, #1
802d9490:	ca00001e 	bgt	802d9510 <MQTTSerialize_publish+0xc4>
802d9494:	e3a03003 	mov	r3, #3
802d9498:	e3a05000 	mov	r5, #0
802d949c:	e7c75213 	bfi	r5, r3, #4, #4
802d94a0:	e5dd3038 	ldrb	r3, [sp, #56]	; 0x38
802d94a4:	e7c3519a 	bfi	r5, sl, #3, #1
802d94a8:	e7c25097 	bfi	r5, r7, #1, #2
802d94ac:	e7c05013 	bfi	r5, r3, #0, #1
802d94b0:	e28d000c 	add	r0, sp, #12
802d94b4:	e6ef1075 	uxtb	r1, r5
802d94b8:	ebffff86 	bl	802d92d8 <writeChar>
802d94bc:	e59d000c 	ldr	r0, [sp, #12]
802d94c0:	e1a01009 	mov	r1, r9
802d94c4:	ebffff62 	bl	802d9254 <MQTTPacket_encode>
802d94c8:	e59d300c 	ldr	r3, [sp, #12]
802d94cc:	e0830000 	add	r0, r3, r0
802d94d0:	e894000e 	ldm	r4, {r1, r2, r3}
802d94d4:	e58d000c 	str	r0, [sp, #12]
802d94d8:	e28d000c 	add	r0, sp, #12
802d94dc:	ebffffa6 	bl	802d937c <writeMQTTString>
802d94e0:	e3570000 	cmp	r7, #0
802d94e4:	da000002 	ble	802d94f4 <MQTTSerialize_publish+0xa8>
802d94e8:	e1dd13bc 	ldrh	r1, [sp, #60]	; 0x3c
802d94ec:	e28d000c 	add	r0, sp, #12
802d94f0:	ebffff7e 	bl	802d92f0 <writeInt>
802d94f4:	e59d104c 	ldr	r1, [sp, #76]	; 0x4c
802d94f8:	e1a02006 	mov	r2, r6
802d94fc:	e59d000c 	ldr	r0, [sp, #12]
802d9500:	eb000174 	bl	802d9ad8 <__memcpy_from_arm>
802d9504:	e59d000c 	ldr	r0, [sp, #12]
802d9508:	e0800006 	add	r0, r0, r6
802d950c:	e0400008 	sub	r0, r0, r8
802d9510:	e28dd014 	add	sp, sp, #20
802d9514:	e8bd8ff0 	pop	{r4, r5, r6, r7, r8, r9, sl, fp, pc}

802d9518 <MQTTSerialize_subscribeLength>:
802d9518:	e92d41f0 	push	{r4, r5, r6, r7, r8, lr}
802d951c:	e1a06000 	mov	r6, r0
802d9520:	e1a07001 	mov	r7, r1
802d9524:	e3a05002 	mov	r5, #2
802d9528:	e3a04000 	mov	r4, #0
802d952c:	e3a0800c 	mov	r8, #12
802d9530:	e1540006 	cmp	r4, r6
802d9534:	ba000001 	blt	802d9540 <MQTTSerialize_subscribeLength+0x28>
802d9538:	e1a00005 	mov	r0, r5
802d953c:	e8bd81f0 	pop	{r4, r5, r6, r7, r8, pc}
802d9540:	e0237498 	mla	r3, r8, r4, r7
802d9544:	e2844001 	add	r4, r4, #1
802d9548:	e8930007 	ldm	r3, {r0, r1, r2}
802d954c:	ebffffa6 	bl	802d93ec <MQTTstrlen>
802d9550:	e2800003 	add	r0, r0, #3
802d9554:	e0855000 	add	r5, r5, r0
802d9558:	eafffff4 	b	802d9530 <MQTTSerialize_subscribeLength+0x18>

802d955c <MQTTSerialize_subscribe>:
802d955c:	e92d4ff7 	push	{r0, r1, r2, r4, r5, r6, r7, r8, r9, sl, fp, lr}
802d9560:	e59d6030 	ldr	r6, [sp, #48]	; 0x30
802d9564:	e1a0b001 	mov	fp, r1
802d9568:	e59d7034 	ldr	r7, [sp, #52]	; 0x34
802d956c:	e1a05000 	mov	r5, r0
802d9570:	e58d0004 	str	r0, [sp, #4]
802d9574:	e1a01007 	mov	r1, r7
802d9578:	e1a00006 	mov	r0, r6
802d957c:	e1a08002 	mov	r8, r2
802d9580:	e1a09003 	mov	r9, r3
802d9584:	ebffffe3 	bl	802d9518 <MQTTSerialize_subscribeLength>
802d9588:	e1a0a000 	mov	sl, r0
802d958c:	ebffff44 	bl	802d92a4 <MQTTPacket_len>
802d9590:	e150000b 	cmp	r0, fp
802d9594:	c3e00001 	mvngt	r0, #1
802d9598:	ca000014 	bgt	802d95f0 <MQTTSerialize_subscribe+0x94>
802d959c:	e3a04000 	mov	r4, #0
802d95a0:	e28d0004 	add	r0, sp, #4
802d95a4:	e7c34198 	bfi	r4, r8, #3, #1
802d95a8:	e2041009 	and	r1, r4, #9
802d95ac:	e3a04000 	mov	r4, #0
802d95b0:	e3811082 	orr	r1, r1, #130	; 0x82
802d95b4:	ebffff47 	bl	802d92d8 <writeChar>
802d95b8:	e59d0004 	ldr	r0, [sp, #4]
802d95bc:	e1a0100a 	mov	r1, sl
802d95c0:	ebffff23 	bl	802d9254 <MQTTPacket_encode>
802d95c4:	e59d3004 	ldr	r3, [sp, #4]
802d95c8:	e1a01009 	mov	r1, r9
802d95cc:	e3a0900c 	mov	r9, #12
802d95d0:	e0830000 	add	r0, r3, r0
802d95d4:	e58d0004 	str	r0, [sp, #4]
802d95d8:	e28d0004 	add	r0, sp, #4
802d95dc:	ebffff43 	bl	802d92f0 <writeInt>
802d95e0:	e1540006 	cmp	r4, r6
802d95e4:	ba000003 	blt	802d95f8 <MQTTSerialize_subscribe+0x9c>
802d95e8:	e59d0004 	ldr	r0, [sp, #4]
802d95ec:	e0400005 	sub	r0, r0, r5
802d95f0:	e28dd00c 	add	sp, sp, #12
802d95f4:	e8bd8ff0 	pop	{r4, r5, r6, r7, r8, r9, sl, fp, pc}
802d95f8:	e0237499 	mla	r3, r9, r4, r7
802d95fc:	e28d0004 	add	r0, sp, #4
802d9600:	e893000e 	ldm	r3, {r1, r2, r3}
802d9604:	ebffff5c 	bl	802d937c <writeMQTTString>
802d9608:	e59d3038 	ldr	r3, [sp, #56]	; 0x38
802d960c:	e28d0004 	add	r0, sp, #4
802d9610:	e7d31104 	ldrb	r1, [r3, r4, lsl #2]
802d9614:	e2844001 	add	r4, r4, #1
802d9618:	ebffff2e 	bl	802d92d8 <writeChar>
802d961c:	eaffffef 	b	802d95e0 <MQTTSerialize_subscribe+0x84>

802d9620 <cm_mqtt_get_time_s>:
802d9620:	e92d4010 	push	{r4, lr}
802d9624:	eb0000ff 	bl	802d9a28 <__osKernelGetTickCount_veneer>
802d9628:	e1a04000 	mov	r4, r0
802d962c:	eb0000bf 	bl	802d9930 <__osKernelGetTickFreq_veneer>
802d9630:	e3a03ffa 	mov	r3, #1000	; 0x3e8
802d9634:	e730f013 	udiv	r0, r3, r0
802d9638:	e0000094 	mul	r0, r4, r0
802d963c:	e730f310 	udiv	r0, r0, r3
802d9640:	e8bd8010 	pop	{r4, pc}

802d9644 <cm_mqtt_get_time_ms>:
802d9644:	e92d4010 	push	{r4, lr}
802d9648:	eb0000f6 	bl	802d9a28 <__osKernelGetTickCount_veneer>
802d964c:	e1a04000 	mov	r4, r0
802d9650:	eb0000b6 	bl	802d9930 <__osKernelGetTickFreq_veneer>
802d9654:	e3a03ffa 	mov	r3, #1000	; 0x3e8
802d9658:	e3a01000 	mov	r1, #0
802d965c:	e730f013 	udiv	r0, r3, r0
802d9660:	e0000094 	mul	r0, r4, r0
802d9664:	e8bd8010 	pop	{r4, pc}

802d9668 <cm_mqtt_mutex_acquire>:
802d9668:	ea0000fc 	b	802d9a60 <__osMutexAcquire_veneer>

802d966c <cm_mqtt_mutex_release>:
802d966c:	ea0000ff 	b	802d9a70 <__osMutexRelease_veneer>

802d9670 <cm_mqtt_queue_put>:
802d9670:	e1a03002 	mov	r3, r2
802d9674:	e3a02000 	mov	r2, #0
802d9678:	ea000114 	b	802d9ad0 <__osMessageQueuePut_veneer>

802d967c <cm_mqtt_timer_start>:
802d967c:	ea000103 	b	802d9a90 <__osTimerStart_veneer>

802d9680 <cm_mqtt_timer_stop>:
802d9680:	ea0000ea 	b	802d9a30 <__osTimerStop_veneer>

802d9684 <cm_mqtt_timer_is_running>:
802d9684:	ea000109 	b	802d9ab0 <__osTimerIsRunning_veneer>

802d9688 <linklist_append_to_tail>:
802d9688:	e3520000 	cmp	r2, #0
802d968c:	e92d41f0 	push	{r4, r5, r6, r7, r8, lr}
802d9690:	c3a06000 	movgt	r6, #0
802d9694:	d3a06001 	movle	r6, #1
802d9698:	e3510000 	cmp	r1, #0
802d969c:	03a06001 	moveq	r6, #1
802d96a0:	e3500000 	cmp	r0, #0
802d96a4:	03a06001 	moveq	r6, #1
802d96a8:	e3560000 	cmp	r6, #0
802d96ac:	0a000002 	beq	802d96bc <linklist_append_to_tail+0x34>
802d96b0:	e3a05000 	mov	r5, #0
802d96b4:	e1a00005 	mov	r0, r5
802d96b8:	e8bd81f0 	pop	{r4, r5, r6, r7, r8, pc}
802d96bc:	e1a04000 	mov	r4, r0
802d96c0:	e3a00010 	mov	r0, #16
802d96c4:	e1a07002 	mov	r7, r2
802d96c8:	e1a08001 	mov	r8, r1
802d96cc:	eb00009b 	bl	802d9940 <__cm_malloc_veneer>
802d96d0:	e2505000 	subs	r5, r0, #0
802d96d4:	0afffff5 	beq	802d96b0 <linklist_append_to_tail+0x28>
802d96d8:	e5857004 	str	r7, [r5, #4]
802d96dc:	e3e01000 	mvn	r1, #0
802d96e0:	e5858000 	str	r8, [r5]
802d96e4:	e585600c 	str	r6, [r5, #12]
802d96e8:	e5940010 	ldr	r0, [r4, #16]
802d96ec:	ebffffdd 	bl	802d9668 <cm_mqtt_mutex_acquire>
802d96f0:	e5942000 	ldr	r2, [r4]
802d96f4:	e5943004 	ldr	r3, [r4, #4]
802d96f8:	e5853008 	str	r3, [r5, #8]
802d96fc:	e3520000 	cmp	r2, #0
802d9700:	e594200c 	ldr	r2, [r4, #12]
802d9704:	1583500c 	strne	r5, [r3, #12]
802d9708:	e5943008 	ldr	r3, [r4, #8]
802d970c:	e0827007 	add	r7, r2, r7
802d9710:	05845000 	streq	r5, [r4]
802d9714:	e5845004 	str	r5, [r4, #4]
802d9718:	e2833001 	add	r3, r3, #1
802d971c:	e584700c 	str	r7, [r4, #12]
802d9720:	e5843008 	str	r3, [r4, #8]
802d9724:	e5940010 	ldr	r0, [r4, #16]
802d9728:	ebffffcf 	bl	802d966c <cm_mqtt_mutex_release>
802d972c:	eaffffe0 	b	802d96b4 <linklist_append_to_tail+0x2c>

802d9730 <linklist_insert_before_index>:
802d9730:	e3530000 	cmp	r3, #0
802d9734:	c3a0c000 	movgt	ip, #0
802d9738:	d3a0c001 	movle	ip, #1
802d973c:	e3520000 	cmp	r2, #0
802d9740:	03a0c001 	moveq	ip, #1
802d9744:	e3500000 	cmp	r0, #0
802d9748:	03a0c001 	moveq	ip, #1
802d974c:	e35c0000 	cmp	ip, #0
802d9750:	e92d41f0 	push	{r4, r5, r6, r7, r8, lr}
802d9754:	0a000002 	beq	802d9764 <linklist_insert_before_index+0x34>
802d9758:	e3a04000 	mov	r4, #0
802d975c:	e1a00004 	mov	r0, r4
802d9760:	e8bd81f0 	pop	{r4, r5, r6, r7, r8, pc}
802d9764:	e1a07001 	mov	r7, r1
802d9768:	e1a01002 	mov	r1, r2
802d976c:	e3570000 	cmp	r7, #0
802d9770:	1a000002 	bne	802d9780 <linklist_insert_before_index+0x50>
802d9774:	e1a02003 	mov	r2, r3
802d9778:	e8bd41f0 	pop	{r4, r5, r6, r7, r8, lr}
802d977c:	eaffffc1 	b	802d9688 <linklist_append_to_tail>
802d9780:	e1a05000 	mov	r5, r0
802d9784:	e3a00010 	mov	r0, #16
802d9788:	e1a06003 	mov	r6, r3
802d978c:	e1a08002 	mov	r8, r2
802d9790:	eb00006a 	bl	802d9940 <__cm_malloc_veneer>
802d9794:	e2504000 	subs	r4, r0, #0
802d9798:	0affffee 	beq	802d9758 <linklist_insert_before_index+0x28>
802d979c:	e5846004 	str	r6, [r4, #4]
802d97a0:	e3e01000 	mvn	r1, #0
802d97a4:	e5848000 	str	r8, [r4]
802d97a8:	e5950010 	ldr	r0, [r5, #16]
802d97ac:	ebffffad 	bl	802d9668 <cm_mqtt_mutex_acquire>
802d97b0:	e5973008 	ldr	r3, [r7, #8]
802d97b4:	e5843008 	str	r3, [r4, #8]
802d97b8:	e584700c 	str	r7, [r4, #12]
802d97bc:	e5874008 	str	r4, [r7, #8]
802d97c0:	e5943008 	ldr	r3, [r4, #8]
802d97c4:	e5950010 	ldr	r0, [r5, #16]
802d97c8:	e3530000 	cmp	r3, #0
802d97cc:	1583400c 	strne	r4, [r3, #12]
802d97d0:	e5953008 	ldr	r3, [r5, #8]
802d97d4:	05854000 	streq	r4, [r5]
802d97d8:	e2833001 	add	r3, r3, #1
802d97dc:	e5853008 	str	r3, [r5, #8]
802d97e0:	e595300c 	ldr	r3, [r5, #12]
802d97e4:	e0836006 	add	r6, r3, r6
802d97e8:	e585600c 	str	r6, [r5, #12]
802d97ec:	ebffff9e 	bl	802d966c <cm_mqtt_mutex_release>
802d97f0:	eaffffd9 	b	802d975c <linklist_insert_before_index+0x2c>

802d97f4 <linklist_remove_element>:
802d97f4:	e3510000 	cmp	r1, #0
802d97f8:	13500000 	cmpne	r0, #0
802d97fc:	0a000021 	beq	802d9888 <linklist_remove_element+0x94>
802d9800:	e92d4070 	push	{r4, r5, r6, lr}
802d9804:	e1a05001 	mov	r5, r1
802d9808:	e1a04000 	mov	r4, r0
802d980c:	e5900010 	ldr	r0, [r0, #16]
802d9810:	e3e01000 	mvn	r1, #0
802d9814:	ebffff93 	bl	802d9668 <cm_mqtt_mutex_acquire>
802d9818:	e5953008 	ldr	r3, [r5, #8]
802d981c:	e595200c 	ldr	r2, [r5, #12]
802d9820:	e5940010 	ldr	r0, [r4, #16]
802d9824:	e3530000 	cmp	r3, #0
802d9828:	1583200c 	strne	r2, [r3, #12]
802d982c:	05842000 	streq	r2, [r4]
802d9830:	e595200c 	ldr	r2, [r5, #12]
802d9834:	e3520000 	cmp	r2, #0
802d9838:	15823008 	strne	r3, [r2, #8]
802d983c:	05843004 	streq	r3, [r4, #4]
802d9840:	e5943008 	ldr	r3, [r4, #8]
802d9844:	e5952004 	ldr	r2, [r5, #4]
802d9848:	e2433001 	sub	r3, r3, #1
802d984c:	e5843008 	str	r3, [r4, #8]
802d9850:	e594300c 	ldr	r3, [r4, #12]
802d9854:	e0433002 	sub	r3, r3, r2
802d9858:	e584300c 	str	r3, [r4, #12]
802d985c:	ebffff82 	bl	802d966c <cm_mqtt_mutex_release>
802d9860:	e5950000 	ldr	r0, [r5]
802d9864:	e3500000 	cmp	r0, #0
802d9868:	0a000002 	beq	802d9878 <linklist_remove_element+0x84>
802d986c:	eb000095 	bl	802d9ac8 <__cm_free_veneer>
802d9870:	e3a03000 	mov	r3, #0
802d9874:	e5853000 	str	r3, [r5]
802d9878:	e1a00005 	mov	r0, r5
802d987c:	eb000091 	bl	802d9ac8 <__cm_free_veneer>
802d9880:	e3a00000 	mov	r0, #0
802d9884:	e8bd8070 	pop	{r4, r5, r6, pc}
802d9888:	e3e00000 	mvn	r0, #0
802d988c:	e12fff1e 	bx	lr

802d9890 <linklist_next_element>:
802d9890:	e3500000 	cmp	r0, #0
802d9894:	012fff1e 	bxeq	lr
802d9898:	e5913000 	ldr	r3, [r1]
802d989c:	e3530000 	cmp	r3, #0
802d98a0:	05900000 	ldreq	r0, [r0]
802d98a4:	1593000c 	ldrne	r0, [r3, #12]
802d98a8:	e5810000 	str	r0, [r1]
802d98ac:	e12fff1e 	bx	lr

802d98b0 <_sbrk>:
802d98b0:	f242 7218 	movw	r2, #10008	; 0x2718
802d98b4:	f6c7 621e 	movt	r2, #32286	; 0x7e1e
802d98b8:	f242 7120 	movw	r1, #10016	; 0x2720
802d98bc:	f6c7 611e 	movt	r1, #32286	; 0x7e1e
802d98c0:	6813      	ldr	r3, [r2, #0]
802d98c2:	2b00      	cmp	r3, #0
802d98c4:	bf08      	it	eq
802d98c6:	460b      	moveq	r3, r1
802d98c8:	4418      	add	r0, r3
802d98ca:	6010      	str	r0, [r2, #0]
802d98cc:	4618      	mov	r0, r3
802d98ce:	4770      	bx	lr

802d98d0 <__strlen_from_arm>:
802d98d0:	e51ff004 	ldr	pc, [pc, #-4]	; 802d98d4 <__strlen_from_arm+0x4>
802d98d4:	7e1d5969 	.word	0x7e1d5969

802d98d8 <__app_log_output_veneer>:
802d98d8:	e51ff004 	ldr	pc, [pc, #-4]	; 802d98dc <__app_log_output_veneer+0x4>
802d98dc:	7e1d2abc 	.word	0x7e1d2abc

802d98e0 <____aeabi_dadd_from_arm>:
802d98e0:	e51ff004 	ldr	pc, [pc, #-4]	; 802d98e4 <____aeabi_dadd_from_arm+0x4>
802d98e4:	7e1db1fd 	.word	0x7e1db1fd

802d98e8 <__app_command_set_imei_veneer>:
802d98e8:	e51ff004 	ldr	pc, [pc, #-4]	; 802d98ec <__app_command_set_imei_veneer+0x4>
802d98ec:	7e1d4538 	.word	0x7e1d4538

802d98f0 <__cm_adc_read_veneer>:
802d98f0:	e51ff004 	ldr	pc, [pc, #-4]	; 802d98f4 <__cm_adc_read_veneer+0x4>
802d98f4:	7e1d23ac 	.word	0x7e1d23ac

802d98f8 <__cm_pm_work_lock_veneer>:
802d98f8:	e51ff004 	ldr	pc, [pc, #-4]	; 802d98fc <__cm_pm_work_lock_veneer+0x4>
802d98fc:	7e1d21b4 	.word	0x7e1d21b4

802d9900 <__cm_httpclient_sync_free_data_veneer>:
802d9900:	e51ff004 	ldr	pc, [pc, #-4]	; 802d9904 <__cm_httpclient_sync_free_data_veneer+0x4>
802d9904:	7e1d238c 	.word	0x7e1d238c

802d9908 <__cm_uart_write_veneer>:
802d9908:	e51ff004 	ldr	pc, [pc, #-4]	; 802d990c <__cm_uart_write_veneer+0x4>
802d990c:	7e1d20d4 	.word	0x7e1d20d4

802d9910 <__cm_gpio_set_level_veneer>:
802d9910:	e51ff004 	ldr	pc, [pc, #-4]	; 802d9914 <__cm_gpio_set_level_veneer+0x4>
802d9914:	7e1d216c 	.word	0x7e1d216c

802d9918 <__cm_log_printf_veneer>:
802d9918:	e51ff004 	ldr	pc, [pc, #-4]	; 802d991c <__cm_log_printf_veneer+0x4>
802d991c:	7e1d210c 	.word	0x7e1d210c

802d9920 <__cm_uart_close_veneer>:
802d9920:	e51ff004 	ldr	pc, [pc, #-4]	; 802d9924 <__cm_uart_close_veneer+0x4>
802d9924:	7e1d20d0 	.word	0x7e1d20d0

802d9928 <__memset_from_arm>:
802d9928:	e51ff004 	ldr	pc, [pc, #-4]	; 802d992c <__memset_from_arm+0x4>
802d992c:	7e1d5129 	.word	0x7e1d5129

802d9930 <__osKernelGetTickFreq_veneer>:
802d9930:	e51ff004 	ldr	pc, [pc, #-4]	; 802d9934 <__osKernelGetTickFreq_veneer+0x4>
802d9934:	7e1d2008 	.word	0x7e1d2008

802d9938 <____aeabi_dsub_from_arm>:
802d9938:	e51ff004 	ldr	pc, [pc, #-4]	; 802d993c <____aeabi_dsub_from_arm+0x4>
802d993c:	7e1db1f9 	.word	0x7e1db1f9

802d9940 <__cm_malloc_veneer>:
802d9940:	e51ff004 	ldr	pc, [pc, #-4]	; 802d9944 <__cm_malloc_veneer+0x4>
802d9944:	7e1d20f0 	.word	0x7e1d20f0

802d9948 <__cm_ota_set_otasize_veneer>:
802d9948:	e51ff004 	ldr	pc, [pc, #-4]	; 802d994c <__cm_ota_set_otasize_veneer+0x4>
802d994c:	7e1d2338 	.word	0x7e1d2338

802d9950 <__cm_uart_register_event_veneer>:
802d9950:	e51ff004 	ldr	pc, [pc, #-4]	; 802d9954 <__cm_uart_register_event_veneer+0x4>
802d9954:	7e1d20cc 	.word	0x7e1d20cc

802d9958 <__strtol_from_arm>:
802d9958:	e51ff004 	ldr	pc, [pc, #-4]	; 802d995c <__strtol_from_arm+0x4>
802d995c:	7e1d70ad 	.word	0x7e1d70ad

802d9960 <__cm_iomux_set_pin_func_veneer>:
802d9960:	e51ff004 	ldr	pc, [pc, #-4]	; 802d9964 <__cm_iomux_set_pin_func_veneer+0x4>
802d9964:	7e1d2194 	.word	0x7e1d2194

802d9968 <____aeabi_i2d_from_arm>:
802d9968:	e51ff004 	ldr	pc, [pc, #-4]	; 802d996c <____aeabi_i2d_from_arm+0x4>
802d996c:	7e1db495 	.word	0x7e1db495

802d9970 <__cm_gpio_get_level_veneer>:
802d9970:	e51ff004 	ldr	pc, [pc, #-4]	; 802d9974 <__cm_gpio_get_level_veneer+0x4>
802d9974:	7e1d2170 	.word	0x7e1d2170

802d9978 <__cm_uart_open_veneer>:
802d9978:	e51ff004 	ldr	pc, [pc, #-4]	; 802d997c <__cm_uart_open_veneer+0x4>
802d997c:	7e1d20c8 	.word	0x7e1d20c8

802d9980 <____aeabi_ddiv_from_arm>:
802d9980:	e51ff004 	ldr	pc, [pc, #-4]	; 802d9984 <____aeabi_ddiv_from_arm+0x4>
802d9984:	7e1db7bd 	.word	0x7e1db7bd

802d9988 <__cm_gpio_init_veneer>:
802d9988:	e51ff004 	ldr	pc, [pc, #-4]	; 802d998c <__cm_gpio_init_veneer+0x4>
802d998c:	7e1d2164 	.word	0x7e1d2164

802d9990 <__strncmp_from_arm>:
802d9990:	e51ff004 	ldr	pc, [pc, #-4]	; 802d9994 <__strncmp_from_arm+0x4>
802d9994:	7e1d59c5 	.word	0x7e1d59c5

802d9998 <__cm_httpclient_sync_request_veneer>:
802d9998:	e51ff004 	ldr	pc, [pc, #-4]	; 802d999c <__cm_httpclient_sync_request_veneer+0x4>
802d999c:	7e1d2388 	.word	0x7e1d2388

802d99a0 <__strstr_from_arm>:
802d99a0:	e51ff004 	ldr	pc, [pc, #-4]	; 802d99a4 <__strstr_from_arm+0x4>
802d99a4:	7e1d5e0d 	.word	0x7e1d5e0d

802d99a8 <__cm_ssl_write_veneer>:
802d99a8:	e51ff004 	ldr	pc, [pc, #-4]	; 802d99ac <__cm_ssl_write_veneer+0x4>
802d99ac:	7e1d23d0 	.word	0x7e1d23d0

802d99b0 <__osThreadNew_veneer>:
802d99b0:	e51ff004 	ldr	pc, [pc, #-4]	; 802d99b4 <__osThreadNew_veneer+0x4>
802d99b4:	7e1d2010 	.word	0x7e1d2010

802d99b8 <__cm_gpio_interrupt_enable_veneer>:
802d99b8:	e51ff004 	ldr	pc, [pc, #-4]	; 802d99bc <__cm_gpio_interrupt_enable_veneer+0x4>
802d99bc:	7e1d2188 	.word	0x7e1d2188

802d99c0 <__app_mqtt_init_veneer>:
802d99c0:	e51ff004 	ldr	pc, [pc, #-4]	; 802d99c4 <__app_mqtt_init_veneer+0x4>
802d99c4:	7e1d3d20 	.word	0x7e1d3d20

802d99c8 <__atof_from_arm>:
802d99c8:	e51ff004 	ldr	pc, [pc, #-4]	; 802d99cc <__atof_from_arm+0x4>
802d99cc:	7e1d4959 	.word	0x7e1d4959

802d99d0 <__strcpy_from_arm>:
802d99d0:	e51ff004 	ldr	pc, [pc, #-4]	; 802d99d4 <__strcpy_from_arm+0x4>
802d99d4:	7e1d58ad 	.word	0x7e1d58ad

802d99d8 <__cm_fs_close_veneer>:
802d99d8:	e51ff004 	ldr	pc, [pc, #-4]	; 802d99dc <__cm_fs_close_veneer+0x4>
802d99dc:	7e1d2118 	.word	0x7e1d2118

802d99e0 <__cm_ota_upgrade_veneer>:
802d99e0:	e51ff004 	ldr	pc, [pc, #-4]	; 802d99e4 <__cm_ota_upgrade_veneer+0x4>
802d99e4:	7e1d2350 	.word	0x7e1d2350

802d99e8 <__cm_httpclient_create_veneer>:
802d99e8:	e51ff004 	ldr	pc, [pc, #-4]	; 802d99ec <__cm_httpclient_create_veneer+0x4>
802d99ec:	7e1d235c 	.word	0x7e1d235c

802d99f0 <__strncpy_from_arm>:
802d99f0:	e51ff004 	ldr	pc, [pc, #-4]	; 802d99f4 <__strncpy_from_arm+0x4>
802d99f4:	7e1d5a69 	.word	0x7e1d5a69

802d99f8 <__cm_gpio_interrupt_register_veneer>:
802d99f8:	e51ff004 	ldr	pc, [pc, #-4]	; 802d99fc <__cm_gpio_interrupt_register_veneer+0x4>
802d99fc:	7e1d2184 	.word	0x7e1d2184

802d9a00 <__app_mode_init_veneer>:
802d9a00:	e51ff004 	ldr	pc, [pc, #-4]	; 802d9a04 <__app_mode_init_veneer+0x4>
802d9a04:	7e1d3918 	.word	0x7e1d3918

802d9a08 <____aeabi_d2f_from_arm>:
802d9a08:	e51ff004 	ldr	pc, [pc, #-4]	; 802d9a0c <____aeabi_d2f_from_arm+0x4>
802d9a0c:	7e1dbb59 	.word	0x7e1dbb59

802d9a10 <____aeabi_dmul_from_arm>:
802d9a10:	e51ff004 	ldr	pc, [pc, #-4]	; 802d9a14 <____aeabi_dmul_from_arm+0x4>
802d9a14:	7e1db569 	.word	0x7e1db569

802d9a18 <__osMutexNew_veneer>:
802d9a18:	e51ff004 	ldr	pc, [pc, #-4]	; 802d9a1c <__osMutexNew_veneer+0x4>
802d9a1c:	7e1d207c 	.word	0x7e1d207c

802d9a20 <__cm_adc_vbat_read_veneer>:
802d9a20:	e51ff004 	ldr	pc, [pc, #-4]	; 802d9a24 <__cm_adc_vbat_read_veneer+0x4>
802d9a24:	7e1d23b0 	.word	0x7e1d23b0

802d9a28 <__osKernelGetTickCount_veneer>:
802d9a28:	e51ff004 	ldr	pc, [pc, #-4]	; 802d9a2c <__osKernelGetTickCount_veneer+0x4>
802d9a2c:	7e1d200c 	.word	0x7e1d200c

802d9a30 <__osTimerStop_veneer>:
802d9a30:	e51ff004 	ldr	pc, [pc, #-4]	; 802d9a34 <__osTimerStop_veneer+0x4>
802d9a34:	7e1d2058 	.word	0x7e1d2058

802d9a38 <__cm_pm_init_veneer>:
802d9a38:	e51ff004 	ldr	pc, [pc, #-4]	; 802d9a3c <__cm_pm_init_veneer+0x4>
802d9a3c:	7e1d21bc 	.word	0x7e1d21bc

802d9a40 <__cm_uart_read_veneer>:
802d9a40:	e51ff004 	ldr	pc, [pc, #-4]	; 802d9a44 <__cm_uart_read_veneer+0x4>
802d9a44:	7e1d20d8 	.word	0x7e1d20d8

802d9a48 <__atoi_from_arm>:
802d9a48:	e51ff004 	ldr	pc, [pc, #-4]	; 802d9a4c <__atoi_from_arm+0x4>
802d9a4c:	7e1d4961 	.word	0x7e1d4961

802d9a50 <__cm_sys_get_imei_veneer>:
802d9a50:	e51ff004 	ldr	pc, [pc, #-4]	; 802d9a54 <__cm_sys_get_imei_veneer+0x4>
802d9a54:	7e1d2100 	.word	0x7e1d2100

802d9a58 <__cm_fs_open_veneer>:
802d9a58:	e51ff004 	ldr	pc, [pc, #-4]	; 802d9a5c <__cm_fs_open_veneer+0x4>
802d9a5c:	7e1d2114 	.word	0x7e1d2114

802d9a60 <__osMutexAcquire_veneer>:
802d9a60:	e51ff004 	ldr	pc, [pc, #-4]	; 802d9a64 <__osMutexAcquire_veneer+0x4>
802d9a64:	7e1d2080 	.word	0x7e1d2080

802d9a68 <__snprintf_from_arm>:
802d9a68:	e51ff004 	ldr	pc, [pc, #-4]	; 802d9a6c <__snprintf_from_arm+0x4>
802d9a6c:	7e1d557d 	.word	0x7e1d557d

802d9a70 <__osMutexRelease_veneer>:
802d9a70:	e51ff004 	ldr	pc, [pc, #-4]	; 802d9a74 <__osMutexRelease_veneer+0x4>
802d9a74:	7e1d2084 	.word	0x7e1d2084

802d9a78 <__cm_fs_write_veneer>:
802d9a78:	e51ff004 	ldr	pc, [pc, #-4]	; 802d9a7c <__cm_fs_write_veneer+0x4>
802d9a7c:	7e1d2120 	.word	0x7e1d2120

802d9a80 <__strcmp_from_arm>:
802d9a80:	e51ff004 	ldr	pc, [pc, #-4]	; 802d9a84 <__strcmp_from_arm+0x4>
802d9a84:	7e1d56f1 	.word	0x7e1d56f1

802d9a88 <__cm_httpclient_set_cfg_veneer>:
802d9a88:	e51ff004 	ldr	pc, [pc, #-4]	; 802d9a8c <__cm_httpclient_set_cfg_veneer+0x4>
802d9a8c:	7e1d2368 	.word	0x7e1d2368

802d9a90 <__osTimerStart_veneer>:
802d9a90:	e51ff004 	ldr	pc, [pc, #-4]	; 802d9a94 <__osTimerStart_veneer+0x4>
802d9a94:	7e1d2054 	.word	0x7e1d2054

802d9a98 <__app_util_gen_boot_id_veneer>:
802d9a98:	e51ff004 	ldr	pc, [pc, #-4]	; 802d9a9c <__app_util_gen_boot_id_veneer+0x4>
802d9a9c:	7e1d3c30 	.word	0x7e1d3c30

802d9aa0 <__cm_ota_init_veneer>:
802d9aa0:	e51ff004 	ldr	pc, [pc, #-4]	; 802d9aa4 <__cm_ota_init_veneer+0x4>
802d9aa4:	7e1d2340 	.word	0x7e1d2340

802d9aa8 <____aeabi_d2iz_from_arm>:
802d9aa8:	e51ff004 	ldr	pc, [pc, #-4]	; 802d9aac <____aeabi_d2iz_from_arm+0x4>
802d9aac:	7e1dbac9 	.word	0x7e1dbac9

802d9ab0 <__osTimerIsRunning_veneer>:
802d9ab0:	e51ff004 	ldr	pc, [pc, #-4]	; 802d9ab4 <__osTimerIsRunning_veneer+0x4>
802d9ab4:	7e1d205c 	.word	0x7e1d205c

802d9ab8 <__osDelay_veneer>:
802d9ab8:	e51ff004 	ldr	pc, [pc, #-4]	; 802d9abc <__osDelay_veneer+0x4>
802d9abc:	7e1d2048 	.word	0x7e1d2048

802d9ac0 <__cm_ota_firmware_erase_veneer>:
802d9ac0:	e51ff004 	ldr	pc, [pc, #-4]	; 802d9ac4 <__cm_ota_firmware_erase_veneer+0x4>
802d9ac4:	7e1d234c 	.word	0x7e1d234c

802d9ac8 <__cm_free_veneer>:
802d9ac8:	e51ff004 	ldr	pc, [pc, #-4]	; 802d9acc <__cm_free_veneer+0x4>
802d9acc:	7e1d20fc 	.word	0x7e1d20fc

802d9ad0 <__osMessageQueuePut_veneer>:
802d9ad0:	e51ff004 	ldr	pc, [pc, #-4]	; 802d9ad4 <__osMessageQueuePut_veneer+0x4>
802d9ad4:	7e1d20c4 	.word	0x7e1d20c4

802d9ad8 <__memcpy_from_arm>:
802d9ad8:	e51ff004 	ldr	pc, [pc, #-4]	; 802d9adc <__memcpy_from_arm+0x4>
802d9adc:	7e1d4f6d 	.word	0x7e1d4f6d

802d9ae0 <__osTimerNew_veneer>:
802d9ae0:	e51ff004 	ldr	pc, [pc, #-4]	; 802d9ae4 <__osTimerNew_veneer+0x4>
802d9ae4:	7e1d204c 	.word	0x7e1d204c

802d9ae8 <__lwip_send_veneer>:
802d9ae8:	e51ff004 	ldr	pc, [pc, #-4]	; 802d9aec <__lwip_send_veneer+0x4>
802d9aec:	7e1d227c 	.word	0x7e1d227c

802d9af0 <__cm_httpclient_delete_veneer>:
802d9af0:	e51ff004 	ldr	pc, [pc, #-4]	; 802d9af4 <__cm_httpclient_delete_veneer+0x4>
802d9af4:	7e1d2360 	.word	0x7e1d2360

802d9af8 <__cm_ota_firmware_write_veneer>:
802d9af8:	e51ff004 	ldr	pc, [pc, #-4]	; 802d9afc <__cm_ota_firmware_write_veneer+0x4>
802d9afc:	7e1d2344 	.word	0x7e1d2344

802d9b00 <____aeabi_uldivmod_from_arm>:
802d9b00:	e51ff004 	ldr	pc, [pc, #-4]	; 802d9b04 <____aeabi_uldivmod_from_arm+0x4>
802d9b04:	7e1dbbf9 	.word	0x7e1dbbf9

Disassembly of section .sramtext:

7e1d2000 <osKernelLock>:
7e1d2000:	e59ff4d8 	ldr	pc, [pc, #1240]	; 7e1d24e0 <cm_onewire_read_data+0x4>

7e1d2004 <osKernelUnlock>:
7e1d2004:	e59ff4d8 	ldr	pc, [pc, #1240]	; 7e1d24e4 <cm_onewire_read_data+0x8>

7e1d2008 <osKernelGetTickFreq>:
7e1d2008:	e59ff4d8 	ldr	pc, [pc, #1240]	; 7e1d24e8 <cm_onewire_read_data+0xc>

7e1d200c <osKernelGetTickCount>:
7e1d200c:	e59ff4d8 	ldr	pc, [pc, #1240]	; 7e1d24ec <cm_onewire_read_data+0x10>

7e1d2010 <osThreadNew>:
7e1d2010:	e59ff4d8 	ldr	pc, [pc, #1240]	; 7e1d24f0 <cm_onewire_read_data+0x14>

7e1d2014 <osThreadGetName>:
7e1d2014:	e59ff4d8 	ldr	pc, [pc, #1240]	; 7e1d24f4 <cm_onewire_read_data+0x18>

7e1d2018 <osThreadGetId>:
7e1d2018:	e59ff4d8 	ldr	pc, [pc, #1240]	; 7e1d24f8 <cm_onewire_read_data+0x1c>

7e1d201c <osThreadGetState>:
7e1d201c:	e59ff4d8 	ldr	pc, [pc, #1240]	; 7e1d24fc <cm_onewire_read_data+0x20>

7e1d2020 <osThreadGetStackSize>:
7e1d2020:	e59ff4d8 	ldr	pc, [pc, #1240]	; 7e1d2500 <cm_onewire_read_data+0x24>

7e1d2024 <osThreadGetStackSpace>:
7e1d2024:	e59ff4d8 	ldr	pc, [pc, #1240]	; 7e1d2504 <cm_onewire_read_data+0x28>

7e1d2028 <osThreadExit>:
7e1d2028:	e59ff4d8 	ldr	pc, [pc, #1240]	; 7e1d2508 <cm_onewire_read_data+0x2c>

7e1d202c <osThreadTerminate>:
7e1d202c:	e59ff4d8 	ldr	pc, [pc, #1240]	; 7e1d250c <cm_onewire_read_data+0x30>

7e1d2030 <osThreadSetPriority>:
7e1d2030:	e59ff4d8 	ldr	pc, [pc, #1240]	; 7e1d2510 <cm_onewire_read_data+0x34>

7e1d2034 <osThreadGetPriority>:
7e1d2034:	e59ff4d8 	ldr	pc, [pc, #1240]	; 7e1d2514 <cm_onewire_read_data+0x38>

7e1d2038 <osThreadSuspend>:
7e1d2038:	e59ff4d8 	ldr	pc, [pc, #1240]	; 7e1d2518 <cm_onewire_read_data+0x3c>

7e1d203c <osThreadResume>:
7e1d203c:	e59ff4d8 	ldr	pc, [pc, #1240]	; 7e1d251c <cm_onewire_read_data+0x40>

7e1d2040 <osThreadYield>:
7e1d2040:	e59ff4d8 	ldr	pc, [pc, #1240]	; 7e1d2520 <cm_onewire_read_data+0x44>

7e1d2044 <osThreadGetCount>:
7e1d2044:	e59ff4d8 	ldr	pc, [pc, #1240]	; 7e1d2524 <cm_onewire_read_data+0x48>

7e1d2048 <osDelay>:
7e1d2048:	e59ff4d8 	ldr	pc, [pc, #1240]	; 7e1d2528 <cm_onewire_read_data+0x4c>

7e1d204c <osTimerNew>:
7e1d204c:	e59ff4d8 	ldr	pc, [pc, #1240]	; 7e1d252c <cm_onewire_read_data+0x50>

7e1d2050 <osTimerGetName>:
7e1d2050:	e59ff4d8 	ldr	pc, [pc, #1240]	; 7e1d2530 <cm_onewire_read_data+0x54>

7e1d2054 <osTimerStart>:
7e1d2054:	e59ff4d8 	ldr	pc, [pc, #1240]	; 7e1d2534 <cm_onewire_read_data+0x58>

7e1d2058 <osTimerStop>:
7e1d2058:	e59ff4d8 	ldr	pc, [pc, #1240]	; 7e1d2538 <cm_onewire_read_data+0x5c>

7e1d205c <osTimerIsRunning>:
7e1d205c:	e59ff4d8 	ldr	pc, [pc, #1240]	; 7e1d253c <cm_onewire_read_data+0x60>

7e1d2060 <osTimerDelete>:
7e1d2060:	e59ff4d8 	ldr	pc, [pc, #1240]	; 7e1d2540 <cm_onewire_read_data+0x64>

7e1d2064 <osEventFlagsNew>:
7e1d2064:	e59ff4d8 	ldr	pc, [pc, #1240]	; 7e1d2544 <cm_onewire_read_data+0x68>

7e1d2068 <osEventFlagsSet>:
7e1d2068:	e59ff4d8 	ldr	pc, [pc, #1240]	; 7e1d2548 <cm_onewire_read_data+0x6c>

7e1d206c <osEventFlagsGet>:
7e1d206c:	e59ff4d8 	ldr	pc, [pc, #1240]	; 7e1d254c <cm_onewire_read_data+0x70>

7e1d2070 <osEventFlagsClear>:
7e1d2070:	e59ff4d8 	ldr	pc, [pc, #1240]	; 7e1d2550 <cm_onewire_read_data+0x74>

7e1d2074 <osEventFlagsWait>:
7e1d2074:	e59ff4d8 	ldr	pc, [pc, #1240]	; 7e1d2554 <cm_onewire_read_data+0x78>

7e1d2078 <osEventFlagsDelete>:
7e1d2078:	e59ff4d8 	ldr	pc, [pc, #1240]	; 7e1d2558 <cm_onewire_read_data+0x7c>

7e1d207c <osMutexNew>:
7e1d207c:	e59ff4d8 	ldr	pc, [pc, #1240]	; 7e1d255c <cm_onewire_read_data+0x80>

7e1d2080 <osMutexAcquire>:
7e1d2080:	e59ff4d8 	ldr	pc, [pc, #1240]	; 7e1d2560 <cm_onewire_read_data+0x84>

7e1d2084 <osMutexRelease>:
7e1d2084:	e59ff4d8 	ldr	pc, [pc, #1240]	; 7e1d2564 <cm_onewire_read_data+0x88>

7e1d2088 <osMutexGetOwner>:
7e1d2088:	e59ff4d8 	ldr	pc, [pc, #1240]	; 7e1d2568 <cm_onewire_read_data+0x8c>

7e1d208c <osMutexDelete>:
7e1d208c:	e59ff4d8 	ldr	pc, [pc, #1240]	; 7e1d256c <cm_onewire_read_data+0x90>

7e1d2090 <osSemaphoreNew>:
7e1d2090:	e59ff4d8 	ldr	pc, [pc, #1240]	; 7e1d2570 <cm_onewire_read_data+0x94>

7e1d2094 <osSemaphoreAcquire>:
7e1d2094:	e59ff4d8 	ldr	pc, [pc, #1240]	; 7e1d2574 <cm_onewire_read_data+0x98>

7e1d2098 <osSemaphoreRelease>:
7e1d2098:	e59ff4d8 	ldr	pc, [pc, #1240]	; 7e1d2578 <cm_onewire_read_data+0x9c>

7e1d209c <osSemaphoreGetCount>:
7e1d209c:	e59ff4d8 	ldr	pc, [pc, #1240]	; 7e1d257c <cm_onewire_read_data+0xa0>

7e1d20a0 <osSemaphoreDelete>:
7e1d20a0:	e59ff4d8 	ldr	pc, [pc, #1240]	; 7e1d2580 <cm_onewire_read_data+0xa4>

7e1d20a4 <osMessageQueueGetCapacity>:
7e1d20a4:	e59ff4d8 	ldr	pc, [pc, #1240]	; 7e1d2584 <cm_onewire_read_data+0xa8>

7e1d20a8 <osMessageQueueGetMsgSize>:
7e1d20a8:	e59ff4d8 	ldr	pc, [pc, #1240]	; 7e1d2588 <cm_onewire_read_data+0xac>

7e1d20ac <osMessageQueueGetCount>:
7e1d20ac:	e59ff4d8 	ldr	pc, [pc, #1240]	; 7e1d258c <cm_onewire_read_data+0xb0>

7e1d20b0 <osMessageQueueGetSpace>:
7e1d20b0:	e59ff4d8 	ldr	pc, [pc, #1240]	; 7e1d2590 <cm_onewire_read_data+0xb4>

7e1d20b4 <osMessageQueueReset>:
7e1d20b4:	e59ff4d8 	ldr	pc, [pc, #1240]	; 7e1d2594 <cm_onewire_read_data+0xb8>

7e1d20b8 <osMessageQueueDelete>:
7e1d20b8:	e59ff4d8 	ldr	pc, [pc, #1240]	; 7e1d2598 <cm_onewire_read_data+0xbc>

7e1d20bc <osMessageQueueGet>:
7e1d20bc:	e59ff4d8 	ldr	pc, [pc, #1240]	; 7e1d259c <cm_onewire_read_data+0xc0>

7e1d20c0 <osMessageQueueNew>:
7e1d20c0:	e59ff4d8 	ldr	pc, [pc, #1240]	; 7e1d25a0 <cm_onewire_read_data+0xc4>

7e1d20c4 <osMessageQueuePut>:
7e1d20c4:	e59ff4d8 	ldr	pc, [pc, #1240]	; 7e1d25a4 <cm_onewire_read_data+0xc8>

7e1d20c8 <cm_uart_open>:
7e1d20c8:	e59ff4d8 	ldr	pc, [pc, #1240]	; 7e1d25a8 <cm_onewire_read_data+0xcc>

7e1d20cc <cm_uart_register_event>:
7e1d20cc:	e59ff4d8 	ldr	pc, [pc, #1240]	; 7e1d25ac <cm_onewire_read_data+0xd0>

7e1d20d0 <cm_uart_close>:
7e1d20d0:	e59ff4d8 	ldr	pc, [pc, #1240]	; 7e1d25b0 <cm_onewire_read_data+0xd4>

7e1d20d4 <cm_uart_write>:
7e1d20d4:	e59ff4d8 	ldr	pc, [pc, #1240]	; 7e1d25b4 <cm_onewire_read_data+0xd8>

7e1d20d8 <cm_uart_read>:
7e1d20d8:	e59ff4d8 	ldr	pc, [pc, #1240]	; 7e1d25b8 <cm_onewire_read_data+0xdc>

7e1d20dc <cm_uart_get_cfg>:
7e1d20dc:	e59ff4d8 	ldr	pc, [pc, #1240]	; 7e1d25bc <cm_onewire_read_data+0xe0>

7e1d20e0 <cm_uart_get_rxrb_data_len>:
7e1d20e0:	e59ff4d8 	ldr	pc, [pc, #1240]	; 7e1d25c0 <cm_onewire_read_data+0xe4>

7e1d20e4 <cm_uart_clean>:
7e1d20e4:	e59ff4d8 	ldr	pc, [pc, #1240]	; 7e1d25c4 <cm_onewire_read_data+0xe8>

7e1d20e8 <cm_uart_is_sending>:
7e1d20e8:	e59ff4d8 	ldr	pc, [pc, #1240]	; 7e1d25c8 <cm_onewire_read_data+0xec>

7e1d20ec <cm_mem_get_heap_stats>:
7e1d20ec:	e59ff4d8 	ldr	pc, [pc, #1240]	; 7e1d25cc <cm_onewire_read_data+0xf0>

7e1d20f0 <cm_malloc>:
7e1d20f0:	e59ff4d8 	ldr	pc, [pc, #1240]	; 7e1d25d0 <cm_onewire_read_data+0xf4>

7e1d20f4 <cm_realloc>:
7e1d20f4:	e59ff4d8 	ldr	pc, [pc, #1240]	; 7e1d25d4 <cm_onewire_read_data+0xf8>

7e1d20f8 <cm_calloc>:
7e1d20f8:	e59ff4d8 	ldr	pc, [pc, #1240]	; 7e1d25d8 <cm_onewire_read_data+0xfc>

7e1d20fc <cm_free>:
7e1d20fc:	e59ff4d8 	ldr	pc, [pc, #1240]	; 7e1d25dc <cm_onewire_read_data+0x100>

7e1d2100 <cm_sys_get_imei>:
7e1d2100:	e59ff4d8 	ldr	pc, [pc, #1240]	; 7e1d25e0 <cm_onewire_read_data+0x104>

7e1d2104 <cm_sys_get_sn>:
7e1d2104:	e59ff4d8 	ldr	pc, [pc, #1240]	; 7e1d25e4 <cm_onewire_read_data+0x108>

7e1d2108 <cm_sys_get_cm_ver>:
7e1d2108:	e59ff4d8 	ldr	pc, [pc, #1240]	; 7e1d25e8 <cm_onewire_read_data+0x10c>

7e1d210c <cm_log_printf>:
7e1d210c:	e59ff4d8 	ldr	pc, [pc, #1240]	; 7e1d25ec <cm_onewire_read_data+0x110>

7e1d2110 <cm_assert>:
7e1d2110:	e59ff4d8 	ldr	pc, [pc, #1240]	; 7e1d25f0 <cm_onewire_read_data+0x114>

7e1d2114 <cm_fs_open>:
7e1d2114:	e59ff4d8 	ldr	pc, [pc, #1240]	; 7e1d25f4 <cm_onewire_read_data+0x118>

7e1d2118 <cm_fs_close>:
7e1d2118:	e59ff4d8 	ldr	pc, [pc, #1240]	; 7e1d25f8 <cm_onewire_read_data+0x11c>

7e1d211c <cm_fs_read>:
7e1d211c:	e59ff4d8 	ldr	pc, [pc, #1240]	; 7e1d25fc <cm_onewire_read_data+0x120>

7e1d2120 <cm_fs_write>:
7e1d2120:	e59ff4d8 	ldr	pc, [pc, #1240]	; 7e1d2600 <cm_onewire_read_data+0x124>

7e1d2124 <cm_fs_sync>:
7e1d2124:	e59ff4d8 	ldr	pc, [pc, #1240]	; 7e1d2604 <cm_onewire_read_data+0x128>

7e1d2128 <cm_fs_seek>:
7e1d2128:	e59ff4d8 	ldr	pc, [pc, #1240]	; 7e1d2608 <cm_onewire_read_data+0x12c>

7e1d212c <cm_fs_delete>:
7e1d212c:	e59ff4d8 	ldr	pc, [pc, #1240]	; 7e1d260c <cm_onewire_read_data+0x130>

7e1d2130 <cm_fs_move>:
7e1d2130:	e59ff4d8 	ldr	pc, [pc, #1240]	; 7e1d2610 <cm_onewire_read_data+0x134>

7e1d2134 <cm_fs_exist>:
7e1d2134:	e59ff4d8 	ldr	pc, [pc, #1240]	; 7e1d2614 <cm_onewire_read_data+0x138>

7e1d2138 <cm_fs_filesize>:
7e1d2138:	e59ff4d8 	ldr	pc, [pc, #1240]	; 7e1d2618 <cm_onewire_read_data+0x13c>

7e1d213c <cm_fs_getinfo>:
7e1d213c:	e59ff4d8 	ldr	pc, [pc, #1240]	; 7e1d261c <cm_onewire_read_data+0x140>

7e1d2140 <cm_rtc_set_timezone>:
7e1d2140:	e59ff4d8 	ldr	pc, [pc, #1240]	; 7e1d2620 <cm_onewire_read_data+0x144>

7e1d2144 <cm_rtc_get_timezone>:
7e1d2144:	e59ff4d8 	ldr	pc, [pc, #1240]	; 7e1d2624 <cm_onewire_read_data+0x148>

7e1d2148 <cm_rtc_set_current_time>:
7e1d2148:	e59ff4d8 	ldr	pc, [pc, #1240]	; 7e1d2628 <cm_onewire_read_data+0x14c>

7e1d214c <cm_rtc_get_current_time>:
7e1d214c:	e59ff4d8 	ldr	pc, [pc, #1240]	; 7e1d262c <cm_onewire_read_data+0x150>

7e1d2150 <cm_rtc_register_alarm_cb>:
7e1d2150:	e59ff4d8 	ldr	pc, [pc, #1240]	; 7e1d2630 <cm_onewire_read_data+0x154>

7e1d2154 <cm_rtc_enable_alarm>:
7e1d2154:	e59ff4d8 	ldr	pc, [pc, #1240]	; 7e1d2634 <cm_onewire_read_data+0x158>

7e1d2158 <cm_rtc_set_alarm>:
7e1d2158:	e59ff4d8 	ldr	pc, [pc, #1240]	; 7e1d2638 <cm_onewire_read_data+0x15c>

7e1d215c <cm_rtc_get_alarm>:
7e1d215c:	e59ff4d8 	ldr	pc, [pc, #1240]	; 7e1d263c <cm_onewire_read_data+0x160>

7e1d2160 <cm_sim_get_imsi>:
7e1d2160:	e59ff4d8 	ldr	pc, [pc, #1240]	; 7e1d2640 <cm_onewire_read_data+0x164>

7e1d2164 <cm_gpio_init>:
7e1d2164:	e59ff4d8 	ldr	pc, [pc, #1240]	; 7e1d2644 <cm_onewire_read_data+0x168>

7e1d2168 <cm_gpio_deinit>:
7e1d2168:	e59ff4d8 	ldr	pc, [pc, #1240]	; 7e1d2648 <cm_onewire_read_data+0x16c>

7e1d216c <cm_gpio_set_level>:
7e1d216c:	e59ff4d8 	ldr	pc, [pc, #1240]	; 7e1d264c <cm_onewire_read_data+0x170>

7e1d2170 <cm_gpio_get_level>:
7e1d2170:	e59ff4d8 	ldr	pc, [pc, #1240]	; 7e1d2650 <cm_onewire_read_data+0x174>

7e1d2174 <cm_gpio_set_pull>:
7e1d2174:	e59ff4d8 	ldr	pc, [pc, #1240]	; 7e1d2654 <cm_onewire_read_data+0x178>

7e1d2178 <cm_gpio_get_pull>:
7e1d2178:	e59ff4d8 	ldr	pc, [pc, #1240]	; 7e1d2658 <cm_onewire_read_data+0x17c>

7e1d217c <cm_gpio_set_direction>:
7e1d217c:	e59ff4d8 	ldr	pc, [pc, #1240]	; 7e1d265c <cm_onewire_read_data+0x180>

7e1d2180 <cm_gpio_get_direction>:
7e1d2180:	e59ff4d8 	ldr	pc, [pc, #1240]	; 7e1d2660 <cm_onewire_read_data+0x184>

7e1d2184 <cm_gpio_interrupt_register>:
7e1d2184:	e59ff4d8 	ldr	pc, [pc, #1240]	; 7e1d2664 <cm_onewire_read_data+0x188>

7e1d2188 <cm_gpio_interrupt_enable>:
7e1d2188:	e59ff4d8 	ldr	pc, [pc, #1240]	; 7e1d2668 <cm_onewire_read_data+0x18c>

7e1d218c <cm_gpio_interrupt_disable>:
7e1d218c:	e59ff4d8 	ldr	pc, [pc, #1240]	; 7e1d266c <cm_onewire_read_data+0x190>

7e1d2190 <cm_gpio_ioctl>:
7e1d2190:	e59ff4d8 	ldr	pc, [pc, #1240]	; 7e1d2670 <cm_onewire_read_data+0x194>

7e1d2194 <cm_iomux_set_pin_func>:
7e1d2194:	e59ff4d8 	ldr	pc, [pc, #1240]	; 7e1d2674 <cm_onewire_read_data+0x198>

7e1d2198 <cm_iomux_get_pin_func>:
7e1d2198:	e59ff4d8 	ldr	pc, [pc, #1240]	; 7e1d2678 <cm_onewire_read_data+0x19c>

7e1d219c <cm_iomux_set_pin_cmd>:
7e1d219c:	e59ff4d8 	ldr	pc, [pc, #1240]	; 7e1d267c <cm_onewire_read_data+0x1a0>

7e1d21a0 <cm_pm_reboot>:
7e1d21a0:	e59ff4d8 	ldr	pc, [pc, #1240]	; 7e1d2680 <cm_onewire_read_data+0x1a4>

7e1d21a4 <cm_pm_poweroff>:
7e1d21a4:	e59ff4d8 	ldr	pc, [pc, #1240]	; 7e1d2684 <cm_onewire_read_data+0x1a8>

7e1d21a8 <cm_pm_get_power_on_reason>:
7e1d21a8:	e59ff4d8 	ldr	pc, [pc, #1240]	; 7e1d2688 <cm_onewire_read_data+0x1ac>

7e1d21ac <cm_pm_set_mode>:
7e1d21ac:	e59ff4d8 	ldr	pc, [pc, #1240]	; 7e1d268c <cm_onewire_read_data+0x1b0>

7e1d21b0 <cm_pm_get_mode>:
7e1d21b0:	e59ff4d8 	ldr	pc, [pc, #1240]	; 7e1d2690 <cm_onewire_read_data+0x1b4>

7e1d21b4 <cm_pm_work_lock>:
7e1d21b4:	e59ff4d8 	ldr	pc, [pc, #1240]	; 7e1d2694 <cm_onewire_read_data+0x1b8>

7e1d21b8 <cm_pm_work_unlock>:
7e1d21b8:	e59ff4d8 	ldr	pc, [pc, #1240]	; 7e1d2698 <cm_onewire_read_data+0x1bc>

7e1d21bc <cm_pm_init>:
7e1d21bc:	e59ff4d8 	ldr	pc, [pc, #1240]	; 7e1d269c <cm_onewire_read_data+0x1c0>

7e1d21c0 <cm_pm_powerkey_regist_callback>:
7e1d21c0:	e59ff4d8 	ldr	pc, [pc, #1240]	; 7e1d26a0 <cm_onewire_read_data+0x1c4>

7e1d21c4 <cm_keypad_config>:
7e1d21c4:	e59ff4d8 	ldr	pc, [pc, #1240]	; 7e1d26a4 <cm_onewire_read_data+0x1c8>

7e1d21c8 <cm_keypad_init>:
7e1d21c8:	e59ff4d8 	ldr	pc, [pc, #1240]	; 7e1d26a8 <cm_onewire_read_data+0x1cc>

7e1d21cc <cm_keypad_register>:
7e1d21cc:	e59ff4d8 	ldr	pc, [pc, #1240]	; 7e1d26ac <cm_onewire_read_data+0x1d0>

7e1d21d0 <cm_keypad_unregister>:
7e1d21d0:	e59ff4d8 	ldr	pc, [pc, #1240]	; 7e1d26b0 <cm_onewire_read_data+0x1d4>

7e1d21d4 <cm_keypad_deinit>:
7e1d21d4:	e59ff4d8 	ldr	pc, [pc, #1240]	; 7e1d26b4 <cm_onewire_read_data+0x1d8>

7e1d21d8 <cm_keypad_sleep>:
7e1d21d8:	e59ff4d8 	ldr	pc, [pc, #1240]	; 7e1d26b8 <cm_onewire_read_data+0x1dc>

7e1d21dc <cm_pwm_set_clk>:
7e1d21dc:	e59ff4d8 	ldr	pc, [pc, #1240]	; 7e1d26bc <cm_onewire_read_data+0x1e0>

7e1d21e0 <cm_pwm_open_ns>:
7e1d21e0:	e59ff4d8 	ldr	pc, [pc, #1240]	; 7e1d26c0 <cm_onewire_read_data+0x1e4>

7e1d21e4 <cm_pwm_close>:
7e1d21e4:	e59ff4d8 	ldr	pc, [pc, #1240]	; 7e1d26c4 <cm_onewire_read_data+0x1e8>

7e1d21e8 <cm_lbs_init>:
7e1d21e8:	e59ff4d8 	ldr	pc, [pc, #1240]	; 7e1d26c8 <cm_onewire_read_data+0x1ec>

7e1d21ec <cm_lbs_deinit>:
7e1d21ec:	e59ff4d8 	ldr	pc, [pc, #1240]	; 7e1d26cc <cm_onewire_read_data+0x1f0>

7e1d21f0 <cm_lbs_location>:
7e1d21f0:	e59ff4d8 	ldr	pc, [pc, #1240]	; 7e1d26d0 <cm_onewire_read_data+0x1f4>

7e1d21f4 <cm_lbs_get_attr>:
7e1d21f4:	e59ff4d8 	ldr	pc, [pc, #1240]	; 7e1d26d4 <cm_onewire_read_data+0x1f8>

7e1d21f8 <cm_asocket_eloop>:
7e1d21f8:	e59ff4d8 	ldr	pc, [pc, #1240]	; 7e1d26d8 <cm_onewire_read_data+0x1fc>

7e1d21fc <cm_asocket_open>:
7e1d21fc:	e59ff4d8 	ldr	pc, [pc, #1240]	; 7e1d26dc <cm_onewire_read_data+0x200>

7e1d2200 <cm_asocket_connect>:
7e1d2200:	e59ff4d8 	ldr	pc, [pc, #1240]	; 7e1d26e0 <cm_onewire_read_data+0x204>

7e1d2204 <cm_asocket_close>:
7e1d2204:	e59ff4d8 	ldr	pc, [pc, #1240]	; 7e1d26e4 <cm_onewire_read_data+0x208>

7e1d2208 <cm_async_dns_set_priority>:
7e1d2208:	e59ff4d8 	ldr	pc, [pc, #1240]	; 7e1d26e8 <cm_onewire_read_data+0x20c>

7e1d220c <cm_async_dns_eloop>:
7e1d220c:	e59ff4d8 	ldr	pc, [pc, #1240]	; 7e1d26ec <cm_onewire_read_data+0x210>

7e1d2210 <cm_async_dns_request_ex>:
7e1d2210:	e59ff4d8 	ldr	pc, [pc, #1240]	; 7e1d26f0 <cm_onewire_read_data+0x214>

7e1d2214 <cm_async_dns_get_type_by_priority>:
7e1d2214:	e59ff4d8 	ldr	pc, [pc, #1240]	; 7e1d26f4 <cm_onewire_read_data+0x218>

7e1d2218 <cm_get_active_cid>:
7e1d2218:	e59ff4d8 	ldr	pc, [pc, #1240]	; 7e1d26f8 <cm_onewire_read_data+0x21c>

7e1d221c <cm_eloop_create>:
7e1d221c:	e59ff4d8 	ldr	pc, [pc, #1240]	; 7e1d26fc <cm_onewire_read_data+0x220>

7e1d2220 <cm_eloop_delete>:
7e1d2220:	e59ff4d8 	ldr	pc, [pc, #1240]	; 7e1d2700 <cm_onewire_read_data+0x224>

7e1d2224 <cm_eloop_wait_event>:
7e1d2224:	e59ff4d8 	ldr	pc, [pc, #1240]	; 7e1d2704 <cm_onewire_read_data+0x228>

7e1d2228 <cm_eloop_register_event>:
7e1d2228:	e59ff4d8 	ldr	pc, [pc, #1240]	; 7e1d2708 <cm_onewire_read_data+0x22c>

7e1d222c <cm_eloop_unregister_event>:
7e1d222c:	e59ff4d8 	ldr	pc, [pc, #1240]	; 7e1d270c <cm_onewire_read_data+0x230>

7e1d2230 <cm_eloop_post_event>:
7e1d2230:	e59ff4d8 	ldr	pc, [pc, #1240]	; 7e1d2710 <cm_onewire_read_data+0x234>

7e1d2234 <cm_eloop_default>:
7e1d2234:	e59ff4d8 	ldr	pc, [pc, #1240]	; 7e1d2714 <cm_onewire_read_data+0x238>

7e1d2238 <cm_get_ipv4v6_local_addr>:
7e1d2238:	e59ff4d8 	ldr	pc, [pc, #1240]	; 7e1d2718 <cm_onewire_read_data+0x23c>

7e1d223c <lwip_socket_init>:
7e1d223c:	e59ff4d8 	ldr	pc, [pc, #1240]	; 7e1d271c <cm_onewire_read_data+0x240>

7e1d2240 <lwip_accept>:
7e1d2240:	e59ff4d8 	ldr	pc, [pc, #1240]	; 7e1d2720 <cm_onewire_read_data+0x244>

7e1d2244 <lwip_bind>:
7e1d2244:	e59ff4d8 	ldr	pc, [pc, #1240]	; 7e1d2724 <cm_onewire_read_data+0x248>

7e1d2248 <lwip_shutdown>:
7e1d2248:	e59ff4d8 	ldr	pc, [pc, #1240]	; 7e1d2728 <cm_onewire_read_data+0x24c>

7e1d224c <lwip_shutdown2>:
7e1d224c:	e59ff4d8 	ldr	pc, [pc, #1240]	; 7e1d272c <cm_onewire_read_data+0x250>

7e1d2250 <lwip_getsockname>:
7e1d2250:	e59ff4d8 	ldr	pc, [pc, #1240]	; 7e1d2730 <cm_onewire_read_data+0x254>

7e1d2254 <lwip_getpeername>:
7e1d2254:	e59ff4d8 	ldr	pc, [pc, #1240]	; 7e1d2734 <cm_onewire_read_data+0x258>

7e1d2258 <lwip_setsockopt>:
7e1d2258:	e59ff4d8 	ldr	pc, [pc, #1240]	; 7e1d2738 <cm_onewire_read_data+0x25c>

7e1d225c <lwip_getsockopt>:
7e1d225c:	e59ff4d8 	ldr	pc, [pc, #1240]	; 7e1d273c <cm_onewire_read_data+0x260>

7e1d2260 <lwip_close>:
7e1d2260:	e59ff4d8 	ldr	pc, [pc, #1240]	; 7e1d2740 <cm_onewire_read_data+0x264>

7e1d2264 <lwip_close2>:
7e1d2264:	e59ff4d8 	ldr	pc, [pc, #1240]	; 7e1d2744 <cm_onewire_read_data+0x268>

7e1d2268 <lwip_connect>:
7e1d2268:	e59ff4d8 	ldr	pc, [pc, #1240]	; 7e1d2748 <cm_onewire_read_data+0x26c>

7e1d226c <lwip_listen>:
7e1d226c:	e59ff4d8 	ldr	pc, [pc, #1240]	; 7e1d274c <cm_onewire_read_data+0x270>

7e1d2270 <lwip_recv>:
7e1d2270:	e59ff4d8 	ldr	pc, [pc, #1240]	; 7e1d2750 <cm_onewire_read_data+0x274>

7e1d2274 <lwip_read>:
7e1d2274:	e59ff4d8 	ldr	pc, [pc, #1240]	; 7e1d2754 <cm_onewire_read_data+0x278>

7e1d2278 <lwip_recvfrom>:
7e1d2278:	e59ff4d8 	ldr	pc, [pc, #1240]	; 7e1d2758 <cm_onewire_read_data+0x27c>

7e1d227c <lwip_send>:
7e1d227c:	e59ff4d8 	ldr	pc, [pc, #1240]	; 7e1d275c <cm_onewire_read_data+0x280>

7e1d2280 <lwip_sendto>:
7e1d2280:	e59ff4d8 	ldr	pc, [pc, #1240]	; 7e1d2760 <cm_onewire_read_data+0x284>

7e1d2284 <lwip_socket>:
7e1d2284:	e59ff4d8 	ldr	pc, [pc, #1240]	; 7e1d2764 <cm_onewire_read_data+0x288>

7e1d2288 <lwip_socket_with_callback>:
7e1d2288:	e59ff4d8 	ldr	pc, [pc, #1240]	; 7e1d2768 <cm_onewire_read_data+0x28c>

7e1d228c <lwip_write>:
7e1d228c:	e59ff4d8 	ldr	pc, [pc, #1240]	; 7e1d276c <cm_onewire_read_data+0x290>

7e1d2290 <lwip_select>:
7e1d2290:	e59ff4d8 	ldr	pc, [pc, #1240]	; 7e1d2770 <cm_onewire_read_data+0x294>

7e1d2294 <lwip_ioctl>:
7e1d2294:	e59ff4d8 	ldr	pc, [pc, #1240]	; 7e1d2774 <cm_onewire_read_data+0x298>

7e1d2298 <lwip_fcntl>:
7e1d2298:	e59ff4d8 	ldr	pc, [pc, #1240]	; 7e1d2778 <cm_onewire_read_data+0x29c>

7e1d229c <lwip_eventfd>:
7e1d229c:	e59ff4d8 	ldr	pc, [pc, #1240]	; 7e1d277c <cm_onewire_read_data+0x2a0>

7e1d22a0 <lwip_getthreaderrno>:
7e1d22a0:	e59ff4d8 	ldr	pc, [pc, #1240]	; 7e1d2780 <cm_onewire_read_data+0x2a4>

7e1d22a4 <lwip_getsockvalid>:
7e1d22a4:	e59ff4d8 	ldr	pc, [pc, #1240]	; 7e1d2784 <cm_onewire_read_data+0x2a8>

7e1d22a8 <lwip_getsockerrno>:
7e1d22a8:	e59ff4d8 	ldr	pc, [pc, #1240]	; 7e1d2788 <cm_onewire_read_data+0x2ac>

7e1d22ac <lwip_getsocktype>:
7e1d22ac:	e59ff4d8 	ldr	pc, [pc, #1240]	; 7e1d278c <cm_onewire_read_data+0x2b0>

7e1d22b0 <lwip_getsocknetconn>:
7e1d22b0:	e59ff4d8 	ldr	pc, [pc, #1240]	; 7e1d2790 <cm_onewire_read_data+0x2b4>

7e1d22b4 <lwip_getsocktcppcb>:
7e1d22b4:	e59ff4d8 	ldr	pc, [pc, #1240]	; 7e1d2794 <cm_onewire_read_data+0x2b8>

7e1d22b8 <lwip_getsockudppcb>:
7e1d22b8:	e59ff4d8 	ldr	pc, [pc, #1240]	; 7e1d2798 <cm_onewire_read_data+0x2bc>

7e1d22bc <lwip_get_sock_localport>:
7e1d22bc:	e59ff4d8 	ldr	pc, [pc, #1240]	; 7e1d279c <cm_onewire_read_data+0x2c0>

7e1d22c0 <lwip_get_sock_remoteport>:
7e1d22c0:	e59ff4d8 	ldr	pc, [pc, #1240]	; 7e1d27a0 <cm_onewire_read_data+0x2c4>

7e1d22c4 <lwip_get_sock_isipv6>:
7e1d22c4:	e59ff4d8 	ldr	pc, [pc, #1240]	; 7e1d27a4 <cm_onewire_read_data+0x2c8>

7e1d22c8 <lwip_get_sock_pdu_offset>:
7e1d22c8:	e59ff4d8 	ldr	pc, [pc, #1240]	; 7e1d27a8 <cm_onewire_read_data+0x2cc>

7e1d22cc <lwip_trigger_process>:
7e1d22cc:	e59ff4d8 	ldr	pc, [pc, #1240]	; 7e1d27ac <cm_onewire_read_data+0x2d0>

7e1d22d0 <lwip_get_sock_localipXaddr>:
7e1d22d0:	e59ff4d8 	ldr	pc, [pc, #1240]	; 7e1d27b0 <cm_onewire_read_data+0x2d4>

7e1d22d4 <lwip_get_sock_remoteipXaddr>:
7e1d22d4:	e59ff4d8 	ldr	pc, [pc, #1240]	; 7e1d27b4 <cm_onewire_read_data+0x2d8>

7e1d22d8 <lwip_get_sock_vlanid>:
7e1d22d8:	e59ff4d8 	ldr	pc, [pc, #1240]	; 7e1d27b8 <cm_onewire_read_data+0x2dc>

7e1d22dc <readn>:
7e1d22dc:	e59ff4d8 	ldr	pc, [pc, #1240]	; 7e1d27bc <cm_onewire_read_data+0x2e0>

7e1d22e0 <writen>:
7e1d22e0:	e59ff4d8 	ldr	pc, [pc, #1240]	; 7e1d27c0 <cm_onewire_read_data+0x2e4>

7e1d22e4 <readline>:
7e1d22e4:	e59ff4d8 	ldr	pc, [pc, #1240]	; 7e1d27c4 <cm_onewire_read_data+0x2e8>

7e1d22e8 <lwip_readv>:
7e1d22e8:	e59ff4d8 	ldr	pc, [pc, #1240]	; 7e1d27c8 <cm_onewire_read_data+0x2ec>

7e1d22ec <lwip_writev>:
7e1d22ec:	e59ff4d8 	ldr	pc, [pc, #1240]	; 7e1d27cc <cm_onewire_read_data+0x2f0>

7e1d22f0 <lwip_recvmsg>:
7e1d22f0:	e59ff4d8 	ldr	pc, [pc, #1240]	; 7e1d27d0 <cm_onewire_read_data+0x2f4>

7e1d22f4 <lwip_sendmsg>:
7e1d22f4:	e59ff4d8 	ldr	pc, [pc, #1240]	; 7e1d27d4 <cm_onewire_read_data+0x2f8>

7e1d22f8 <ipaddr_addr>:
7e1d22f8:	e59ff4d8 	ldr	pc, [pc, #1240]	; 7e1d27d8 <cm_onewire_read_data+0x2fc>

7e1d22fc <ipaddr_aton>:
7e1d22fc:	e59ff4d8 	ldr	pc, [pc, #1240]	; 7e1d27dc <cm_onewire_read_data+0x300>

7e1d2300 <ipaddr_ntoa>:
7e1d2300:	e59ff4d8 	ldr	pc, [pc, #1240]	; 7e1d27e0 <cm_onewire_read_data+0x304>

7e1d2304 <ip6addr_aton>:
7e1d2304:	e59ff4d8 	ldr	pc, [pc, #1240]	; 7e1d27e4 <cm_onewire_read_data+0x308>

7e1d2308 <ip6addr_ntoa>:
7e1d2308:	e59ff4d8 	ldr	pc, [pc, #1240]	; 7e1d27e8 <cm_onewire_read_data+0x30c>

7e1d230c <inet_ntop>:
7e1d230c:	e59ff4d8 	ldr	pc, [pc, #1240]	; 7e1d27ec <cm_onewire_read_data+0x310>

7e1d2310 <inet_pton>:
7e1d2310:	e59ff4d8 	ldr	pc, [pc, #1240]	; 7e1d27f0 <cm_onewire_read_data+0x314>

7e1d2314 <lwip_gethostbyname>:
7e1d2314:	e59ff4d8 	ldr	pc, [pc, #1240]	; 7e1d27f4 <cm_onewire_read_data+0x318>

7e1d2318 <lwip_getaddrinfo>:
7e1d2318:	e59ff4d8 	ldr	pc, [pc, #1240]	; 7e1d27f8 <cm_onewire_read_data+0x31c>

7e1d231c <lwip_freeaddrinfo>:
7e1d231c:	e59ff4d8 	ldr	pc, [pc, #1240]	; 7e1d27fc <cm_onewire_read_data+0x320>

7e1d2320 <get_lwip_errno>:
7e1d2320:	e59ff4d8 	ldr	pc, [pc, #1240]	; 7e1d2800 <cm_onewire_read_data+0x324>

7e1d2324 <cm_fota_set_url>:
7e1d2324:	e59ff4d8 	ldr	pc, [pc, #1240]	; 7e1d2804 <cm_onewire_read_data+0x328>

7e1d2328 <cm_fota_read_config>:
7e1d2328:	e59ff4d8 	ldr	pc, [pc, #1240]	; 7e1d2808 <cm_onewire_read_data+0x32c>

7e1d232c <cm_fota_exec_upgrade>:
7e1d232c:	e59ff4d8 	ldr	pc, [pc, #1240]	; 7e1d280c <cm_onewire_read_data+0x330>

7e1d2330 <cm_fota_set_reboot_time>:
7e1d2330:	e59ff4d8 	ldr	pc, [pc, #1240]	; 7e1d2810 <cm_onewire_read_data+0x334>

7e1d2334 <cm_fota_res_callback_register>:
7e1d2334:	e59ff4d8 	ldr	pc, [pc, #1240]	; 7e1d2814 <cm_onewire_read_data+0x338>

7e1d2338 <cm_ota_set_otasize>:
7e1d2338:	e59ff4d8 	ldr	pc, [pc, #1240]	; 7e1d2818 <cm_onewire_read_data+0x33c>

7e1d233c <cm_ota_get_capacity>:
7e1d233c:	e59ff4d8 	ldr	pc, [pc, #1240]	; 7e1d281c <cm_onewire_read_data+0x340>

7e1d2340 <cm_ota_init>:
7e1d2340:	e59ff4d8 	ldr	pc, [pc, #1240]	; 7e1d2820 <cm_onewire_read_data+0x344>

7e1d2344 <cm_ota_firmware_write>:
7e1d2344:	e59ff4d8 	ldr	pc, [pc, #1240]	; 7e1d2824 <cm_onewire_read_data+0x348>

7e1d2348 <cm_ota_get_written_size>:
7e1d2348:	e59ff4d8 	ldr	pc, [pc, #1240]	; 7e1d2828 <cm_onewire_read_data+0x34c>

7e1d234c <cm_ota_firmware_erase>:
7e1d234c:	e59ff4d8 	ldr	pc, [pc, #1240]	; 7e1d282c <cm_onewire_read_data+0x350>

7e1d2350 <cm_ota_upgrade>:
7e1d2350:	e59ff4d8 	ldr	pc, [pc, #1240]	; 7e1d2830 <cm_onewire_read_data+0x354>

7e1d2354 <cm_httpclient_uri_encode>:
7e1d2354:	e59ff4d8 	ldr	pc, [pc, #1240]	; 7e1d2834 <cm_onewire_read_data+0x358>

7e1d2358 <cm_httpclient_uri_encode_component>:
7e1d2358:	e59ff4d8 	ldr	pc, [pc, #1240]	; 7e1d2838 <cm_onewire_read_data+0x35c>

7e1d235c <cm_httpclient_create>:
7e1d235c:	e59ff4d8 	ldr	pc, [pc, #1240]	; 7e1d283c <cm_onewire_read_data+0x360>

7e1d2360 <cm_httpclient_delete>:
7e1d2360:	e59ff4d8 	ldr	pc, [pc, #1240]	; 7e1d2840 <cm_onewire_read_data+0x364>

7e1d2364 <cm_httpclient_is_busy>:
7e1d2364:	e59ff4d8 	ldr	pc, [pc, #1240]	; 7e1d2844 <cm_onewire_read_data+0x368>

7e1d2368 <cm_httpclient_set_cfg>:
7e1d2368:	e59ff4d8 	ldr	pc, [pc, #1240]	; 7e1d2848 <cm_onewire_read_data+0x36c>

7e1d236c <cm_httpclient_terminate>:
7e1d236c:	e59ff4d8 	ldr	pc, [pc, #1240]	; 7e1d284c <cm_onewire_read_data+0x370>

7e1d2370 <cm_httpclient_custom_header_set>:
7e1d2370:	e59ff4d8 	ldr	pc, [pc, #1240]	; 7e1d2850 <cm_onewire_read_data+0x374>

7e1d2374 <cm_httpclient_custom_header_free>:
7e1d2374:	e59ff4d8 	ldr	pc, [pc, #1240]	; 7e1d2854 <cm_onewire_read_data+0x378>

7e1d2378 <cm_httpclient_specific_header_set>:
7e1d2378:	e59ff4d8 	ldr	pc, [pc, #1240]	; 7e1d2858 <cm_onewire_read_data+0x37c>

7e1d237c <cm_httpclient_specific_header_free>:
7e1d237c:	e59ff4d8 	ldr	pc, [pc, #1240]	; 7e1d285c <cm_onewire_read_data+0x380>

7e1d2380 <cm_httpclient_get_response_code>:
7e1d2380:	e59ff4d8 	ldr	pc, [pc, #1240]	; 7e1d2860 <cm_onewire_read_data+0x384>

7e1d2384 <cm_httpclient_parse_header>:
7e1d2384:	e59ff4d8 	ldr	pc, [pc, #1240]	; 7e1d2864 <cm_onewire_read_data+0x388>

7e1d2388 <cm_httpclient_sync_request>:
7e1d2388:	e59ff4d8 	ldr	pc, [pc, #1240]	; 7e1d2868 <cm_onewire_read_data+0x38c>

7e1d238c <cm_httpclient_sync_free_data>:
7e1d238c:	e59ff4d8 	ldr	pc, [pc, #1240]	; 7e1d286c <cm_onewire_read_data+0x390>

7e1d2390 <cm_httpclient_request_start>:
7e1d2390:	e59ff4d8 	ldr	pc, [pc, #1240]	; 7e1d2870 <cm_onewire_read_data+0x394>

7e1d2394 <cm_httpclient_request_send>:
7e1d2394:	e59ff4d8 	ldr	pc, [pc, #1240]	; 7e1d2874 <cm_onewire_read_data+0x398>

7e1d2398 <cm_httpclient_request_end>:
7e1d2398:	e59ff4d8 	ldr	pc, [pc, #1240]	; 7e1d2878 <cm_onewire_read_data+0x39c>

7e1d239c <cm_i2c_open>:
7e1d239c:	e59ff4d8 	ldr	pc, [pc, #1240]	; 7e1d287c <cm_onewire_read_data+0x3a0>

7e1d23a0 <cm_i2c_close>:
7e1d23a0:	e59ff4d8 	ldr	pc, [pc, #1240]	; 7e1d2880 <cm_onewire_read_data+0x3a4>

7e1d23a4 <cm_i2c_write>:
7e1d23a4:	e59ff4d8 	ldr	pc, [pc, #1240]	; 7e1d2884 <cm_onewire_read_data+0x3a8>

7e1d23a8 <cm_i2c_read>:
7e1d23a8:	e59ff4d8 	ldr	pc, [pc, #1240]	; 7e1d2888 <cm_onewire_read_data+0x3ac>

7e1d23ac <cm_adc_read>:
7e1d23ac:	e59ff4d8 	ldr	pc, [pc, #1240]	; 7e1d288c <cm_onewire_read_data+0x3b0>

7e1d23b0 <cm_adc_vbat_read>:
7e1d23b0:	e59ff4d8 	ldr	pc, [pc, #1240]	; 7e1d2890 <cm_onewire_read_data+0x3b4>

7e1d23b4 <cm_spi_open>:
7e1d23b4:	e59ff4d8 	ldr	pc, [pc, #1240]	; 7e1d2894 <cm_onewire_read_data+0x3b8>

7e1d23b8 <cm_spi_close>:
7e1d23b8:	e59ff4d8 	ldr	pc, [pc, #1240]	; 7e1d2898 <cm_onewire_read_data+0x3bc>

7e1d23bc <cm_spi_write>:
7e1d23bc:	e59ff4d8 	ldr	pc, [pc, #1240]	; 7e1d289c <cm_onewire_read_data+0x3c0>

7e1d23c0 <cm_spi_read>:
7e1d23c0:	e59ff4d8 	ldr	pc, [pc, #1240]	; 7e1d28a0 <cm_onewire_read_data+0x3c4>

7e1d23c4 <cm_spi_write_then_read>:
7e1d23c4:	e59ff4d8 	ldr	pc, [pc, #1240]	; 7e1d28a4 <cm_onewire_read_data+0x3c8>

7e1d23c8 <cm_ssl_setopt>:
7e1d23c8:	e59ff4d8 	ldr	pc, [pc, #1240]	; 7e1d28a8 <cm_onewire_read_data+0x3cc>

7e1d23cc <cm_ssl_close>:
7e1d23cc:	e59ff4d8 	ldr	pc, [pc, #1240]	; 7e1d28ac <cm_onewire_read_data+0x3d0>

7e1d23d0 <cm_ssl_write>:
7e1d23d0:	e59ff4d8 	ldr	pc, [pc, #1240]	; 7e1d28b0 <cm_onewire_read_data+0x3d4>

7e1d23d4 <cm_ssl_read>:
7e1d23d4:	e59ff4d8 	ldr	pc, [pc, #1240]	; 7e1d28b4 <cm_onewire_read_data+0x3d8>

7e1d23d8 <cm_ssl_check_pending>:
7e1d23d8:	e59ff4d8 	ldr	pc, [pc, #1240]	; 7e1d28b8 <cm_onewire_read_data+0x3dc>

7e1d23dc <cm_ssl_get_bytes_avail>:
7e1d23dc:	e59ff4d8 	ldr	pc, [pc, #1240]	; 7e1d28bc <cm_onewire_read_data+0x3e0>

7e1d23e0 <cm_ssl_conn_with_host>:
7e1d23e0:	e59ff4d8 	ldr	pc, [pc, #1240]	; 7e1d28c0 <cm_onewire_read_data+0x3e4>

7e1d23e4 <cm_ssl_list_cipher>:
7e1d23e4:	e59ff4d8 	ldr	pc, [pc, #1240]	; 7e1d28c4 <cm_onewire_read_data+0x3e8>

7e1d23e8 <cm_cpuinfo_record_start>:
7e1d23e8:	e59ff4d8 	ldr	pc, [pc, #1240]	; 7e1d28c8 <cm_onewire_read_data+0x3ec>

7e1d23ec <cm_cpuinfo_record_read>:
7e1d23ec:	e59ff4d8 	ldr	pc, [pc, #1240]	; 7e1d28cc <cm_onewire_read_data+0x3f0>

7e1d23f0 <cm_cpuinfo_record_stop>:
7e1d23f0:	e59ff4d8 	ldr	pc, [pc, #1240]	; 7e1d28d0 <cm_onewire_read_data+0x3f4>

7e1d23f4 <cm_cpuinfo_get_cpuid>:
7e1d23f4:	e59ff4d8 	ldr	pc, [pc, #1240]	; 7e1d28d4 <cm_onewire_read_data+0x3f8>

7e1d23f8 <cm_audio_play_set_cfg>:
7e1d23f8:	e59ff4d8 	ldr	pc, [pc, #1240]	; 7e1d28d8 <cm_onewire_read_data+0x3fc>

7e1d23fc <cm_audio_play_get_cfg>:
7e1d23fc:	e59ff4d8 	ldr	pc, [pc, #1240]	; 7e1d28dc <cm_onewire_read_data+0x400>

7e1d2400 <cm_audio_play_file>:
7e1d2400:	e59ff4d8 	ldr	pc, [pc, #1240]	; 7e1d28e0 <cm_onewire_read_data+0x404>

7e1d2404 <cm_audio_player_pause>:
7e1d2404:	e59ff4d8 	ldr	pc, [pc, #1240]	; 7e1d28e4 <cm_onewire_read_data+0x408>

7e1d2408 <cm_audio_player_resume>:
7e1d2408:	e59ff4d8 	ldr	pc, [pc, #1240]	; 7e1d28e8 <cm_onewire_read_data+0x40c>

7e1d240c <cm_audio_player_stop>:
7e1d240c:	e59ff4d8 	ldr	pc, [pc, #1240]	; 7e1d28ec <cm_onewire_read_data+0x410>

7e1d2410 <cm_audio_player_stream_open>:
7e1d2410:	e59ff4d8 	ldr	pc, [pc, #1240]	; 7e1d28f0 <cm_onewire_read_data+0x414>

7e1d2414 <cm_audio_player_stream_push>:
7e1d2414:	e59ff4d8 	ldr	pc, [pc, #1240]	; 7e1d28f4 <cm_onewire_read_data+0x418>

7e1d2418 <cm_audio_player_stream_close>:
7e1d2418:	e59ff4d8 	ldr	pc, [pc, #1240]	; 7e1d28f8 <cm_onewire_read_data+0x41c>

7e1d241c <cm_audio_player_stream_clear_close>:
7e1d241c:	e59ff4d8 	ldr	pc, [pc, #1240]	; 7e1d28fc <cm_onewire_read_data+0x420>

7e1d2420 <cm_audio_player_stream_cb_reg>:
7e1d2420:	e59ff4d8 	ldr	pc, [pc, #1240]	; 7e1d2900 <cm_onewire_read_data+0x424>

7e1d2424 <cm_wifiscan_cfg>:
7e1d2424:	e59ff4d8 	ldr	pc, [pc, #1240]	; 7e1d2904 <cm_onewire_read_data+0x428>

7e1d2428 <cm_wifiscan_start>:
7e1d2428:	e59ff4d8 	ldr	pc, [pc, #1240]	; 7e1d2908 <cm_onewire_read_data+0x42c>

7e1d242c <cm_wifiscan_stop>:
7e1d242c:	e59ff4d8 	ldr	pc, [pc, #1240]	; 7e1d290c <cm_onewire_read_data+0x430>

7e1d2430 <cm_wifiscan_query>:
7e1d2430:	e59ff4d8 	ldr	pc, [pc, #1240]	; 7e1d2910 <cm_onewire_read_data+0x434>

7e1d2434 <cm_virt_at_send_async>:
7e1d2434:	e59ff4d8 	ldr	pc, [pc, #1240]	; 7e1d2914 <cm_onewire_read_data+0x438>

7e1d2438 <cm_virt_at_send_sync>:
7e1d2438:	e59ff4d8 	ldr	pc, [pc, #1240]	; 7e1d2918 <cm_onewire_read_data+0x43c>

7e1d243c <cm_virt_at_urc_cb_reg>:
7e1d243c:	e59ff4d8 	ldr	pc, [pc, #1240]	; 7e1d291c <cm_onewire_read_data+0x440>

7e1d2440 <cm_virt_at_urc_cb_dereg>:
7e1d2440:	e59ff4d8 	ldr	pc, [pc, #1240]	; 7e1d2920 <cm_onewire_read_data+0x444>

7e1d2444 <cm_sms_send_txt>:
7e1d2444:	e59ff4d8 	ldr	pc, [pc, #1240]	; 7e1d2924 <cm_onewire_read_data+0x448>

7e1d2448 <cm_sms_send_pdu>:
7e1d2448:	e59ff4d8 	ldr	pc, [pc, #1240]	; 7e1d2928 <cm_onewire_read_data+0x44c>

7e1d244c <cm_modem_info_cell>:
7e1d244c:	e59ff4d8 	ldr	pc, [pc, #1240]	; 7e1d292c <cm_onewire_read_data+0x450>

7e1d2450 <cm_modem_info_radio>:
7e1d2450:	e59ff4d8 	ldr	pc, [pc, #1240]	; 7e1d2930 <cm_onewire_read_data+0x454>

7e1d2454 <cm_usb2com_register_recv_cb>:
7e1d2454:	e59ff4d8 	ldr	pc, [pc, #1240]	; 7e1d2934 <cm_onewire_read_data+0x458>

7e1d2458 <cm_usb2com_send_data>:
7e1d2458:	e59ff4d8 	ldr	pc, [pc, #1240]	; 7e1d2938 <cm_onewire_read_data+0x45c>

7e1d245c <cm_usb2com_register_status_cb>:
7e1d245c:	e59ff4d8 	ldr	pc, [pc, #1240]	; 7e1d293c <cm_onewire_read_data+0x460>

7e1d2460 <cm_usb2com_get_status>:
7e1d2460:	e59ff4d8 	ldr	pc, [pc, #1240]	; 7e1d2940 <cm_onewire_read_data+0x464>

7e1d2464 <cm_lcd_write_cmd>:
7e1d2464:	e59ff4d8 	ldr	pc, [pc, #1240]	; 7e1d2944 <cm_onewire_read_data+0x468>

7e1d2468 <cm_lcd_write_data>:
7e1d2468:	e59ff4d8 	ldr	pc, [pc, #1240]	; 7e1d2948 <cm_onewire_read_data+0x46c>

7e1d246c <cm_lcd_write_buf>:
7e1d246c:	e59ff4d8 	ldr	pc, [pc, #1240]	; 7e1d294c <cm_onewire_read_data+0x470>

7e1d2470 <cm_lcd_init>:
7e1d2470:	e59ff4d8 	ldr	pc, [pc, #1240]	; 7e1d2950 <cm_onewire_read_data+0x474>

7e1d2474 <cm_lcd_deinit>:
7e1d2474:	e59ff4d8 	ldr	pc, [pc, #1240]	; 7e1d2954 <cm_onewire_read_data+0x478>

7e1d2478 <cm_lcd_read_id>:
7e1d2478:	e59ff4d8 	ldr	pc, [pc, #1240]	; 7e1d2958 <cm_onewire_read_data+0x47c>

7e1d247c <cm_lwm2m_create>:
7e1d247c:	e59ff4d8 	ldr	pc, [pc, #1240]	; 7e1d295c <cm_onewire_read_data+0x480>

7e1d2480 <cm_lwm2m_delete>:
7e1d2480:	e59ff4d8 	ldr	pc, [pc, #1240]	; 7e1d2960 <cm_onewire_read_data+0x484>

7e1d2484 <cm_lwm2m_add_obj>:
7e1d2484:	e59ff4d8 	ldr	pc, [pc, #1240]	; 7e1d2964 <cm_onewire_read_data+0x488>

7e1d2488 <cm_lwm2m_del_obj>:
7e1d2488:	e59ff4d8 	ldr	pc, [pc, #1240]	; 7e1d2968 <cm_onewire_read_data+0x48c>

7e1d248c <cm_lwm2m_discover>:
7e1d248c:	e59ff4d8 	ldr	pc, [pc, #1240]	; 7e1d296c <cm_onewire_read_data+0x490>

7e1d2490 <cm_lwm2m_open>:
7e1d2490:	e59ff4d8 	ldr	pc, [pc, #1240]	; 7e1d2970 <cm_onewire_read_data+0x494>

7e1d2494 <cm_lwm2m_update>:
7e1d2494:	e59ff4d8 	ldr	pc, [pc, #1240]	; 7e1d2974 <cm_onewire_read_data+0x498>

7e1d2498 <cm_lwm2m_close>:
7e1d2498:	e59ff4d8 	ldr	pc, [pc, #1240]	; 7e1d2978 <cm_onewire_read_data+0x49c>

7e1d249c <cm_lwm2m_notify_packing>:
7e1d249c:	e59ff4d8 	ldr	pc, [pc, #1240]	; 7e1d297c <cm_onewire_read_data+0x4a0>

7e1d24a0 <cm_lwm2m_notify>:
7e1d24a0:	e59ff4d8 	ldr	pc, [pc, #1240]	; 7e1d2980 <cm_onewire_read_data+0x4a4>

7e1d24a4 <cm_lwm2m_read_rsp>:
7e1d24a4:	e59ff4d8 	ldr	pc, [pc, #1240]	; 7e1d2984 <cm_onewire_read_data+0x4a8>

7e1d24a8 <cm_lwm2m_write_rsp>:
7e1d24a8:	e59ff4d8 	ldr	pc, [pc, #1240]	; 7e1d2988 <cm_onewire_read_data+0x4ac>

7e1d24ac <cm_lwm2m_execute_rsp>:
7e1d24ac:	e59ff4d8 	ldr	pc, [pc, #1240]	; 7e1d298c <cm_onewire_read_data+0x4b0>

7e1d24b0 <cm_lwm2m_param_rsp>:
7e1d24b0:	e59ff4d8 	ldr	pc, [pc, #1240]	; 7e1d2990 <cm_onewire_read_data+0x4b4>

7e1d24b4 <cm_lwm2m_observe_rsp>:
7e1d24b4:	e59ff4d8 	ldr	pc, [pc, #1240]	; 7e1d2994 <cm_onewire_read_data+0x4b8>

7e1d24b8 <cm_ping_init>:
7e1d24b8:	e59ff4d8 	ldr	pc, [pc, #1240]	; 7e1d2998 <cm_onewire_read_data+0x4bc>

7e1d24bc <cm_ping_start>:
7e1d24bc:	e59ff4d8 	ldr	pc, [pc, #1240]	; 7e1d299c <cm_onewire_read_data+0x4c0>

7e1d24c0 <AudioHAL_AifBindCodec_CB>:
7e1d24c0:	e59ff4d8 	ldr	pc, [pc, #1240]	; 7e1d29a0 <cm_onewire_read_data+0x4c4>

7e1d24c4 <vpathSetMode>:
7e1d24c4:	e59ff4d8 	ldr	pc, [pc, #1240]	; 7e1d29a4 <cm_onewire_read_data+0x4c8>

7e1d24c8 <cm_onewire_init>:
7e1d24c8:	e59ff4d8 	ldr	pc, [pc, #1240]	; 7e1d29a8 <cm_onewire_read_data+0x4cc>

7e1d24cc <cm_onewire_setup_reset>:
7e1d24cc:	e59ff4d8 	ldr	pc, [pc, #1240]	; 7e1d29ac <cm_onewire_read_data+0x4d0>

7e1d24d0 <cm_onewire_write_byte>:
7e1d24d0:	e59ff4d8 	ldr	pc, [pc, #1240]	; 7e1d29b0 <cm_onewire_read_data+0x4d4>

7e1d24d4 <cm_onewire_read_byte>:
7e1d24d4:	e59ff4d8 	ldr	pc, [pc, #1240]	; 7e1d29b4 <cm_onewire_read_data+0x4d8>

7e1d24d8 <cm_onewire_write_data>:
7e1d24d8:	e59ff4d8 	ldr	pc, [pc, #1240]	; 7e1d29b8 <cm_onewire_read_data+0x4dc>

7e1d24dc <cm_onewire_read_data>:
7e1d24dc:	e59ff4d8 	ldr	pc, [pc, #1240]	; 7e1d29bc <cm_onewire_read_data+0x4e0>
7e1d24e0:	802372f1 	.word	0x802372f1
7e1d24e4:	80237317 	.word	0x80237317
7e1d24e8:	80237337 	.word	0x80237337
7e1d24ec:	80237349 	.word	0x80237349
7e1d24f0:	8023734f 	.word	0x8023734f
7e1d24f4:	80237395 	.word	0x80237395
7e1d24f8:	8023739f 	.word	0x8023739f
7e1d24fc:	802373b1 	.word	0x802373b1
7e1d2500:	802373fd 	.word	0x802373fd
7e1d2504:	80237423 	.word	0x80237423
7e1d2508:	802374d3 	.word	0x802374d3
7e1d250c:	802374d5 	.word	0x802374d5
7e1d2510:	80237451 	.word	0x80237451
7e1d2514:	80237475 	.word	0x80237475
7e1d2518:	802374a7 	.word	0x802374a7
7e1d251c:	802374bd 	.word	0x802374bd
7e1d2520:	8023749b 	.word	0x8023749b
7e1d2524:	802374eb 	.word	0x802374eb
7e1d2528:	80237505 	.word	0x80237505
7e1d252c:	802375c9 	.word	0x802375c9
7e1d2530:	80237621 	.word	0x80237621
7e1d2534:	80237625 	.word	0x80237625
7e1d2538:	80237661 	.word	0x80237661
7e1d253c:	80237677 	.word	0x80237677
7e1d2540:	80237695 	.word	0x80237695
7e1d2544:	80237511 	.word	0x80237511
7e1d2548:	80237527 	.word	0x80237527
7e1d254c:	80237547 	.word	0x80237547
7e1d2550:	80237543 	.word	0x80237543
7e1d2554:	8023754b 	.word	0x8023754b
7e1d2558:	80237575 	.word	0x80237575
7e1d255c:	802375b7 	.word	0x802375b7
7e1d2560:	802375a1 	.word	0x802375a1
7e1d2564:	8023758b 	.word	0x8023758b
7e1d2568:	80237711 	.word	0x80237711
7e1d256c:	80237715 	.word	0x80237715
7e1d2570:	8023772b 	.word	0x8023772b
7e1d2574:	80237741 	.word	0x80237741
7e1d2578:	80237757 	.word	0x80237757
7e1d257c:	8023776d 	.word	0x8023776d
7e1d2580:	80237783 	.word	0x80237783
7e1d2584:	802377e5 	.word	0x802377e5
7e1d2588:	802377e9 	.word	0x802377e9
7e1d258c:	802377ed 	.word	0x802377ed
7e1d2590:	80237803 	.word	0x80237803
7e1d2594:	80237807 	.word	0x80237807
7e1d2598:	8023780b 	.word	0x8023780b
7e1d259c:	802377cf 	.word	0x802377cf
7e1d25a0:	80237799 	.word	0x80237799
7e1d25a4:	802377b7 	.word	0x802377b7
7e1d25a8:	802630c3 	.word	0x802630c3
7e1d25ac:	802631d3 	.word	0x802631d3
7e1d25b0:	802631fb 	.word	0x802631fb
7e1d25b4:	80263257 	.word	0x80263257
7e1d25b8:	802632b3 	.word	0x802632b3
7e1d25bc:	80263449 	.word	0x80263449
7e1d25c0:	80263491 	.word	0x80263491
7e1d25c4:	802634c3 	.word	0x802634c3
7e1d25c8:	802634f9 	.word	0x802634f9
7e1d25cc:	802621ed 	.word	0x802621ed
7e1d25d0:	8026220f 	.word	0x8026220f
7e1d25d4:	8026221f 	.word	0x8026221f
7e1d25d8:	8026222f 	.word	0x8026222f
7e1d25dc:	8026223f 	.word	0x8026223f
7e1d25e0:	80262295 	.word	0x80262295
7e1d25e4:	802622a9 	.word	0x802622a9
7e1d25e8:	802622bd 	.word	0x802622bd
7e1d25ec:	802622ef 	.word	0x802622ef
7e1d25f0:	80262323 	.word	0x80262323
7e1d25f4:	80262355 	.word	0x80262355
7e1d25f8:	80262393 	.word	0x80262393
7e1d25fc:	802623a5 	.word	0x802623a5
7e1d2600:	802623bd 	.word	0x802623bd
7e1d2604:	802623d5 	.word	0x802623d5
7e1d2608:	802623d9 	.word	0x802623d9
7e1d260c:	802623e9 	.word	0x802623e9
7e1d2610:	802623ed 	.word	0x802623ed
7e1d2614:	802623f1 	.word	0x802623f1
7e1d2618:	80262413 	.word	0x80262413
7e1d261c:	80262439 	.word	0x80262439
7e1d2620:	8026246d 	.word	0x8026246d
7e1d2624:	8026248b 	.word	0x8026248b
7e1d2628:	80262499 	.word	0x80262499
7e1d262c:	802624c3 	.word	0x802624c3
7e1d2630:	802624df 	.word	0x802624df
7e1d2634:	802624e3 	.word	0x802624e3
7e1d2638:	802624e7 	.word	0x802624e7
7e1d263c:	802624f9 	.word	0x802624f9
7e1d2640:	80262285 	.word	0x80262285
7e1d2644:	802638f5 	.word	0x802638f5
7e1d2648:	80263981 	.word	0x80263981
7e1d264c:	802639d9 	.word	0x802639d9
7e1d2650:	80263a2b 	.word	0x80263a2b
7e1d2654:	80263a63 	.word	0x80263a63
7e1d2658:	80263ac3 	.word	0x80263ac3
7e1d265c:	80263af5 	.word	0x80263af5
7e1d2660:	80263b47 	.word	0x80263b47
7e1d2664:	80263b7f 	.word	0x80263b7f
7e1d2668:	80263bd7 	.word	0x80263bd7
7e1d266c:	80263f25 	.word	0x80263f25
7e1d2670:	80263f9d 	.word	0x80263f9d
7e1d2674:	80261fd1 	.word	0x80261fd1
7e1d2678:	8026209d 	.word	0x8026209d
7e1d267c:	802620d9 	.word	0x802620d9
7e1d2680:	8023b971 	.word	0x8023b971
7e1d2684:	8023b975 	.word	0x8023b975
7e1d2688:	8023b979 	.word	0x8023b979
7e1d268c:	8023b9ad 	.word	0x8023b9ad
7e1d2690:	8023b9b1 	.word	0x8023b9b1
7e1d2694:	8023b9bd 	.word	0x8023b9bd
7e1d2698:	8023b9c5 	.word	0x8023b9c5
7e1d269c:	8023b9b5 	.word	0x8023b9b5
7e1d26a0:	8023b9cd 	.word	0x8023b9cd
7e1d26a4:	80264deb 	.word	0x80264deb
7e1d26a8:	80264b55 	.word	0x80264b55
7e1d26ac:	80264bbf 	.word	0x80264bbf
7e1d26b0:	80264c01 	.word	0x80264c01
7e1d26b4:	80264c39 	.word	0x80264c39
7e1d26b8:	80264e45 	.word	0x80264e45
7e1d26bc:	802647bd 	.word	0x802647bd
7e1d26c0:	802644af 	.word	0x802644af
7e1d26c4:	8026472d 	.word	0x8026472d
7e1d26c8:	80261197 	.word	0x80261197
7e1d26cc:	80261179 	.word	0x80261179
7e1d26d0:	802611f1 	.word	0x802611f1
7e1d26d4:	8026129f 	.word	0x8026129f
7e1d26d8:	8025faf9 	.word	0x8025faf9
7e1d26dc:	8025fafd 	.word	0x8025fafd
7e1d26e0:	8025fbc3 	.word	0x8025fbc3
7e1d26e4:	8025fc05 	.word	0x8025fc05
7e1d26e8:	80237b67 	.word	0x80237b67
7e1d26ec:	80237b63 	.word	0x80237b63
7e1d26f0:	80237b79 	.word	0x80237b79
7e1d26f4:	80237b53 	.word	0x80237b53
7e1d26f8:	80232b7b 	.word	0x80232b7b
7e1d26fc:	80237d6f 	.word	0x80237d6f
7e1d2700:	80237da9 	.word	0x80237da9
7e1d2704:	80237ddb 	.word	0x80237ddb
7e1d2708:	80237e5b 	.word	0x80237e5b
7e1d270c:	80237eb9 	.word	0x80237eb9
7e1d2710:	80237f19 	.word	0x80237f19
7e1d2714:	80237d6b 	.word	0x80237d6b
7e1d2718:	802320a3 	.word	0x802320a3
7e1d271c:	801ac7e1 	.word	0x801ac7e1
7e1d2720:	801acaf5 	.word	0x801acaf5
7e1d2724:	801accf1 	.word	0x801accf1
7e1d2728:	801af361 	.word	0x801af361
7e1d272c:	801af40d 	.word	0x801af40d
7e1d2730:	801af4df 	.word	0x801af4df
7e1d2734:	801af4d9 	.word	0x801af4d9
7e1d2738:	801aeb11 	.word	0x801aeb11
7e1d273c:	801ae4d9 	.word	0x801ae4d9
7e1d2740:	801acde3 	.word	0x801acde3
7e1d2744:	801af2b1 	.word	0x801af2b1
7e1d2748:	801ace81 	.word	0x801ace81
7e1d274c:	801acf83 	.word	0x801acf83
7e1d2750:	801ad593 	.word	0x801ad593
7e1d2754:	801ad419 	.word	0x801ad419
7e1d2758:	801ad175 	.word	0x801ad175
7e1d275c:	801ad935 	.word	0x801ad935
7e1d2760:	801ad773 	.word	0x801ad773
7e1d2764:	801adbbf 	.word	0x801adbbf
7e1d2768:	801af2d5 	.word	0x801af2d5
7e1d276c:	801adc9f 	.word	0x801adc9f
7e1d2770:	801adecd 	.word	0x801adecd
7e1d2774:	801ae6bb 	.word	0x801ae6bb
7e1d2778:	801af4e5 	.word	0x801af4e5
7e1d277c:	801af315 	.word	0x801af315
7e1d2780:	801af52d 	.word	0x801af52d
7e1d2784:	801aed71 	.word	0x801aed71
7e1d2788:	801aed83 	.word	0x801aed83
7e1d278c:	801af54b 	.word	0x801af54b
7e1d2790:	801ac8db 	.word	0x801ac8db
7e1d2794:	801af563 	.word	0x801af563
7e1d2798:	801af585 	.word	0x801af585
7e1d279c:	801af5a7 	.word	0x801af5a7
7e1d27a0:	801af5f3 	.word	0x801af5f3
7e1d27a4:	801af645 	.word	0x801af645
7e1d27a8:	801af663 	.word	0x801af663
7e1d27ac:	801aeee3 	.word	0x801aeee3
7e1d27b0:	801af5df 	.word	0x801af5df
7e1d27b4:	801af62b 	.word	0x801af62b
7e1d27b8:	801af6a1 	.word	0x801af6a1
7e1d27bc:	801af6c9 	.word	0x801af6c9
7e1d27c0:	801af711 	.word	0x801af711
7e1d27c4:	801af77d 	.word	0x801af77d
7e1d27c8:	801af2b5 	.word	0x801af2b5
7e1d27cc:	801af2f3 	.word	0x801af2f3
7e1d27d0:	801ad427 	.word	0x801ad427
7e1d27d4:	801ad9c9 	.word	0x801ad9c9
7e1d27d8:	801a8599 	.word	0x801a8599
7e1d27dc:	801a8489 	.word	0x801a8489
7e1d27e0:	801a8623 	.word	0x801a8623
7e1d27e4:	801a8671 	.word	0x801a8671
7e1d27e8:	801a8857 	.word	0x801a8857
7e1d27ec:	801bc9b9 	.word	0x801bc9b9
7e1d27f0:	801bcb69 	.word	0x801bcb69
7e1d27f4:	801ac1f5 	.word	0x801ac1f5
7e1d27f8:	801ac73d 	.word	0x801ac73d
7e1d27fc:	801ac1fd 	.word	0x801ac1fd
7e1d2800:	8026232f 	.word	0x8026232f
7e1d2804:	80198415 	.word	0x80198415
7e1d2808:	80198491 	.word	0x80198491
7e1d280c:	80198523 	.word	0x80198523
7e1d2810:	8019848d 	.word	0x8019848d
7e1d2814:	80198b43 	.word	0x80198b43
7e1d2818:	80198b9b 	.word	0x80198b9b
7e1d281c:	80198e6d 	.word	0x80198e6d
7e1d2820:	8019850f 	.word	0x8019850f
7e1d2824:	80198b81 	.word	0x80198b81
7e1d2828:	80199131 	.word	0x80199131
7e1d282c:	80199137 	.word	0x80199137
7e1d2830:	801984e9 	.word	0x801984e9
7e1d2834:	80235277 	.word	0x80235277
7e1d2838:	802352b7 	.word	0x802352b7
7e1d283c:	80235339 	.word	0x80235339
7e1d2840:	8023530b 	.word	0x8023530b
7e1d2844:	802352f7 	.word	0x802352f7
7e1d2848:	80235551 	.word	0x80235551
7e1d284c:	8023559f 	.word	0x8023559f
7e1d2850:	802355cd 	.word	0x802355cd
7e1d2854:	802355f3 	.word	0x802355f3
7e1d2858:	8023561f 	.word	0x8023561f
7e1d285c:	80235645 	.word	0x80235645
7e1d2860:	80235875 	.word	0x80235875
7e1d2864:	80235889 	.word	0x80235889
7e1d2868:	80235a93 	.word	0x80235a93
7e1d286c:	80235c2f 	.word	0x80235c2f
7e1d2870:	80235671 	.word	0x80235671
7e1d2874:	8023572d 	.word	0x8023572d
7e1d2878:	80235809 	.word	0x80235809
7e1d287c:	802650c9 	.word	0x802650c9
7e1d2880:	802651e1 	.word	0x802651e1
7e1d2884:	8026520b 	.word	0x8026520b
7e1d2888:	80265259 	.word	0x80265259
7e1d288c:	8026505d 	.word	0x8026505d
7e1d2890:	8026507d 	.word	0x8026507d
7e1d2894:	80265421 	.word	0x80265421
7e1d2898:	802655db 	.word	0x802655db
7e1d289c:	8026560b 	.word	0x8026560b
7e1d28a0:	8026566f 	.word	0x8026566f
7e1d28a4:	802656d7 	.word	0x802656d7
7e1d28a8:	802635f1 	.word	0x802635f1
7e1d28ac:	8025f377 	.word	0x8025f377
7e1d28b0:	8025f56d 	.word	0x8025f56d
7e1d28b4:	8025f57b 	.word	0x8025f57b
7e1d28b8:	8025f719 	.word	0x8025f719
7e1d28bc:	8025f749 	.word	0x8025f749
7e1d28c0:	8025f4a7 	.word	0x8025f4a7
7e1d28c4:	8025f569 	.word	0x8025f569
7e1d28c8:	80264edd 	.word	0x80264edd
7e1d28cc:	80264f27 	.word	0x80264f27
7e1d28d0:	80264fc5 	.word	0x80264fc5
7e1d28d4:	80264fdb 	.word	0x80264fdb
7e1d28d8:	802616d9 	.word	0x802616d9
7e1d28dc:	802616ef 	.word	0x802616ef
7e1d28e0:	8026171f 	.word	0x8026171f
7e1d28e4:	802617b1 	.word	0x802617b1
7e1d28e8:	8026181d 	.word	0x8026181d
7e1d28ec:	80261889 	.word	0x80261889
7e1d28f0:	80261943 	.word	0x80261943
7e1d28f4:	80261c21 	.word	0x80261c21
7e1d28f8:	802618eb 	.word	0x802618eb
7e1d28fc:	80261c9f 	.word	0x80261c9f
7e1d2900:	802618df 	.word	0x802618df
7e1d2904:	8023c3bf 	.word	0x8023c3bf
7e1d2908:	8023c40b 	.word	0x8023c40b
7e1d290c:	8023c423 	.word	0x8023c423
7e1d2910:	8023c42d 	.word	0x8023c42d
7e1d2914:	8026688f 	.word	0x8026688f
7e1d2918:	80266ce3 	.word	0x80266ce3
7e1d291c:	80266ecb 	.word	0x80266ecb
7e1d2920:	80266ef1 	.word	0x80266ef1
7e1d2924:	802659d9 	.word	0x802659d9
7e1d2928:	80265b31 	.word	0x80265b31
7e1d292c:	802670e9 	.word	0x802670e9
7e1d2930:	802671df 	.word	0x802671df
7e1d2934:	8023c5cb 	.word	0x8023c5cb
7e1d2938:	8023c5d1 	.word	0x8023c5d1
7e1d293c:	8023c609 	.word	0x8023c609
7e1d2940:	8023c60f 	.word	0x8023c60f
7e1d2944:	80265fb1 	.word	0x80265fb1
7e1d2948:	80265fa3 	.word	0x80265fa3
7e1d294c:	802660f1 	.word	0x802660f1
7e1d2950:	80266017 	.word	0x80266017
7e1d2954:	802660ab 	.word	0x802660ab
7e1d2958:	802660cb 	.word	0x802660cb
7e1d295c:	8026261d 	.word	0x8026261d
7e1d2960:	802626d7 	.word	0x802626d7
7e1d2964:	80262745 	.word	0x80262745
7e1d2968:	802627bb 	.word	0x802627bb
7e1d296c:	802627f1 	.word	0x802627f1
7e1d2970:	8026288f 	.word	0x8026288f
7e1d2974:	802628c5 	.word	0x802628c5
7e1d2978:	802628fb 	.word	0x802628fb
7e1d297c:	80262ac9 	.word	0x80262ac9
7e1d2980:	80262b7d 	.word	0x80262b7d
7e1d2984:	80262c85 	.word	0x80262c85
7e1d2988:	80262cf1 	.word	0x80262cf1
7e1d298c:	80262d29 	.word	0x80262d29
7e1d2990:	80262d61 	.word	0x80262d61
7e1d2994:	80262d99 	.word	0x80262d99
7e1d2998:	8026385f 	.word	0x8026385f
7e1d299c:	802638d3 	.word	0x802638d3
7e1d29a0:	802263c9 	.word	0x802263c9
7e1d29a4:	80256dd3 	.word	0x80256dd3
7e1d29a8:	802659c1 	.word	0x802659c1
7e1d29ac:	802659c5 	.word	0x802659c5
7e1d29b0:	802659c9 	.word	0x802659c9
7e1d29b4:	802659cd 	.word	0x802659cd
7e1d29b8:	802659d1 	.word	0x802659d1
7e1d29bc:	802659d5 	.word	0x802659d5

7e1d29c0 <pm_enter_cb>:
7e1d29c0:	e12fff1e 	bx	lr

7e1d29c4 <pm_exit_cb>:
7e1d29c4:	e12fff1e 	bx	lr

7e1d29c8 <key_event_cb>:
7e1d29c8:	e3500000 	cmp	r0, #0
7e1d29cc:	13a02001 	movne	r2, #1
7e1d29d0:	159f3004 	ldrne	r3, [pc, #4]	; 7e1d29dc <key_event_cb+0x14>
7e1d29d4:	15c32000 	strbne	r2, [r3]
7e1d29d8:	e12fff1e 	bx	lr
7e1d29dc:	7e1dcade 	.word	0x7e1dcade

7e1d29e0 <gps_rx_cb>:
7e1d29e0:	e3a02001 	mov	r2, #1
7e1d29e4:	e3a01000 	mov	r1, #0
7e1d29e8:	e92d4010 	push	{r4, lr}
7e1d29ec:	e59f3090 	ldr	r3, [pc, #144]	; 7e1d2a84 <gps_rx_cb+0xa4>
7e1d29f0:	e24dd038 	sub	sp, sp, #56	; 0x38
7e1d29f4:	e5c32000 	strb	r2, [r3]
7e1d29f8:	e1a04000 	mov	r4, r0
7e1d29fc:	e3a02038 	mov	r2, #56	; 0x38
7e1d2a00:	e1a0000d 	mov	r0, sp
7e1d2a04:	fa0009c7 	blx	7e1d5128 <memset>
7e1d2a08:	e1a0100d 	mov	r1, sp
7e1d2a0c:	e1a00004 	mov	r0, r4
7e1d2a10:	eb00259a 	bl	7e1dc080 <__bsp_gps_parse_nmea_veneer>
7e1d2a14:	e3500001 	cmp	r0, #1
7e1d2a18:	1a000017 	bne	7e1d2a7c <gps_rx_cb+0x9c>
7e1d2a1c:	e59f3064 	ldr	r3, [pc, #100]	; 7e1d2a88 <gps_rx_cb+0xa8>
7e1d2a20:	e1a04003 	mov	r4, r3
7e1d2a24:	e5930000 	ldr	r0, [r3]
7e1d2a28:	e3500000 	cmp	r0, #0
7e1d2a2c:	0a000001 	beq	7e1d2a38 <gps_rx_cb+0x58>
7e1d2a30:	e3e01000 	mvn	r1, #0
7e1d2a34:	ebfffd91 	bl	7e1d2080 <osMutexAcquire>
7e1d2a38:	e59fe04c 	ldr	lr, [pc, #76]	; 7e1d2a8c <gps_rx_cb+0xac>
7e1d2a3c:	e1a0c00d 	mov	ip, sp
7e1d2a40:	e8bc000f 	ldm	ip!, {r0, r1, r2, r3}
7e1d2a44:	e8ae000f 	stmia	lr!, {r0, r1, r2, r3}
7e1d2a48:	e8bc000f 	ldm	ip!, {r0, r1, r2, r3}
7e1d2a4c:	e8ae000f 	stmia	lr!, {r0, r1, r2, r3}
7e1d2a50:	e8bc000f 	ldm	ip!, {r0, r1, r2, r3}
7e1d2a54:	e8ae000f 	stmia	lr!, {r0, r1, r2, r3}
7e1d2a58:	e89c0003 	ldm	ip, {r0, r1}
7e1d2a5c:	e88e0003 	stm	lr, {r0, r1}
7e1d2a60:	e5940000 	ldr	r0, [r4]
7e1d2a64:	e3500000 	cmp	r0, #0
7e1d2a68:	0a000000 	beq	7e1d2a70 <gps_rx_cb+0x90>
7e1d2a6c:	ebfffd84 	bl	7e1d2084 <osMutexRelease>
7e1d2a70:	ebfffd65 	bl	7e1d200c <osKernelGetTickCount>
7e1d2a74:	e59f3014 	ldr	r3, [pc, #20]	; 7e1d2a90 <gps_rx_cb+0xb0>
7e1d2a78:	e5830000 	str	r0, [r3]
7e1d2a7c:	e28dd038 	add	sp, sp, #56	; 0x38
7e1d2a80:	e8bd8010 	pop	{r4, pc}
7e1d2a84:	7e1dcadc 	.word	0x7e1dcadc
7e1d2a88:	7e1dcb20 	.word	0x7e1dcb20
7e1d2a8c:	7e1dcae0 	.word	0x7e1dcae0
7e1d2a90:	7e1dcb24 	.word	0x7e1dcb24

7e1d2a94 <app_main_trigger_one_shot_location>:
7e1d2a94:	e59f3008 	ldr	r3, [pc, #8]	; 7e1d2aa4 <app_main_trigger_one_shot_location+0x10>
7e1d2a98:	e3a02001 	mov	r2, #1
7e1d2a9c:	e5c32000 	strb	r2, [r3]
7e1d2aa0:	e12fff1e 	bx	lr
7e1d2aa4:	7e1dcb2a 	.word	0x7e1dcb2a

7e1d2aa8 <app_main_request_shutdown>:
7e1d2aa8:	e59f3008 	ldr	r3, [pc, #8]	; 7e1d2ab8 <app_main_request_shutdown+0x10>
7e1d2aac:	e3a02001 	mov	r2, #1
7e1d2ab0:	e5c32000 	strb	r2, [r3]
7e1d2ab4:	e12fff1e 	bx	lr
7e1d2ab8:	7e1dcade 	.word	0x7e1dcade

7e1d2abc <app_log_output>:
7e1d2abc:	e92d000e 	push	{r1, r2, r3}
7e1d2ac0:	e92d4030 	push	{r4, r5, lr}
7e1d2ac4:	e1a03000 	mov	r3, r0
7e1d2ac8:	e24ddf42 	sub	sp, sp, #264	; 0x108
7e1d2acc:	e59f2088 	ldr	r2, [pc, #136]	; 7e1d2b5c <app_log_output+0xa0>
7e1d2ad0:	e28d5008 	add	r5, sp, #8
7e1d2ad4:	e3a01c01 	mov	r1, #256	; 0x100
7e1d2ad8:	e1a00005 	mov	r0, r5
7e1d2adc:	fa000aa6 	blx	7e1d557c <snprintf>
7e1d2ae0:	e35000ff 	cmp	r0, #255	; 0xff
7e1d2ae4:	8a000018 	bhi	7e1d2b4c <app_log_output+0x90>
7e1d2ae8:	e28d3f46 	add	r3, sp, #280	; 0x118
7e1d2aec:	e1a04000 	mov	r4, r0
7e1d2af0:	e2601c01 	rsb	r1, r0, #256	; 0x100
7e1d2af4:	e59d2114 	ldr	r2, [sp, #276]	; 0x114
7e1d2af8:	e0850000 	add	r0, r5, r0
7e1d2afc:	e58d3004 	str	r3, [sp, #4]
7e1d2b00:	fa001814 	blx	7e1d8b58 <vsnprintf>
7e1d2b04:	e3500000 	cmp	r0, #0
7e1d2b08:	ba00000f 	blt	7e1d2b4c <app_log_output+0x90>
7e1d2b0c:	e3a0300a 	mov	r3, #10
7e1d2b10:	e0844000 	add	r4, r4, r0
7e1d2b14:	e3a0200d 	mov	r2, #13
7e1d2b18:	e35400fd 	cmp	r4, #253	; 0xfd
7e1d2b1c:	e3a00000 	mov	r0, #0
7e1d2b20:	d28d1f42 	addle	r1, sp, #264	; 0x108
7e1d2b24:	c5cd2105 	strbgt	r2, [sp, #261]	; 0x105
7e1d2b28:	d0814004 	addle	r4, r1, r4
7e1d2b2c:	e59f102c 	ldr	r1, [pc, #44]	; 7e1d2b60 <app_log_output+0xa4>
7e1d2b30:	d54430ff 	strble	r3, [r4, #-255]	; 0xffffff01
7e1d2b34:	d3a03000 	movle	r3, #0
7e1d2b38:	d5442100 	strble	r2, [r4, #-256]	; 0xffffff00
7e1d2b3c:	e1a02005 	mov	r2, r5
7e1d2b40:	d54430fe 	strble	r3, [r4, #-254]	; 0xffffff02
7e1d2b44:	c1c53fbe 	strhgt	r3, [r5, #254]	; 0xfe
7e1d2b48:	ebfffd6f 	bl	7e1d210c <cm_log_printf>
7e1d2b4c:	e28ddf42 	add	sp, sp, #264	; 0x108
7e1d2b50:	e8bd4030 	pop	{r4, r5, lr}
7e1d2b54:	e28dd00c 	add	sp, sp, #12
7e1d2b58:	e12fff1e 	bx	lr
7e1d2b5c:	802d9b08 	.word	0x802d9b08
7e1d2b60:	802da601 	.word	0x802da601

7e1d2b64 <offline_replay_cb>:
7e1d2b64:	e92d4010 	push	{r4, lr}
7e1d2b68:	e2504000 	subs	r4, r0, #0
7e1d2b6c:	08bd8010 	popeq	{r4, pc}
7e1d2b70:	eb0004a8 	bl	7e1d3e18 <app_mqtt_is_connected>
7e1d2b74:	e3500000 	cmp	r0, #0
7e1d2b78:	0a000007 	beq	7e1d2b9c <offline_replay_cb+0x38>
7e1d2b7c:	e5941268 	ldr	r1, [r4, #616]	; 0x268
7e1d2b80:	e2840068 	add	r0, r4, #104	; 0x68
7e1d2b84:	eb0004a7 	bl	7e1d3e28 <app_mqtt_publish_telemetry>
7e1d2b88:	e59f1024 	ldr	r1, [pc, #36]	; 7e1d2bb4 <offline_replay_cb+0x50>
7e1d2b8c:	e59f0024 	ldr	r0, [pc, #36]	; 7e1d2bb8 <offline_replay_cb+0x54>
7e1d2b90:	e1a02004 	mov	r2, r4
7e1d2b94:	e8bd4010 	pop	{r4, lr}
7e1d2b98:	eaffffc7 	b	7e1d2abc <app_log_output>
7e1d2b9c:	e1a00004 	mov	r0, r4
7e1d2ba0:	eb002532 	bl	7e1dc070 <__app_offline_cache_push_veneer>
7e1d2ba4:	e59f1010 	ldr	r1, [pc, #16]	; 7e1d2bbc <offline_replay_cb+0x58>
7e1d2ba8:	e59f0010 	ldr	r0, [pc, #16]	; 7e1d2bc0 <offline_replay_cb+0x5c>
7e1d2bac:	e1a02004 	mov	r2, r4
7e1d2bb0:	eafffff7 	b	7e1d2b94 <offline_replay_cb+0x30>
7e1d2bb4:	802d9dbb 	.word	0x802d9dbb
7e1d2bb8:	802d9dc5 	.word	0x802d9dc5
7e1d2bbc:	802d9dc7 	.word	0x802d9dc7
7e1d2bc0:	802d9def 	.word	0x802d9def

7e1d2bc4 <publish_state>:
7e1d2bc4:	e92d4030 	push	{r4, r5, lr}
7e1d2bc8:	e1a05000 	mov	r5, r0
7e1d2bcc:	e24dd044 	sub	sp, sp, #68	; 0x44
7e1d2bd0:	e28d4028 	add	r4, sp, #40	; 0x28
7e1d2bd4:	ebfffd5c 	bl	7e1d214c <cm_rtc_get_current_time>
7e1d2bd8:	e1a02004 	mov	r2, r4
7e1d2bdc:	e3a03018 	mov	r3, #24
7e1d2be0:	eb0003ac 	bl	7e1d3a98 <app_util_format_rfc3339>
7e1d2be4:	e59f20a0 	ldr	r2, [pc, #160]	; 7e1d2c8c <publish_state+0xc8>
7e1d2be8:	e59f30a0 	ldr	r3, [pc, #160]	; 7e1d2c90 <publish_state+0xcc>
7e1d2bec:	e3a01c02 	mov	r1, #512	; 0x200
7e1d2bf0:	e59f009c 	ldr	r0, [pc, #156]	; 7e1d2c94 <publish_state+0xd0>
7e1d2bf4:	e5922000 	ldr	r2, [r2]
7e1d2bf8:	e58d2020 	str	r2, [sp, #32]
7e1d2bfc:	e59f2094 	ldr	r2, [pc, #148]	; 7e1d2c98 <publish_state+0xd4>
7e1d2c00:	e5922000 	ldr	r2, [r2]
7e1d2c04:	e58d201c 	str	r2, [sp, #28]
7e1d2c08:	e59f208c 	ldr	r2, [pc, #140]	; 7e1d2c9c <publish_state+0xd8>
7e1d2c0c:	e58d2018 	str	r2, [sp, #24]
7e1d2c10:	e59f2088 	ldr	r2, [pc, #136]	; 7e1d2ca0 <publish_state+0xdc>
7e1d2c14:	e5922000 	ldr	r2, [r2]
7e1d2c18:	e58d2014 	str	r2, [sp, #20]
7e1d2c1c:	e58d4010 	str	r4, [sp, #16]
7e1d2c20:	e58d3008 	str	r3, [sp, #8]
7e1d2c24:	e58d3004 	str	r3, [sp, #4]
7e1d2c28:	e58d4000 	str	r4, [sp]
7e1d2c2c:	e59f2070 	ldr	r2, [pc, #112]	; 7e1d2ca4 <publish_state+0xe0>
7e1d2c30:	e58d500c 	str	r5, [sp, #12]
7e1d2c34:	fa000a50 	blx	7e1d557c <snprintf>
7e1d2c38:	e30031fe 	movw	r3, #510	; 0x1fe
7e1d2c3c:	e1a04000 	mov	r4, r0
7e1d2c40:	e2402001 	sub	r2, r0, #1
7e1d2c44:	e1520003 	cmp	r2, r3
7e1d2c48:	9a000005 	bls	7e1d2c64 <publish_state+0xa0>
7e1d2c4c:	e59f1054 	ldr	r1, [pc, #84]	; 7e1d2ca8 <publish_state+0xe4>
7e1d2c50:	e1a02000 	mov	r2, r0
7e1d2c54:	e59f0050 	ldr	r0, [pc, #80]	; 7e1d2cac <publish_state+0xe8>
7e1d2c58:	ebffff97 	bl	7e1d2abc <app_log_output>
7e1d2c5c:	e28dd044 	add	sp, sp, #68	; 0x44
7e1d2c60:	e8bd8030 	pop	{r4, r5, pc}
7e1d2c64:	eb00046b 	bl	7e1d3e18 <app_mqtt_is_connected>
7e1d2c68:	e3500000 	cmp	r0, #0
7e1d2c6c:	0afffffa 	beq	7e1d2c5c <publish_state+0x98>
7e1d2c70:	e59f001c 	ldr	r0, [pc, #28]	; 7e1d2c94 <publish_state+0xd0>
7e1d2c74:	e1a01004 	mov	r1, r4
7e1d2c78:	eb00046a 	bl	7e1d3e28 <app_mqtt_publish_telemetry>
7e1d2c7c:	e59f102c 	ldr	r1, [pc, #44]	; 7e1d2cb0 <publish_state+0xec>
7e1d2c80:	e59f002c 	ldr	r0, [pc, #44]	; 7e1d2cb4 <publish_state+0xf0>
7e1d2c84:	e1a02005 	mov	r2, r5
7e1d2c88:	eafffff2 	b	7e1d2c58 <publish_state+0x94>
7e1d2c8c:	7e1dcad8 	.word	0x7e1dcad8
7e1d2c90:	7e1dc108 	.word	0x7e1dc108
7e1d2c94:	7e1dd184 	.word	0x7e1dd184
7e1d2c98:	7e1dcb18 	.word	0x7e1dcb18
7e1d2c9c:	802da187 	.word	0x802da187
7e1d2ca0:	7e1dcb1c 	.word	0x7e1dcb1c
7e1d2ca4:	802da0a7 	.word	0x802da0a7
7e1d2ca8:	802da18d 	.word	0x802da18d
7e1d2cac:	802d9bba 	.word	0x802d9bba
7e1d2cb0:	802da1b3 	.word	0x802da1b3
7e1d2cb4:	802d9dc5 	.word	0x802d9dc5

7e1d2cb8 <mqtt_event_cb>:
7e1d2cb8:	e3500003 	cmp	r0, #3
7e1d2cbc:	979ff100 	ldrls	pc, [pc, r0, lsl #2]
7e1d2cc0:	ea000029 	b	7e1d2d6c <mqtt_event_cb+0xb4>
7e1d2cc4:	7e1d2d60 	.word	0x7e1d2d60
7e1d2cc8:	7e1d2cd4 	.word	0x7e1d2cd4
7e1d2ccc:	7e1d2ce4 	.word	0x7e1d2ce4
7e1d2cd0:	7e1d2cf0 	.word	0x7e1d2cf0
7e1d2cd4:	e59f3094 	ldr	r3, [pc, #148]	; 7e1d2d70 <mqtt_event_cb+0xb8>
7e1d2cd8:	e3a02001 	mov	r2, #1
7e1d2cdc:	e5c32000 	strb	r2, [r3]
7e1d2ce0:	e12fff1e 	bx	lr
7e1d2ce4:	e59f1088 	ldr	r1, [pc, #136]	; 7e1d2d74 <mqtt_event_cb+0xbc>
7e1d2ce8:	e59f0088 	ldr	r0, [pc, #136]	; 7e1d2d78 <mqtt_event_cb+0xc0>
7e1d2cec:	eaffff72 	b	7e1d2abc <app_log_output>
7e1d2cf0:	e3510000 	cmp	r1, #0
7e1d2cf4:	012fff1e 	bxeq	lr
7e1d2cf8:	e92d41f0 	push	{r4, r5, r6, r7, r8, lr}
7e1d2cfc:	e5917044 	ldr	r7, [r1, #68]	; 0x44
7e1d2d00:	e30033fe 	movw	r3, #1022	; 0x3fe
7e1d2d04:	e2472001 	sub	r2, r7, #1
7e1d2d08:	e1520003 	cmp	r2, r3
7e1d2d0c:	88bd81f0 	pophi	{r4, r5, r6, r7, r8, pc}
7e1d2d10:	e59f6064 	ldr	r6, [pc, #100]	; 7e1d2d7c <mqtt_event_cb+0xc4>
7e1d2d14:	e5d63000 	ldrb	r3, [r6]
7e1d2d18:	e21350ff 	ands	r5, r3, #255	; 0xff
7e1d2d1c:	18bd81f0 	popne	{r4, r5, r6, r7, r8, pc}
7e1d2d20:	e59f3058 	ldr	r3, [pc, #88]	; 7e1d2d80 <mqtt_event_cb+0xc8>
7e1d2d24:	e3a0203f 	mov	r2, #63	; 0x3f
7e1d2d28:	e1a00003 	mov	r0, r3
7e1d2d2c:	e1a04001 	mov	r4, r1
7e1d2d30:	fa000b4c 	blx	7e1d5a68 <strncpy>
7e1d2d34:	e1a02007 	mov	r2, r7
7e1d2d38:	e5c0503f 	strb	r5, [r0, #63]	; 0x3f
7e1d2d3c:	e59f0040 	ldr	r0, [pc, #64]	; 7e1d2d84 <mqtt_event_cb+0xcc>
7e1d2d40:	e5941040 	ldr	r1, [r4, #64]	; 0x40
7e1d2d44:	fa000888 	blx	7e1d4f6c <memcpy>
7e1d2d48:	e59f3038 	ldr	r3, [pc, #56]	; 7e1d2d88 <mqtt_event_cb+0xd0>
7e1d2d4c:	e5942044 	ldr	r2, [r4, #68]	; 0x44
7e1d2d50:	e5832000 	str	r2, [r3]
7e1d2d54:	e3a03001 	mov	r3, #1
7e1d2d58:	e5c63000 	strb	r3, [r6]
7e1d2d5c:	e8bd81f0 	pop	{r4, r5, r6, r7, r8, pc}
7e1d2d60:	e59f1024 	ldr	r1, [pc, #36]	; 7e1d2d8c <mqtt_event_cb+0xd4>
7e1d2d64:	e59f0024 	ldr	r0, [pc, #36]	; 7e1d2d90 <mqtt_event_cb+0xd8>
7e1d2d68:	eaffffdf 	b	7e1d2cec <mqtt_event_cb+0x34>
7e1d2d6c:	e12fff1e 	bx	lr
7e1d2d70:	7e1dcb28 	.word	0x7e1dcb28
7e1d2d74:	802d9d9a 	.word	0x802d9d9a
7e1d2d78:	802d9dc5 	.word	0x802d9dc5
7e1d2d7c:	7e1dcf34 	.word	0x7e1dcf34
7e1d2d80:	7e1dcf35 	.word	0x7e1dcf35
7e1d2d84:	7e1dcb2d 	.word	0x7e1dcb2d
7e1d2d88:	7e1dcf30 	.word	0x7e1dcf30
7e1d2d8c:	802d9da9 	.word	0x802d9da9
7e1d2d90:	802d9def 	.word	0x802d9def

7e1d2d94 <publish_location.constprop.3>:
7e1d2d94:	e59f32a0 	ldr	r3, [pc, #672]	; 7e1d303c <publish_location.constprop.3+0x2a8>
7e1d2d98:	e92d4ff0 	push	{r4, r5, r6, r7, r8, r9, sl, fp, lr}
7e1d2d9c:	e5930000 	ldr	r0, [r3]
7e1d2da0:	e24ddfdf 	sub	sp, sp, #892	; 0x37c
7e1d2da4:	e1a04003 	mov	r4, r3
7e1d2da8:	e3500000 	cmp	r0, #0
7e1d2dac:	0a000001 	beq	7e1d2db8 <publish_location.constprop.3+0x24>
7e1d2db0:	e3e01000 	mvn	r1, #0
7e1d2db4:	ebfffcb1 	bl	7e1d2080 <osMutexAcquire>
7e1d2db8:	e59fe280 	ldr	lr, [pc, #640]	; 7e1d3040 <publish_location.constprop.3+0x2ac>
7e1d2dbc:	e28dc080 	add	ip, sp, #128	; 0x80
7e1d2dc0:	e8be000f 	ldm	lr!, {r0, r1, r2, r3}
7e1d2dc4:	e8ac000f 	stmia	ip!, {r0, r1, r2, r3}
7e1d2dc8:	e8be000f 	ldm	lr!, {r0, r1, r2, r3}
7e1d2dcc:	e8ac000f 	stmia	ip!, {r0, r1, r2, r3}
7e1d2dd0:	e8be000f 	ldm	lr!, {r0, r1, r2, r3}
7e1d2dd4:	e8ac000f 	stmia	ip!, {r0, r1, r2, r3}
7e1d2dd8:	e89e0003 	ldm	lr, {r0, r1}
7e1d2ddc:	e88c0003 	stm	ip, {r0, r1}
7e1d2de0:	e5940000 	ldr	r0, [r4]
7e1d2de4:	e3500000 	cmp	r0, #0
7e1d2de8:	0a000000 	beq	7e1d2df0 <publish_location.constprop.3+0x5c>
7e1d2dec:	ebfffca4 	bl	7e1d2084 <osMutexRelease>
7e1d2df0:	e3a02000 	mov	r2, #0
7e1d2df4:	e3a03000 	mov	r3, #0
7e1d2df8:	e1cd08d8 	ldrd	r0, [sp, #136]	; 0x88
7e1d2dfc:	fa00230d 	blx	7e1dba38 <__aeabi_dcmpeq>
7e1d2e00:	e3500000 	cmp	r0, #0
7e1d2e04:	0a000008 	beq	7e1d2e2c <publish_location.constprop.3+0x98>
7e1d2e08:	e3a02000 	mov	r2, #0
7e1d2e0c:	e3a03000 	mov	r3, #0
7e1d2e10:	e1cd08d0 	ldrd	r0, [sp, #128]	; 0x80
7e1d2e14:	fa002307 	blx	7e1dba38 <__aeabi_dcmpeq>
7e1d2e18:	e3500000 	cmp	r0, #0
7e1d2e1c:	0a000002 	beq	7e1d2e2c <publish_location.constprop.3+0x98>
7e1d2e20:	e59f121c 	ldr	r1, [pc, #540]	; 7e1d3044 <publish_location.constprop.3+0x2b0>
7e1d2e24:	e59f021c 	ldr	r0, [pc, #540]	; 7e1d3048 <publish_location.constprop.3+0x2b4>
7e1d2e28:	ebffff23 	bl	7e1d2abc <app_log_output>
7e1d2e2c:	e59f3218 	ldr	r3, [pc, #536]	; 7e1d304c <publish_location.constprop.3+0x2b8>
7e1d2e30:	e1a05003 	mov	r5, r3
7e1d2e34:	e5930000 	ldr	r0, [r3]
7e1d2e38:	e3500000 	cmp	r0, #0
7e1d2e3c:	0a000001 	beq	7e1d2e48 <publish_location.constprop.3+0xb4>
7e1d2e40:	e3e01000 	mvn	r1, #0
7e1d2e44:	ebfffc8d 	bl	7e1d2080 <osMutexAcquire>
7e1d2e48:	e59f3200 	ldr	r3, [pc, #512]	; 7e1d3050 <publish_location.constprop.3+0x2bc>
7e1d2e4c:	e5950000 	ldr	r0, [r5]
7e1d2e50:	e1a05003 	mov	r5, r3
7e1d2e54:	e5934000 	ldr	r4, [r3]
7e1d2e58:	e3500000 	cmp	r0, #0
7e1d2e5c:	e2844001 	add	r4, r4, #1
7e1d2e60:	e5834000 	str	r4, [r3]
7e1d2e64:	0a000000 	beq	7e1d2e6c <publish_location.constprop.3+0xd8>
7e1d2e68:	ebfffc85 	bl	7e1d2084 <osMutexRelease>
7e1d2e6c:	e5951000 	ldr	r1, [r5]
7e1d2e70:	e28d6068 	add	r6, sp, #104	; 0x68
7e1d2e74:	e59f01d8 	ldr	r0, [pc, #472]	; 7e1d3054 <publish_location.constprop.3+0x2c0>
7e1d2e78:	eb002482 	bl	7e1dc088 <__app_storage_save_boot_info_veneer>
7e1d2e7c:	e3a03050 	mov	r3, #80	; 0x50
7e1d2e80:	e59f11cc 	ldr	r1, [pc, #460]	; 7e1d3054 <publish_location.constprop.3+0x2c0>
7e1d2e84:	e1a02004 	mov	r2, r4
7e1d2e88:	e58d3000 	str	r3, [sp]
7e1d2e8c:	e28d30bc 	add	r3, sp, #188	; 0xbc
7e1d2e90:	e59f01c0 	ldr	r0, [pc, #448]	; 7e1d3058 <publish_location.constprop.3+0x2c4>
7e1d2e94:	eb000396 	bl	7e1d3cf4 <app_util_gen_loc_message_id>
7e1d2e98:	ebfffcab 	bl	7e1d214c <cm_rtc_get_current_time>
7e1d2e9c:	e3a03018 	mov	r3, #24
7e1d2ea0:	e1a02006 	mov	r2, r6
7e1d2ea4:	eb0002fb 	bl	7e1d3a98 <app_util_format_rfc3339>
7e1d2ea8:	e5dd30ac 	ldrb	r3, [sp, #172]	; 0xac
7e1d2eac:	e5dd10a4 	ldrb	r1, [sp, #164]	; 0xa4
7e1d2eb0:	e59d209c 	ldr	r2, [sp, #156]	; 0x9c
7e1d2eb4:	e59d0098 	ldr	r0, [sp, #152]	; 0x98
7e1d2eb8:	e3530000 	cmp	r3, #0
7e1d2ebc:	e59d30a0 	ldr	r3, [sp, #160]	; 0xa0
7e1d2ec0:	128d50ac 	addne	r5, sp, #172	; 0xac
7e1d2ec4:	e58d2064 	str	r2, [sp, #100]	; 0x64
7e1d2ec8:	059f518c 	ldreq	r5, [pc, #396]	; 7e1d305c <publish_location.constprop.3+0x2c8>
7e1d2ecc:	e3510000 	cmp	r1, #0
7e1d2ed0:	e59f1188 	ldr	r1, [pc, #392]	; 7e1d3060 <publish_location.constprop.3+0x2cc>
7e1d2ed4:	128d70a4 	addne	r7, sp, #164	; 0xa4
7e1d2ed8:	e58d1058 	str	r1, [sp, #88]	; 0x58
7e1d2edc:	e59f1170 	ldr	r1, [pc, #368]	; 7e1d3054 <publish_location.constprop.3+0x2c0>
7e1d2ee0:	059f717c 	ldreq	r7, [pc, #380]	; 7e1d3064 <publish_location.constprop.3+0x2d0>
7e1d2ee4:	e58d3060 	str	r3, [sp, #96]	; 0x60
7e1d2ee8:	e58d4054 	str	r4, [sp, #84]	; 0x54
7e1d2eec:	e58d1050 	str	r1, [sp, #80]	; 0x50
7e1d2ef0:	fa002170 	blx	7e1db4b8 <__aeabi_f2d>
7e1d2ef4:	e1cd88d0 	ldrd	r8, [sp, #128]	; 0x80
7e1d2ef8:	e1cda8d8 	ldrd	sl, [sp, #136]	; 0x88
7e1d2efc:	e1cd04f8 	strd	r0, [sp, #72]	; 0x48
7e1d2f00:	e59d0094 	ldr	r0, [sp, #148]	; 0x94
7e1d2f04:	fa00216b 	blx	7e1db4b8 <__aeabi_f2d>
7e1d2f08:	e1cd04f0 	strd	r0, [sp, #64]	; 0x40
7e1d2f0c:	e59d0090 	ldr	r0, [sp, #144]	; 0x90
7e1d2f10:	fa002168 	blx	7e1db4b8 <__aeabi_f2d>
7e1d2f14:	e59d3060 	ldr	r3, [sp, #96]	; 0x60
7e1d2f18:	e59d2064 	ldr	r2, [sp, #100]	; 0x64
7e1d2f1c:	e1cd03f8 	strd	r0, [sp, #56]	; 0x38
7e1d2f20:	e59f1140 	ldr	r1, [pc, #320]	; 7e1d3068 <publish_location.constprop.3+0x2d4>
7e1d2f24:	e59f0140 	ldr	r0, [pc, #320]	; 7e1d306c <publish_location.constprop.3+0x2d8>
7e1d2f28:	e5911000 	ldr	r1, [r1]
7e1d2f2c:	e58d1034 	str	r1, [sp, #52]	; 0x34
7e1d2f30:	e59f1138 	ldr	r1, [pc, #312]	; 7e1d3070 <publish_location.constprop.3+0x2dc>
7e1d2f34:	e5911000 	ldr	r1, [r1]
7e1d2f38:	e58d3024 	str	r3, [sp, #36]	; 0x24
7e1d2f3c:	e59f3114 	ldr	r3, [pc, #276]	; 7e1d3058 <publish_location.constprop.3+0x2c4>
7e1d2f40:	e58d1030 	str	r1, [sp, #48]	; 0x30
7e1d2f44:	e3a01c02 	mov	r1, #512	; 0x200
7e1d2f48:	e58d2028 	str	r2, [sp, #40]	; 0x28
7e1d2f4c:	e58d3004 	str	r3, [sp, #4]
7e1d2f50:	e58d3000 	str	r3, [sp]
7e1d2f54:	e28d30bc 	add	r3, sp, #188	; 0xbc
7e1d2f58:	e59f2114 	ldr	r2, [pc, #276]	; 7e1d3074 <publish_location.constprop.3+0x2e0>
7e1d2f5c:	e1cd81f0 	strd	r8, [sp, #16]
7e1d2f60:	e58d6008 	str	r6, [sp, #8]
7e1d2f64:	e58d5020 	str	r5, [sp, #32]
7e1d2f68:	e58d702c 	str	r7, [sp, #44]	; 0x2c
7e1d2f6c:	e1cda1f8 	strd	sl, [sp, #24]
7e1d2f70:	fa000981 	blx	7e1d557c <snprintf>
7e1d2f74:	e30031fe 	movw	r3, #510	; 0x1fe
7e1d2f78:	e1a05000 	mov	r5, r0
7e1d2f7c:	e2402001 	sub	r2, r0, #1
7e1d2f80:	e1520003 	cmp	r2, r3
7e1d2f84:	9a000005 	bls	7e1d2fa0 <publish_location.constprop.3+0x20c>
7e1d2f88:	e59f10e8 	ldr	r1, [pc, #232]	; 7e1d3078 <publish_location.constprop.3+0x2e4>
7e1d2f8c:	e1a02004 	mov	r2, r4
7e1d2f90:	e59f00e4 	ldr	r0, [pc, #228]	; 7e1d307c <publish_location.constprop.3+0x2e8>
7e1d2f94:	ebfffec8 	bl	7e1d2abc <app_log_output>
7e1d2f98:	e28ddfdf 	add	sp, sp, #892	; 0x37c
7e1d2f9c:	e8bd8ff0 	pop	{r4, r5, r6, r7, r8, r9, sl, fp, pc}
7e1d2fa0:	eb00039c 	bl	7e1d3e18 <app_mqtt_is_connected>
7e1d2fa4:	e2507000 	subs	r7, r0, #0
7e1d2fa8:	0a000006 	beq	7e1d2fc8 <publish_location.constprop.3+0x234>
7e1d2fac:	e59f00b8 	ldr	r0, [pc, #184]	; 7e1d306c <publish_location.constprop.3+0x2d8>
7e1d2fb0:	e1a01005 	mov	r1, r5
7e1d2fb4:	eb00039b 	bl	7e1d3e28 <app_mqtt_publish_telemetry>
7e1d2fb8:	e59f10c0 	ldr	r1, [pc, #192]	; 7e1d3080 <publish_location.constprop.3+0x2ec>
7e1d2fbc:	e59f00c0 	ldr	r0, [pc, #192]	; 7e1d3084 <publish_location.constprop.3+0x2f0>
7e1d2fc0:	e1a02004 	mov	r2, r4
7e1d2fc4:	eafffff2 	b	7e1d2f94 <publish_location.constprop.3+0x200>
7e1d2fc8:	e1a01007 	mov	r1, r7
7e1d2fcc:	e3a02f9b 	mov	r2, #620	; 0x26c
7e1d2fd0:	e28d0f43 	add	r0, sp, #268	; 0x10c
7e1d2fd4:	fa000853 	blx	7e1d5128 <memset>
7e1d2fd8:	e3a0204f 	mov	r2, #79	; 0x4f
7e1d2fdc:	e28d10bc 	add	r1, sp, #188	; 0xbc
7e1d2fe0:	e28d0f43 	add	r0, sp, #268	; 0x10c
7e1d2fe4:	fa000a9f 	blx	7e1d5a68 <strncpy>
7e1d2fe8:	e1a01006 	mov	r1, r6
7e1d2fec:	e3a02017 	mov	r2, #23
7e1d2ff0:	e28d0f57 	add	r0, sp, #348	; 0x15c
7e1d2ff4:	fa000a9b 	blx	7e1d5a68 <strncpy>
7e1d2ff8:	e1a02005 	mov	r2, r5
7e1d2ffc:	e59f1068 	ldr	r1, [pc, #104]	; 7e1d306c <publish_location.constprop.3+0x2d8>
7e1d3000:	e28d0f5d 	add	r0, sp, #372	; 0x174
7e1d3004:	fa0007d8 	blx	7e1d4f6c <memcpy>
7e1d3008:	e28d3fde 	add	r3, sp, #888	; 0x378
7e1d300c:	e0833005 	add	r3, r3, r5
7e1d3010:	e58d5374 	str	r5, [sp, #884]	; 0x374
7e1d3014:	e28d0f43 	add	r0, sp, #268	; 0x10c
7e1d3018:	e5437204 	strb	r7, [r3, #-516]	; 0xfffffdfc
7e1d301c:	eb002413 	bl	7e1dc070 <__app_offline_cache_push_veneer>
7e1d3020:	eb00240a 	bl	7e1dc050 <__app_offline_cache_count_veneer>
7e1d3024:	e59f105c 	ldr	r1, [pc, #92]	; 7e1d3088 <publish_location.constprop.3+0x2f4>
7e1d3028:	e1a02004 	mov	r2, r4
7e1d302c:	e1a03000 	mov	r3, r0
7e1d3030:	e59f004c 	ldr	r0, [pc, #76]	; 7e1d3084 <publish_location.constprop.3+0x2f0>
7e1d3034:	ebfffea0 	bl	7e1d2abc <app_log_output>
7e1d3038:	eaffffd6 	b	7e1d2f98 <publish_location.constprop.3+0x204>
7e1d303c:	7e1dcb20 	.word	0x7e1dcb20
7e1d3040:	7e1dcae0 	.word	0x7e1dcae0
7e1d3044:	802d9eb8 	.word	0x802d9eb8
7e1d3048:	802d9def 	.word	0x802d9def
7e1d304c:	7e1dcf7c 	.word	0x7e1dcf7c
7e1d3050:	7e1dcf78 	.word	0x7e1dcf78
7e1d3054:	7e1dc0e8 	.word	0x7e1dc0e8
7e1d3058:	7e1dc108 	.word	0x7e1dc108
7e1d305c:	802d9eae 	.word	0x802d9eae
7e1d3060:	802da048 	.word	0x802da048
7e1d3064:	802d9eb4 	.word	0x802d9eb4
7e1d3068:	7e1dcb18 	.word	0x7e1dcb18
7e1d306c:	7e1dcf84 	.word	0x7e1dcf84
7e1d3070:	7e1dcb1c 	.word	0x7e1dcb1c
7e1d3074:	802d9ee1 	.word	0x802d9ee1
7e1d3078:	802da04e 	.word	0x802da04e
7e1d307c:	802d9bba 	.word	0x802d9bba
7e1d3080:	802da070 	.word	0x802da070
7e1d3084:	802d9dc5 	.word	0x802d9dc5
7e1d3088:	802da084 	.word	0x802da084

7e1d308c <one_shot_loc_task>:
7e1d308c:	e92d47f0 	push	{r4, r5, r6, r7, r8, r9, sl, lr}
7e1d3090:	e59f6108 	ldr	r6, [pc, #264]	; 7e1d31a0 <one_shot_loc_task+0x114>
7e1d3094:	e3a05001 	mov	r5, #1
7e1d3098:	e59f1104 	ldr	r1, [pc, #260]	; 7e1d31a4 <one_shot_loc_task+0x118>
7e1d309c:	e59f0104 	ldr	r0, [pc, #260]	; 7e1d31a8 <one_shot_loc_task+0x11c>
7e1d30a0:	ebfffe85 	bl	7e1d2abc <app_log_output>
7e1d30a4:	e59f4100 	ldr	r4, [pc, #256]	; 7e1d31ac <one_shot_loc_task+0x120>
7e1d30a8:	e59f0100 	ldr	r0, [pc, #256]	; 7e1d31b0 <one_shot_loc_task+0x124>
7e1d30ac:	e5c45000 	strb	r5, [r4]
7e1d30b0:	e5968000 	ldr	r8, [r6]
7e1d30b4:	eb002407 	bl	7e1dc0d8 <__bsp_gps_open_veneer>
7e1d30b8:	e3500000 	cmp	r0, #0
7e1d30bc:	0a000006 	beq	7e1d30dc <one_shot_loc_task+0x50>
7e1d30c0:	e59f10ec 	ldr	r1, [pc, #236]	; 7e1d31b4 <one_shot_loc_task+0x128>
7e1d30c4:	e59f00ec 	ldr	r0, [pc, #236]	; 7e1d31b8 <one_shot_loc_task+0x12c>
7e1d30c8:	ebfffe7b 	bl	7e1d2abc <app_log_output>
7e1d30cc:	ebffff30 	bl	7e1d2d94 <publish_location.constprop.3>
7e1d30d0:	e3a03000 	mov	r3, #0
7e1d30d4:	e5c43000 	strb	r3, [r4]
7e1d30d8:	e8bd87f0 	pop	{r4, r5, r6, r7, r8, r9, sl, pc}
7e1d30dc:	e59f30d8 	ldr	r3, [pc, #216]	; 7e1d31bc <one_shot_loc_task+0x130>
7e1d30e0:	e1a07004 	mov	r7, r4
7e1d30e4:	e59f40d4 	ldr	r4, [pc, #212]	; 7e1d31c0 <one_shot_loc_task+0x134>
7e1d30e8:	e5c45000 	strb	r5, [r4]
7e1d30ec:	e1a05004 	mov	r5, r4
7e1d30f0:	e5c30000 	strb	r0, [r3]
7e1d30f4:	e3a00002 	mov	r0, #2
7e1d30f8:	eb0023f0 	bl	7e1dc0c0 <__bsp_gps_set_power_mode_veneer>
7e1d30fc:	e3a00014 	mov	r0, #20
7e1d3100:	ebfffbd0 	bl	7e1d2048 <osDelay>
7e1d3104:	ebfffbc0 	bl	7e1d200c <osKernelGetTickCount>
7e1d3108:	e304464f 	movw	r4, #17999	; 0x464f
7e1d310c:	e1a09000 	mov	r9, r0
7e1d3110:	e3a00f96 	mov	r0, #600	; 0x258
7e1d3114:	ebfffbcb 	bl	7e1d2048 <osDelay>
7e1d3118:	ebfffbbb 	bl	7e1d200c <osKernelGetTickCount>
7e1d311c:	e0402009 	sub	r2, r0, r9
7e1d3120:	e1520004 	cmp	r2, r4
7e1d3124:	9a000013 	bls	7e1d3178 <one_shot_loc_task+0xec>
7e1d3128:	e59f1094 	ldr	r1, [pc, #148]	; 7e1d31c4 <one_shot_loc_task+0x138>
7e1d312c:	e0822102 	add	r2, r2, r2, lsl #2
7e1d3130:	e59f0090 	ldr	r0, [pc, #144]	; 7e1d31c8 <one_shot_loc_task+0x13c>
7e1d3134:	ebfffe60 	bl	7e1d2abc <app_log_output>
7e1d3138:	e3a00000 	mov	r0, #0
7e1d313c:	eb0023df 	bl	7e1dc0c0 <__bsp_gps_set_power_mode_veneer>
7e1d3140:	e3a04000 	mov	r4, #0
7e1d3144:	e3a00014 	mov	r0, #20
7e1d3148:	ebfffbbe 	bl	7e1d2048 <osDelay>
7e1d314c:	eb0023c1 	bl	7e1dc058 <__bsp_gps_close_veneer>
7e1d3150:	e59f1074 	ldr	r1, [pc, #116]	; 7e1d31cc <one_shot_loc_task+0x140>
7e1d3154:	e59f004c 	ldr	r0, [pc, #76]	; 7e1d31a8 <one_shot_loc_task+0x11c>
7e1d3158:	e5c54000 	strb	r4, [r5]
7e1d315c:	ebfffe56 	bl	7e1d2abc <app_log_output>
7e1d3160:	ebffff0b 	bl	7e1d2d94 <publish_location.constprop.3>
7e1d3164:	e5c74000 	strb	r4, [r7]
7e1d3168:	e59f1060 	ldr	r1, [pc, #96]	; 7e1d31d0 <one_shot_loc_task+0x144>
7e1d316c:	e59f0034 	ldr	r0, [pc, #52]	; 7e1d31a8 <one_shot_loc_task+0x11c>
7e1d3170:	e8bd47f0 	pop	{r4, r5, r6, r7, r8, r9, sl, lr}
7e1d3174:	eafffe50 	b	7e1d2abc <app_log_output>
7e1d3178:	e5963000 	ldr	r3, [r6]
7e1d317c:	e1530008 	cmp	r3, r8
7e1d3180:	0a000003 	beq	7e1d3194 <one_shot_loc_task+0x108>
7e1d3184:	e59f1048 	ldr	r1, [pc, #72]	; 7e1d31d4 <one_shot_loc_task+0x148>
7e1d3188:	e0822102 	add	r2, r2, r2, lsl #2
7e1d318c:	e59f0014 	ldr	r0, [pc, #20]	; 7e1d31a8 <one_shot_loc_task+0x11c>
7e1d3190:	eaffffe7 	b	7e1d3134 <one_shot_loc_task+0xa8>
7e1d3194:	e3a00064 	mov	r0, #100	; 0x64
7e1d3198:	ebfffbaa 	bl	7e1d2048 <osDelay>
7e1d319c:	eaffffdd 	b	7e1d3118 <one_shot_loc_task+0x8c>
7e1d31a0:	7e1dcb24 	.word	0x7e1dcb24
7e1d31a4:	802d9df1 	.word	0x802d9df1
7e1d31a8:	802d9dc5 	.word	0x802d9dc5
7e1d31ac:	7e1dcb2b 	.word	0x7e1dcb2b
7e1d31b0:	7e1d29e0 	.word	0x7e1d29e0
7e1d31b4:	802d9e04 	.word	0x802d9e04
7e1d31b8:	802d9bba 	.word	0x802d9bba
7e1d31bc:	7e1dcadc 	.word	0x7e1dcadc
7e1d31c0:	7e1dcadd 	.word	0x7e1dcadd
7e1d31c4:	802d9e2d 	.word	0x802d9e2d
7e1d31c8:	802d9def 	.word	0x802d9def
7e1d31cc:	802d9e79 	.word	0x802d9e79
7e1d31d0:	802d9e9a 	.word	0x802d9e9a
7e1d31d4:	802d9e55 	.word	0x802d9e55

7e1d31d8 <main_task>:
7e1d31d8:	e92d4ff0 	push	{r4, r5, r6, r7, r8, r9, sl, fp, lr}
7e1d31dc:	e59f464c 	ldr	r4, [pc, #1612]	; 7e1d3830 <main_task+0x658>
7e1d31e0:	e24dd064 	sub	sp, sp, #100	; 0x64
7e1d31e4:	e5d43000 	ldrb	r3, [r4]
7e1d31e8:	e3530000 	cmp	r3, #0
7e1d31ec:	0a000044 	beq	7e1d3304 <main_task+0x12c>
7e1d31f0:	e59f063c 	ldr	r0, [pc, #1596]	; 7e1d3834 <main_task+0x65c>
7e1d31f4:	eb0023b7 	bl	7e1dc0d8 <__bsp_gps_open_veneer>
7e1d31f8:	e3500000 	cmp	r0, #0
7e1d31fc:	0a000002 	beq	7e1d320c <main_task+0x34>
7e1d3200:	e59f1630 	ldr	r1, [pc, #1584]	; 7e1d3838 <main_task+0x660>
7e1d3204:	e59f0630 	ldr	r0, [pc, #1584]	; 7e1d383c <main_task+0x664>
7e1d3208:	ebfffe2b 	bl	7e1d2abc <app_log_output>
7e1d320c:	e3a02001 	mov	r2, #1
7e1d3210:	e3a04000 	mov	r4, #0
7e1d3214:	e59f3624 	ldr	r3, [pc, #1572]	; 7e1d3840 <main_task+0x668>
7e1d3218:	e3a00002 	mov	r0, #2
7e1d321c:	e5c32000 	strb	r2, [r3]
7e1d3220:	e1a08004 	mov	r8, r4
7e1d3224:	e59f3618 	ldr	r3, [pc, #1560]	; 7e1d3844 <main_task+0x66c>
7e1d3228:	e1a07004 	mov	r7, r4
7e1d322c:	e5c34000 	strb	r4, [r3]
7e1d3230:	eb0023a2 	bl	7e1dc0c0 <__bsp_gps_set_power_mode_veneer>
7e1d3234:	e59f060c 	ldr	r0, [pc, #1548]	; 7e1d3848 <main_task+0x670>
7e1d3238:	e1a0a004 	mov	sl, r4
7e1d323c:	eb00237f 	bl	7e1dc040 <__bsp_gps_set_uart_baudrate_veneer>
7e1d3240:	ebfffb71 	bl	7e1d200c <osKernelGetTickCount>
7e1d3244:	e58d001c 	str	r0, [sp, #28]
7e1d3248:	e59f35e0 	ldr	r3, [pc, #1504]	; 7e1d3830 <main_task+0x658>
7e1d324c:	e5d3b000 	ldrb	fp, [r3]
7e1d3250:	e35b0000 	cmp	fp, #0
7e1d3254:	03a00064 	moveq	r0, #100	; 0x64
7e1d3258:	0a00016d 	beq	7e1d3814 <main_task+0x63c>
7e1d325c:	e59f35e8 	ldr	r3, [pc, #1512]	; 7e1d384c <main_task+0x674>
7e1d3260:	e5d32000 	ldrb	r2, [r3]
7e1d3264:	e21220ff 	ands	r2, r2, #255	; 0xff
7e1d3268:	0a000028 	beq	7e1d3310 <main_task+0x138>
7e1d326c:	e59f15dc 	ldr	r1, [pc, #1500]	; 7e1d3850 <main_task+0x678>
7e1d3270:	e3a02000 	mov	r2, #0
7e1d3274:	e59f05d8 	ldr	r0, [pc, #1496]	; 7e1d3854 <main_task+0x67c>
7e1d3278:	e5c32000 	strb	r2, [r3]
7e1d327c:	ebfffe0e 	bl	7e1d2abc <app_log_output>
7e1d3280:	eb0002e4 	bl	7e1d3e18 <app_mqtt_is_connected>
7e1d3284:	e3500000 	cmp	r0, #0
7e1d3288:	0a000003 	beq	7e1d329c <main_task+0xc4>
7e1d328c:	e59f05c4 	ldr	r0, [pc, #1476]	; 7e1d3858 <main_task+0x680>
7e1d3290:	ebfffe4b 	bl	7e1d2bc4 <publish_state>
7e1d3294:	e3a00028 	mov	r0, #40	; 0x28
7e1d3298:	ebfffb6a 	bl	7e1d2048 <osDelay>
7e1d329c:	e59f358c 	ldr	r3, [pc, #1420]	; 7e1d3830 <main_task+0x658>
7e1d32a0:	e3a05000 	mov	r5, #0
7e1d32a4:	e59f6594 	ldr	r6, [pc, #1428]	; 7e1d3840 <main_task+0x668>
7e1d32a8:	e5c35000 	strb	r5, [r3]
7e1d32ac:	eb00238b 	bl	7e1dc0e0 <__bsp_buzzer_stop_veneer>
7e1d32b0:	eb002380 	bl	7e1dc0b8 <__bsp_rgb_stop_pattern_veneer>
7e1d32b4:	e1a02005 	mov	r2, r5
7e1d32b8:	e3a01f4b 	mov	r1, #300	; 0x12c
7e1d32bc:	e3a00001 	mov	r0, #1
7e1d32c0:	eb002378 	bl	7e1dc0a8 <__bsp_buzzer_beep_veneer>
7e1d32c4:	e1a00005 	mov	r0, r5
7e1d32c8:	eb002372 	bl	7e1dc098 <__bsp_rgb_set_veneer>
7e1d32cc:	e5d63000 	ldrb	r3, [r6]
7e1d32d0:	e1530005 	cmp	r3, r5
7e1d32d4:	0a000005 	beq	7e1d32f0 <main_task+0x118>
7e1d32d8:	e1a00005 	mov	r0, r5
7e1d32dc:	eb002377 	bl	7e1dc0c0 <__bsp_gps_set_power_mode_veneer>
7e1d32e0:	e3a00014 	mov	r0, #20
7e1d32e4:	ebfffb57 	bl	7e1d2048 <osDelay>
7e1d32e8:	eb00235a 	bl	7e1dc058 <__bsp_gps_close_veneer>
7e1d32ec:	e5c65000 	strb	r5, [r6]
7e1d32f0:	e3a00000 	mov	r0, #0
7e1d32f4:	eb0001a7 	bl	7e1d3998 <app_mode_set>
7e1d32f8:	eb00029d 	bl	7e1d3d74 <app_mqtt_disconnect>
7e1d32fc:	ebfffbad 	bl	7e1d21b8 <cm_pm_work_unlock>
7e1d3300:	eaffffd0 	b	7e1d3248 <main_task+0x70>
7e1d3304:	e3a00028 	mov	r0, #40	; 0x28
7e1d3308:	ebfffb4e 	bl	7e1d2048 <osDelay>
7e1d330c:	eaffffb4 	b	7e1d31e4 <main_task+0xc>
7e1d3310:	e58d2020 	str	r2, [sp, #32]
7e1d3314:	eb000197 	bl	7e1d3978 <app_mode_get>
7e1d3318:	e59f653c 	ldr	r6, [pc, #1340]	; 7e1d385c <main_task+0x684>
7e1d331c:	e1a05000 	mov	r5, r0
7e1d3320:	eb0001d2 	bl	7e1d3a70 <app_mode_get_loc_interval_ms>
7e1d3324:	e59f3534 	ldr	r3, [pc, #1332]	; 7e1d3860 <main_task+0x688>
7e1d3328:	e5d31000 	ldrb	r1, [r3]
7e1d332c:	e59d2020 	ldr	r2, [sp, #32]
7e1d3330:	e3510000 	cmp	r1, #0
7e1d3334:	e1a09000 	mov	r9, r0
7e1d3338:	0a00000e 	beq	7e1d3378 <main_task+0x1a0>
7e1d333c:	e5c32000 	strb	r2, [r3]
7e1d3340:	eb000317 	bl	7e1d3fa4 <app_mqtt_subscribe_rpc>
7e1d3344:	e59f0518 	ldr	r0, [pc, #1304]	; 7e1d3864 <main_task+0x68c>
7e1d3348:	ebfffe1d 	bl	7e1d2bc4 <publish_state>
7e1d334c:	eb00233f 	bl	7e1dc050 <__app_offline_cache_count_veneer>
7e1d3350:	e3500000 	cmp	r0, #0
7e1d3354:	c3a03001 	movgt	r3, #1
7e1d3358:	d3a03000 	movle	r3, #0
7e1d335c:	e5c63000 	strb	r3, [r6]
7e1d3360:	da00000e 	ble	7e1d33a0 <main_task+0x1c8>
7e1d3364:	eb002339 	bl	7e1dc050 <__app_offline_cache_count_veneer>
7e1d3368:	e59f14f8 	ldr	r1, [pc, #1272]	; 7e1d3868 <main_task+0x690>
7e1d336c:	e1a02000 	mov	r2, r0
7e1d3370:	e59f04dc 	ldr	r0, [pc, #1244]	; 7e1d3854 <main_task+0x67c>
7e1d3374:	ebfffdd0 	bl	7e1d2abc <app_log_output>
7e1d3378:	e5d63000 	ldrb	r3, [r6]
7e1d337c:	e3530000 	cmp	r3, #0
7e1d3380:	0a000006 	beq	7e1d33a0 <main_task+0x1c8>
7e1d3384:	eb0002a3 	bl	7e1d3e18 <app_mqtt_is_connected>
7e1d3388:	e3500000 	cmp	r0, #0
7e1d338c:	1a000036 	bne	7e1d346c <main_task+0x294>
7e1d3390:	e5c60000 	strb	r0, [r6]
7e1d3394:	e59f14d0 	ldr	r1, [pc, #1232]	; 7e1d386c <main_task+0x694>
7e1d3398:	e59f04d0 	ldr	r0, [pc, #1232]	; 7e1d3870 <main_task+0x698>
7e1d339c:	ebfffdc6 	bl	7e1d2abc <app_log_output>
7e1d33a0:	e59f64cc 	ldr	r6, [pc, #1228]	; 7e1d3874 <main_task+0x69c>
7e1d33a4:	e5d63000 	ldrb	r3, [r6]
7e1d33a8:	e3530000 	cmp	r3, #0
7e1d33ac:	0a000006 	beq	7e1d33cc <main_task+0x1f4>
7e1d33b0:	e59f34c0 	ldr	r3, [pc, #1216]	; 7e1d3878 <main_task+0x6a0>
7e1d33b4:	e59f14c0 	ldr	r1, [pc, #1216]	; 7e1d387c <main_task+0x6a4>
7e1d33b8:	e59f04c0 	ldr	r0, [pc, #1216]	; 7e1d3880 <main_task+0x6a8>
7e1d33bc:	e5932000 	ldr	r2, [r3]
7e1d33c0:	eb000489 	bl	7e1d45ec <app_command_handle>
7e1d33c4:	e3a03000 	mov	r3, #0
7e1d33c8:	e5c63000 	strb	r3, [r6]
7e1d33cc:	e1540005 	cmp	r4, r5
7e1d33d0:	0a00001c 	beq	7e1d3448 <main_task+0x270>
7e1d33d4:	e2453004 	sub	r3, r5, #4
7e1d33d8:	e16f3f13 	clz	r3, r3
7e1d33dc:	e3540004 	cmp	r4, #4
7e1d33e0:	e1a032a3 	lsr	r3, r3, #5
7e1d33e4:	03a03000 	moveq	r3, #0
7e1d33e8:	e3530000 	cmp	r3, #0
7e1d33ec:	0a000027 	beq	7e1d3490 <main_task+0x2b8>
7e1d33f0:	e59f6448 	ldr	r6, [pc, #1096]	; 7e1d3840 <main_task+0x668>
7e1d33f4:	e5d63000 	ldrb	r3, [r6]
7e1d33f8:	e3530000 	cmp	r3, #0
7e1d33fc:	0a000010 	beq	7e1d3444 <main_task+0x26c>
7e1d3400:	e59f347c 	ldr	r3, [pc, #1148]	; 7e1d3884 <main_task+0x6ac>
7e1d3404:	e5d33000 	ldrb	r3, [r3]
7e1d3408:	e3530000 	cmp	r3, #0
7e1d340c:	1a00000c 	bne	7e1d3444 <main_task+0x26c>
7e1d3410:	e59f3470 	ldr	r3, [pc, #1136]	; 7e1d3888 <main_task+0x6b0>
7e1d3414:	e5d34000 	ldrb	r4, [r3]
7e1d3418:	e21440ff 	ands	r4, r4, #255	; 0xff
7e1d341c:	1a000008 	bne	7e1d3444 <main_task+0x26c>
7e1d3420:	e1a00004 	mov	r0, r4
7e1d3424:	eb002325 	bl	7e1dc0c0 <__bsp_gps_set_power_mode_veneer>
7e1d3428:	e3a00014 	mov	r0, #20
7e1d342c:	ebfffb05 	bl	7e1d2048 <osDelay>
7e1d3430:	eb002308 	bl	7e1dc058 <__bsp_gps_close_veneer>
7e1d3434:	e59f1450 	ldr	r1, [pc, #1104]	; 7e1d388c <main_task+0x6b4>
7e1d3438:	e59f0414 	ldr	r0, [pc, #1044]	; 7e1d3854 <main_task+0x67c>
7e1d343c:	e5c64000 	strb	r4, [r6]
7e1d3440:	ebfffd9d 	bl	7e1d2abc <app_log_output>
7e1d3444:	e3a04004 	mov	r4, #4
7e1d3448:	eb000173 	bl	7e1d3a1c <app_mode_find_dog_expired>
7e1d344c:	e3500000 	cmp	r0, #0
7e1d3450:	0a00003c 	beq	7e1d3548 <main_task+0x370>
7e1d3454:	e59f03f8 	ldr	r0, [pc, #1016]	; 7e1d3854 <main_task+0x67c>
7e1d3458:	e59f1430 	ldr	r1, [pc, #1072]	; 7e1d3890 <main_task+0x6b8>
7e1d345c:	ebfffd96 	bl	7e1d2abc <app_log_output>
7e1d3460:	e3a00002 	mov	r0, #2
7e1d3464:	eb00014b 	bl	7e1d3998 <app_mode_set>
7e1d3468:	eaffff76 	b	7e1d3248 <main_task+0x70>
7e1d346c:	e59f0420 	ldr	r0, [pc, #1056]	; 7e1d3894 <main_task+0x6bc>
7e1d3470:	eb0022fa 	bl	7e1dc060 <__app_offline_cache_replay_step_veneer>
7e1d3474:	e3500000 	cmp	r0, #0
7e1d3478:	0affffc8 	beq	7e1d33a0 <main_task+0x1c8>
7e1d347c:	e59f1414 	ldr	r1, [pc, #1044]	; 7e1d3898 <main_task+0x6c0>
7e1d3480:	e3a03000 	mov	r3, #0
7e1d3484:	e59f03c8 	ldr	r0, [pc, #968]	; 7e1d3854 <main_task+0x67c>
7e1d3488:	e5c63000 	strb	r3, [r6]
7e1d348c:	eaffffc2 	b	7e1d339c <main_task+0x1c4>
7e1d3490:	e2553004 	subs	r3, r5, #4
7e1d3494:	13a03001 	movne	r3, #1
7e1d3498:	e3540004 	cmp	r4, #4
7e1d349c:	13a03000 	movne	r3, #0
7e1d34a0:	e3530000 	cmp	r3, #0
7e1d34a4:	0a00001e 	beq	7e1d3524 <main_task+0x34c>
7e1d34a8:	e59f4390 	ldr	r4, [pc, #912]	; 7e1d3840 <main_task+0x668>
7e1d34ac:	e5d43000 	ldrb	r3, [r4]
7e1d34b0:	e3530000 	cmp	r3, #0
7e1d34b4:	1a000014 	bne	7e1d350c <main_task+0x334>
7e1d34b8:	e59f33c8 	ldr	r3, [pc, #968]	; 7e1d3888 <main_task+0x6b0>
7e1d34bc:	e5d33000 	ldrb	r3, [r3]
7e1d34c0:	e3530000 	cmp	r3, #0
7e1d34c4:	1a000010 	bne	7e1d350c <main_task+0x334>
7e1d34c8:	e59f0364 	ldr	r0, [pc, #868]	; 7e1d3834 <main_task+0x65c>
7e1d34cc:	eb002301 	bl	7e1dc0d8 <__bsp_gps_open_veneer>
7e1d34d0:	e3500000 	cmp	r0, #0
7e1d34d4:	1a00000e 	bne	7e1d3514 <main_task+0x33c>
7e1d34d8:	e3a03001 	mov	r3, #1
7e1d34dc:	e3550003 	cmp	r5, #3
7e1d34e0:	e5c43000 	strb	r3, [r4]
7e1d34e4:	03a04001 	moveq	r4, #1
7e1d34e8:	e59f3354 	ldr	r3, [pc, #852]	; 7e1d3844 <main_task+0x66c>
7e1d34ec:	13a04002 	movne	r4, #2
7e1d34f0:	e5c30000 	strb	r0, [r3]
7e1d34f4:	e1a00004 	mov	r0, r4
7e1d34f8:	eb0022f0 	bl	7e1dc0c0 <__bsp_gps_set_power_mode_veneer>
7e1d34fc:	e59f1398 	ldr	r1, [pc, #920]	; 7e1d389c <main_task+0x6c4>
7e1d3500:	e59f034c 	ldr	r0, [pc, #844]	; 7e1d3854 <main_task+0x67c>
7e1d3504:	e1a02004 	mov	r2, r4
7e1d3508:	ebfffd6b 	bl	7e1d2abc <app_log_output>
7e1d350c:	e1a04005 	mov	r4, r5
7e1d3510:	eaffffcc 	b	7e1d3448 <main_task+0x270>
7e1d3514:	e59f1384 	ldr	r1, [pc, #900]	; 7e1d38a0 <main_task+0x6c8>
7e1d3518:	e59f031c 	ldr	r0, [pc, #796]	; 7e1d383c <main_task+0x664>
7e1d351c:	ebfffd66 	bl	7e1d2abc <app_log_output>
7e1d3520:	eafffff9 	b	7e1d350c <main_task+0x334>
7e1d3524:	e59f335c 	ldr	r3, [pc, #860]	; 7e1d3888 <main_task+0x6b0>
7e1d3528:	e5d33000 	ldrb	r3, [r3]
7e1d352c:	e3530000 	cmp	r3, #0
7e1d3530:	1afffff5 	bne	7e1d350c <main_task+0x334>
7e1d3534:	e3550003 	cmp	r5, #3
7e1d3538:	03a00001 	moveq	r0, #1
7e1d353c:	13a00002 	movne	r0, #2
7e1d3540:	eb0022de 	bl	7e1dc0c0 <__bsp_gps_set_power_mode_veneer>
7e1d3544:	eafffff0 	b	7e1d350c <main_task+0x334>
7e1d3548:	e59f32f0 	ldr	r3, [pc, #752]	; 7e1d3840 <main_task+0x668>
7e1d354c:	e5d33000 	ldrb	r3, [r3]
7e1d3550:	e3530000 	cmp	r3, #0
7e1d3554:	0a000010 	beq	7e1d359c <main_task+0x3c4>
7e1d3558:	e59f32e4 	ldr	r3, [pc, #740]	; 7e1d3844 <main_task+0x66c>
7e1d355c:	e5d33000 	ldrb	r3, [r3]
7e1d3560:	e3530000 	cmp	r3, #0
7e1d3564:	1a00000c 	bne	7e1d359c <main_task+0x3c4>
7e1d3568:	ebfffaa7 	bl	7e1d200c <osKernelGetTickCount>
7e1d356c:	e59d301c 	ldr	r3, [sp, #28]
7e1d3570:	e1a06000 	mov	r6, r0
7e1d3574:	e0403003 	sub	r3, r0, r3
7e1d3578:	e3530e19 	cmp	r3, #400	; 0x190
7e1d357c:	3a000006 	bcc	7e1d359c <main_task+0x3c4>
7e1d3580:	e59f02c0 	ldr	r0, [pc, #704]	; 7e1d3848 <main_task+0x670>
7e1d3584:	eb0022ad 	bl	7e1dc040 <__bsp_gps_set_uart_baudrate_veneer>
7e1d3588:	e59f22b8 	ldr	r2, [pc, #696]	; 7e1d3848 <main_task+0x670>
7e1d358c:	e59f1310 	ldr	r1, [pc, #784]	; 7e1d38a4 <main_task+0x6cc>
7e1d3590:	e59f02bc 	ldr	r0, [pc, #700]	; 7e1d3854 <main_task+0x67c>
7e1d3594:	ebfffd48 	bl	7e1d2abc <app_log_output>
7e1d3598:	e58d601c 	str	r6, [sp, #28]
7e1d359c:	e3a03000 	mov	r3, #0
7e1d35a0:	e28d1038 	add	r1, sp, #56	; 0x38
7e1d35a4:	e28d0034 	add	r0, sp, #52	; 0x34
7e1d35a8:	e58d3034 	str	r3, [sp, #52]	; 0x34
7e1d35ac:	e58d3038 	str	r3, [sp, #56]	; 0x38
7e1d35b0:	eb0022a4 	bl	7e1dc048 <__bsp_battery_read_veneer>
7e1d35b4:	e3500000 	cmp	r0, #0
7e1d35b8:	1a000017 	bne	7e1d361c <main_task+0x444>
7e1d35bc:	e59f62e4 	ldr	r6, [pc, #740]	; 7e1d38a8 <main_task+0x6d0>
7e1d35c0:	e59d3038 	ldr	r3, [sp, #56]	; 0x38
7e1d35c4:	e5962000 	ldr	r2, [r6]
7e1d35c8:	e1530002 	cmp	r3, r2
7e1d35cc:	0a000005 	beq	7e1d35e8 <main_task+0x410>
7e1d35d0:	e59d2034 	ldr	r2, [sp, #52]	; 0x34
7e1d35d4:	e59f12d0 	ldr	r1, [pc, #720]	; 7e1d38ac <main_task+0x6d4>
7e1d35d8:	e59f0274 	ldr	r0, [pc, #628]	; 7e1d3854 <main_task+0x67c>
7e1d35dc:	ebfffd36 	bl	7e1d2abc <app_log_output>
7e1d35e0:	e59d3038 	ldr	r3, [sp, #56]	; 0x38
7e1d35e4:	e5863000 	str	r3, [r6]
7e1d35e8:	e59d2038 	ldr	r2, [sp, #56]	; 0x38
7e1d35ec:	e3520004 	cmp	r2, #4
7e1d35f0:	c3a03000 	movgt	r3, #0
7e1d35f4:	d3a03001 	movle	r3, #1
7e1d35f8:	e3550004 	cmp	r5, #4
7e1d35fc:	03a03000 	moveq	r3, #0
7e1d3600:	e3530000 	cmp	r3, #0
7e1d3604:	0a000004 	beq	7e1d361c <main_task+0x444>
7e1d3608:	e59f0260 	ldr	r0, [pc, #608]	; 7e1d3870 <main_task+0x698>
7e1d360c:	e59f129c 	ldr	r1, [pc, #668]	; 7e1d38b0 <main_task+0x6d8>
7e1d3610:	ebfffd29 	bl	7e1d2abc <app_log_output>
7e1d3614:	e3a00004 	mov	r0, #4
7e1d3618:	eaffff91 	b	7e1d3464 <main_task+0x28c>
7e1d361c:	ebfffa7a 	bl	7e1d200c <osKernelGetTickCount>
7e1d3620:	e1a06000 	mov	r6, r0
7e1d3624:	e0403007 	sub	r3, r0, r7
7e1d3628:	e3530e19 	cmp	r3, #400	; 0x190
7e1d362c:	3a00000d 	bcc	7e1d3668 <main_task+0x490>
7e1d3630:	e59f327c 	ldr	r3, [pc, #636]	; 7e1d38b4 <main_task+0x6dc>
7e1d3634:	e3a07000 	mov	r7, #0
7e1d3638:	e5837000 	str	r7, [r3]
7e1d363c:	e59f3264 	ldr	r3, [pc, #612]	; 7e1d38a8 <main_task+0x6d0>
7e1d3640:	e5933000 	ldr	r3, [r3]
7e1d3644:	e3530013 	cmp	r3, #19
7e1d3648:	8a000073 	bhi	7e1d381c <main_task+0x644>
7e1d364c:	e1580007 	cmp	r8, r7
7e1d3650:	1a000003 	bne	7e1d3664 <main_task+0x48c>
7e1d3654:	e1a01008 	mov	r1, r8
7e1d3658:	e3a00003 	mov	r0, #3
7e1d365c:	eb002281 	bl	7e1dc068 <__bsp_rgb_set_pattern_veneer>
7e1d3660:	e1a0800b 	mov	r8, fp
7e1d3664:	e1a07006 	mov	r7, r6
7e1d3668:	e3a02024 	mov	r2, #36	; 0x24
7e1d366c:	e3a01000 	mov	r1, #0
7e1d3670:	e28d003c 	add	r0, sp, #60	; 0x3c
7e1d3674:	fa0006ab 	blx	7e1d5128 <memset>
7e1d3678:	e28d003c 	add	r0, sp, #60	; 0x3c
7e1d367c:	ebfffb73 	bl	7e1d2450 <cm_modem_info_radio>
7e1d3680:	e3500000 	cmp	r0, #0
7e1d3684:	13a00000 	movne	r0, #0
7e1d3688:	1a000004 	bne	7e1d36a0 <main_task+0x4c8>
7e1d368c:	e1dd34b2 	ldrh	r3, [sp, #66]	; 0x42
7e1d3690:	e3530000 	cmp	r3, #0
7e1d3694:	13a0000a 	movne	r0, #10
7e1d3698:	1243306f 	subne	r3, r3, #111	; 0x6f
7e1d369c:	10000390 	mulne	r0, r0, r3
7e1d36a0:	e59f3210 	ldr	r3, [pc, #528]	; 7e1d38b8 <main_task+0x6e0>
7e1d36a4:	e3590000 	cmp	r9, #0
7e1d36a8:	e5830000 	str	r0, [r3]
7e1d36ac:	0a000006 	beq	7e1d36cc <main_task+0x4f4>
7e1d36b0:	e3a02005 	mov	r2, #5
7e1d36b4:	e046300a 	sub	r3, r6, sl
7e1d36b8:	e739f219 	udiv	r9, r9, r2
7e1d36bc:	e1530009 	cmp	r3, r9
7e1d36c0:	3a000001 	bcc	7e1d36cc <main_task+0x4f4>
7e1d36c4:	ebfffdb2 	bl	7e1d2d94 <publish_location.constprop.3>
7e1d36c8:	e1a0a006 	mov	sl, r6
7e1d36cc:	e59f31b0 	ldr	r3, [pc, #432]	; 7e1d3884 <main_task+0x6ac>
7e1d36d0:	e5d32000 	ldrb	r2, [r3]
7e1d36d4:	e3520000 	cmp	r2, #0
7e1d36d8:	0a000019 	beq	7e1d3744 <main_task+0x56c>
7e1d36dc:	e59f11d8 	ldr	r1, [pc, #472]	; 7e1d38bc <main_task+0x6e4>
7e1d36e0:	e3a09000 	mov	r9, #0
7e1d36e4:	e59f0168 	ldr	r0, [pc, #360]	; 7e1d3854 <main_task+0x67c>
7e1d36e8:	e5c39000 	strb	r9, [r3]
7e1d36ec:	ebfffcf2 	bl	7e1d2abc <app_log_output>
7e1d36f0:	e3a02020 	mov	r2, #32
7e1d36f4:	e1a01009 	mov	r1, r9
7e1d36f8:	e28d0040 	add	r0, sp, #64	; 0x40
7e1d36fc:	fa000689 	blx	7e1d5128 <memset>
7e1d3700:	e59f31b8 	ldr	r3, [pc, #440]	; 7e1d38c0 <main_task+0x6e8>
7e1d3704:	e58d303c 	str	r3, [sp, #60]	; 0x3c
7e1d3708:	e3a03a01 	mov	r3, #4096	; 0x1000
7e1d370c:	e1a01009 	mov	r1, r9
7e1d3710:	e28d203c 	add	r2, sp, #60	; 0x3c
7e1d3714:	e58d3050 	str	r3, [sp, #80]	; 0x50
7e1d3718:	e3a03003 	mov	r3, #3
7e1d371c:	e59f01a0 	ldr	r0, [pc, #416]	; 7e1d38c4 <main_task+0x6ec>
7e1d3720:	e58d3054 	str	r3, [sp, #84]	; 0x54
7e1d3724:	ebfffa39 	bl	7e1d2010 <osThreadNew>
7e1d3728:	e1500009 	cmp	r0, r9
7e1d372c:	1a000003 	bne	7e1d3740 <main_task+0x568>
7e1d3730:	e59f1190 	ldr	r1, [pc, #400]	; 7e1d38c8 <main_task+0x6f0>
7e1d3734:	e59f0100 	ldr	r0, [pc, #256]	; 7e1d383c <main_task+0x664>
7e1d3738:	ebfffcdf 	bl	7e1d2abc <app_log_output>
7e1d373c:	ebfffd94 	bl	7e1d2d94 <publish_location.constprop.3>
7e1d3740:	e1a0a006 	mov	sl, r6
7e1d3744:	e59f2180 	ldr	r2, [pc, #384]	; 7e1d38cc <main_task+0x6f4>
7e1d3748:	e5923000 	ldr	r3, [r2]
7e1d374c:	e0463003 	sub	r3, r6, r3
7e1d3750:	e3530e7d 	cmp	r3, #2000	; 0x7d0
7e1d3754:	3a00002d 	bcc	7e1d3810 <main_task+0x638>
7e1d3758:	e5826000 	str	r6, [r2]
7e1d375c:	e59f616c 	ldr	r6, [pc, #364]	; 7e1d38d0 <main_task+0x6f8>
7e1d3760:	e5960000 	ldr	r0, [r6]
7e1d3764:	e3500000 	cmp	r0, #0
7e1d3768:	0a000001 	beq	7e1d3774 <main_task+0x59c>
7e1d376c:	e3e01000 	mvn	r1, #0
7e1d3770:	ebfffa42 	bl	7e1d2080 <osMutexAcquire>
7e1d3774:	e59f3158 	ldr	r3, [pc, #344]	; 7e1d38d4 <main_task+0x6fc>
7e1d3778:	e1c300d0 	ldrd	r0, [r3]
7e1d377c:	e1cd02f0 	strd	r0, [sp, #32]
7e1d3780:	e1c300d8 	ldrd	r0, [r3, #8]
7e1d3784:	e1cd02f8 	strd	r0, [sp, #40]	; 0x28
7e1d3788:	e5960000 	ldr	r0, [r6]
7e1d378c:	e593b01c 	ldr	fp, [r3, #28]
7e1d3790:	e3500000 	cmp	r0, #0
7e1d3794:	0a000000 	beq	7e1d379c <main_task+0x5c4>
7e1d3798:	ebfffa39 	bl	7e1d2084 <osMutexRelease>
7e1d379c:	e59f3114 	ldr	r3, [pc, #276]	; 7e1d38b8 <main_task+0x6e0>
7e1d37a0:	e3a02000 	mov	r2, #0
7e1d37a4:	e1cd02d8 	ldrd	r0, [sp, #40]	; 0x28
7e1d37a8:	e5939000 	ldr	r9, [r3]
7e1d37ac:	e3a03000 	mov	r3, #0
7e1d37b0:	fa0020a0 	blx	7e1dba38 <__aeabi_dcmpeq>
7e1d37b4:	e3a02000 	mov	r2, #0
7e1d37b8:	e3a03000 	mov	r3, #0
7e1d37bc:	e16f6f10 	clz	r6, r0
7e1d37c0:	e1cd02d0 	ldrd	r0, [sp, #32]
7e1d37c4:	fa00209b 	blx	7e1dba38 <__aeabi_dcmpeq>
7e1d37c8:	e59f3108 	ldr	r3, [pc, #264]	; 7e1d38d8 <main_task+0x700>
7e1d37cc:	e1a02005 	mov	r2, r5
7e1d37d0:	e1a062a6 	lsr	r6, r6, #5
7e1d37d4:	e3500000 	cmp	r0, #0
7e1d37d8:	11a00006 	movne	r0, r6
7e1d37dc:	03860001 	orreq	r0, r6, #1
7e1d37e0:	e59f60f4 	ldr	r6, [pc, #244]	; 7e1d38dc <main_task+0x704>
7e1d37e4:	e3500000 	cmp	r0, #0
7e1d37e8:	e1cd02d0 	ldrd	r0, [sp, #32]
7e1d37ec:	01a03006 	moveq	r3, r6
7e1d37f0:	e1cd01f0 	strd	r0, [sp, #16]
7e1d37f4:	e1cd02d8 	ldrd	r0, [sp, #40]	; 0x28
7e1d37f8:	e1cd00f8 	strd	r0, [sp, #8]
7e1d37fc:	e88d0808 	stm	sp, {r3, fp}
7e1d3800:	e1a03009 	mov	r3, r9
7e1d3804:	e59f10d4 	ldr	r1, [pc, #212]	; 7e1d38e0 <main_task+0x708>
7e1d3808:	e59f0044 	ldr	r0, [pc, #68]	; 7e1d3854 <main_task+0x67c>
7e1d380c:	ebfffcaa 	bl	7e1d2abc <app_log_output>
7e1d3810:	e3a000c8 	mov	r0, #200	; 0xc8
7e1d3814:	ebfffa0b 	bl	7e1d2048 <osDelay>
7e1d3818:	eafffe8a 	b	7e1d3248 <main_task+0x70>
7e1d381c:	e3580000 	cmp	r8, #0
7e1d3820:	0affff8f 	beq	7e1d3664 <main_task+0x48c>
7e1d3824:	eb002223 	bl	7e1dc0b8 <__bsp_rgb_stop_pattern_veneer>
7e1d3828:	e1a08007 	mov	r8, r7
7e1d382c:	eaffff8c 	b	7e1d3664 <main_task+0x48c>
7e1d3830:	7e1dcb2c 	.word	0x7e1dcb2c
7e1d3834:	7e1d29e0 	.word	0x7e1d29e0
7e1d3838:	802d9c80 	.word	0x802d9c80
7e1d383c:	802d9bba 	.word	0x802d9bba
7e1d3840:	7e1dcadd 	.word	0x7e1dcadd
7e1d3844:	7e1dcadc 	.word	0x7e1dcadc
7e1d3848:	0001c200 	.word	0x0001c200
7e1d384c:	7e1dcade 	.word	0x7e1dcade
7e1d3850:	802d9baa 	.word	0x802d9baa
7e1d3854:	802d9dc5 	.word	0x802d9dc5
7e1d3858:	802d9bb4 	.word	0x802d9bb4
7e1d385c:	7e1dcb29 	.word	0x7e1dcb29
7e1d3860:	7e1dcb28 	.word	0x7e1dcb28
7e1d3864:	802d9bbc 	.word	0x802d9bbc
7e1d3868:	802d9bc3 	.word	0x802d9bc3
7e1d386c:	802d9be2 	.word	0x802d9be2
7e1d3870:	802d9def 	.word	0x802d9def
7e1d3874:	7e1dcf34 	.word	0x7e1dcf34
7e1d3878:	7e1dcf30 	.word	0x7e1dcf30
7e1d387c:	7e1dcb2d 	.word	0x7e1dcb2d
7e1d3880:	7e1dcf35 	.word	0x7e1dcf35
7e1d3884:	7e1dcb2a 	.word	0x7e1dcb2a
7e1d3888:	7e1dcb2b 	.word	0x7e1dcb2b
7e1d388c:	802d9c20 	.word	0x802d9c20
7e1d3890:	802d9c8e 	.word	0x802d9c8e
7e1d3894:	7e1d2b64 	.word	0x7e1d2b64
7e1d3898:	802d9c0c 	.word	0x802d9c0c
7e1d389c:	802d9c48 	.word	0x802d9c48
7e1d38a0:	802d9c6f 	.word	0x802d9c6f
7e1d38a4:	802d9ca9 	.word	0x802d9ca9
7e1d38a8:	7e1dcb1c 	.word	0x7e1dcb1c
7e1d38ac:	802d9cc6 	.word	0x802d9cc6
7e1d38b0:	802d9cdb 	.word	0x802d9cdb
7e1d38b4:	7e1dcad8 	.word	0x7e1dcad8
7e1d38b8:	7e1dcb18 	.word	0x7e1dcb18
7e1d38bc:	802d9cff 	.word	0x802d9cff
7e1d38c0:	802d9d28 	.word	0x802d9d28
7e1d38c4:	7e1d308c 	.word	0x7e1d308c
7e1d38c8:	802d9d31 	.word	0x802d9d31
7e1d38cc:	7e1dcf80 	.word	0x7e1dcf80
7e1d38d0:	7e1dcb20 	.word	0x7e1dcb20
7e1d38d4:	7e1dcae0 	.word	0x7e1dcae0
7e1d38d8:	802d9ba6 	.word	0x802d9ba6
7e1d38dc:	802d9ba4 	.word	0x802d9ba4
7e1d38e0:	802d9d64 	.word	0x802d9d64

7e1d38e4 <mode_lock>:
7e1d38e4:	e59f3010 	ldr	r3, [pc, #16]	; 7e1d38fc <mode_lock+0x18>
7e1d38e8:	e5930000 	ldr	r0, [r3]
7e1d38ec:	e3500000 	cmp	r0, #0
7e1d38f0:	012fff1e 	bxeq	lr
7e1d38f4:	e3e01000 	mvn	r1, #0
7e1d38f8:	eafff9e0 	b	7e1d2080 <osMutexAcquire>
7e1d38fc:	7e1dd38c 	.word	0x7e1dd38c

7e1d3900 <mode_unlock>:
7e1d3900:	e59f300c 	ldr	r3, [pc, #12]	; 7e1d3914 <mode_unlock+0x14>
7e1d3904:	e5930000 	ldr	r0, [r3]
7e1d3908:	e3500000 	cmp	r0, #0
7e1d390c:	012fff1e 	bxeq	lr
7e1d3910:	eafff9db 	b	7e1d2084 <osMutexRelease>
7e1d3914:	7e1dd38c 	.word	0x7e1dd38c

7e1d3918 <app_mode_init>:
7e1d3918:	e92d401f 	push	{r0, r1, r2, r3, r4, lr}
7e1d391c:	e59f4044 	ldr	r4, [pc, #68]	; 7e1d3968 <app_mode_init+0x50>
7e1d3920:	e5943000 	ldr	r3, [r4]
7e1d3924:	e3530000 	cmp	r3, #0
7e1d3928:	1a000007 	bne	7e1d394c <app_mode_init+0x34>
7e1d392c:	e58d3004 	str	r3, [sp, #4]
7e1d3930:	e1a0000d 	mov	r0, sp
7e1d3934:	e58d3008 	str	r3, [sp, #8]
7e1d3938:	e58d300c 	str	r3, [sp, #12]
7e1d393c:	e59f3028 	ldr	r3, [pc, #40]	; 7e1d396c <app_mode_init+0x54>
7e1d3940:	e58d3000 	str	r3, [sp]
7e1d3944:	ebfff9cc 	bl	7e1d207c <osMutexNew>
7e1d3948:	e5840000 	str	r0, [r4]
7e1d394c:	e59f201c 	ldr	r2, [pc, #28]	; 7e1d3970 <app_mode_init+0x58>
7e1d3950:	e3a03000 	mov	r3, #0
7e1d3954:	e5c23000 	strb	r3, [r2]
7e1d3958:	e59f2014 	ldr	r2, [pc, #20]	; 7e1d3974 <app_mode_init+0x5c>
7e1d395c:	e5823000 	str	r3, [r2]
7e1d3960:	e28dd010 	add	sp, sp, #16
7e1d3964:	e8bd8010 	pop	{r4, pc}
7e1d3968:	7e1dd38c 	.word	0x7e1dd38c
7e1d396c:	802da1d8 	.word	0x802da1d8
7e1d3970:	7e1dd384 	.word	0x7e1dd384
7e1d3974:	7e1dd388 	.word	0x7e1dd388

7e1d3978 <app_mode_get>:
7e1d3978:	e92d4010 	push	{r4, lr}
7e1d397c:	ebffffd8 	bl	7e1d38e4 <mode_lock>
7e1d3980:	e59f300c 	ldr	r3, [pc, #12]	; 7e1d3994 <app_mode_get+0x1c>
7e1d3984:	e5d34000 	ldrb	r4, [r3]
7e1d3988:	ebffffdc 	bl	7e1d3900 <mode_unlock>
7e1d398c:	e1a00004 	mov	r0, r4
7e1d3990:	e8bd8010 	pop	{r4, pc}
7e1d3994:	7e1dd384 	.word	0x7e1dd384

7e1d3998 <app_mode_set>:
7e1d3998:	e3500004 	cmp	r0, #4
7e1d399c:	8a000018 	bhi	7e1d3a04 <app_mode_set+0x6c>
7e1d39a0:	e92d4070 	push	{r4, r5, r6, lr}
7e1d39a4:	e1a04000 	mov	r4, r0
7e1d39a8:	ebffffcd 	bl	7e1d38e4 <mode_lock>
7e1d39ac:	e59f3058 	ldr	r3, [pc, #88]	; 7e1d3a0c <app_mode_set+0x74>
7e1d39b0:	e5d35000 	ldrb	r5, [r3]
7e1d39b4:	e5c34000 	strb	r4, [r3]
7e1d39b8:	e0543005 	subs	r3, r4, r5
7e1d39bc:	13a03001 	movne	r3, #1
7e1d39c0:	e3540001 	cmp	r4, #1
7e1d39c4:	13a03000 	movne	r3, #0
7e1d39c8:	e3530000 	cmp	r3, #0
7e1d39cc:	0a000002 	beq	7e1d39dc <app_mode_set+0x44>
7e1d39d0:	ebfff98d 	bl	7e1d200c <osKernelGetTickCount>
7e1d39d4:	e59f3034 	ldr	r3, [pc, #52]	; 7e1d3a10 <app_mode_set+0x78>
7e1d39d8:	e5830000 	str	r0, [r3]
7e1d39dc:	ebffffc7 	bl	7e1d3900 <mode_unlock>
7e1d39e0:	e1540005 	cmp	r4, r5
7e1d39e4:	0a000004 	beq	7e1d39fc <app_mode_set+0x64>
7e1d39e8:	e1a03004 	mov	r3, r4
7e1d39ec:	e1a02005 	mov	r2, r5
7e1d39f0:	e59f101c 	ldr	r1, [pc, #28]	; 7e1d3a14 <app_mode_set+0x7c>
7e1d39f4:	e59f001c 	ldr	r0, [pc, #28]	; 7e1d3a18 <app_mode_set+0x80>
7e1d39f8:	ebfffc2f 	bl	7e1d2abc <app_log_output>
7e1d39fc:	e3a00000 	mov	r0, #0
7e1d3a00:	e8bd8070 	pop	{r4, r5, r6, pc}
7e1d3a04:	e3e00000 	mvn	r0, #0
7e1d3a08:	e12fff1e 	bx	lr
7e1d3a0c:	7e1dd384 	.word	0x7e1dd384
7e1d3a10:	7e1dd388 	.word	0x7e1dd388
7e1d3a14:	802da1e1 	.word	0x802da1e1
7e1d3a18:	802d9dc5 	.word	0x802d9dc5

7e1d3a1c <app_mode_find_dog_expired>:
7e1d3a1c:	e92d4010 	push	{r4, lr}
7e1d3a20:	ebffffaf 	bl	7e1d38e4 <mode_lock>
7e1d3a24:	e59f3038 	ldr	r3, [pc, #56]	; 7e1d3a64 <app_mode_find_dog_expired+0x48>
7e1d3a28:	e5d33000 	ldrb	r3, [r3]
7e1d3a2c:	e3530001 	cmp	r3, #1
7e1d3a30:	13a04000 	movne	r4, #0
7e1d3a34:	1a000007 	bne	7e1d3a58 <app_mode_find_dog_expired+0x3c>
7e1d3a38:	ebfff973 	bl	7e1d200c <osKernelGetTickCount>
7e1d3a3c:	e59f3024 	ldr	r3, [pc, #36]	; 7e1d3a68 <app_mode_find_dog_expired+0x4c>
7e1d3a40:	e5934000 	ldr	r4, [r3]
7e1d3a44:	e0404004 	sub	r4, r0, r4
7e1d3a48:	e59f001c 	ldr	r0, [pc, #28]	; 7e1d3a6c <app_mode_find_dog_expired+0x50>
7e1d3a4c:	e1540000 	cmp	r4, r0
7e1d3a50:	93a04000 	movls	r4, #0
7e1d3a54:	83a04001 	movhi	r4, #1
7e1d3a58:	ebffffa8 	bl	7e1d3900 <mode_unlock>
7e1d3a5c:	e1a00004 	mov	r0, r4
7e1d3a60:	e8bd8010 	pop	{r4, pc}
7e1d3a64:	7e1dd384 	.word	0x7e1dd384
7e1d3a68:	7e1dd388 	.word	0x7e1dd388
7e1d3a6c:	0001d4bf 	.word	0x0001d4bf

7e1d3a70 <app_mode_get_loc_interval_ms>:
7e1d3a70:	e92d4010 	push	{r4, lr}
7e1d3a74:	ebffffbf 	bl	7e1d3978 <app_mode_get>
7e1d3a78:	e2400001 	sub	r0, r0, #1
7e1d3a7c:	e6ef0070 	uxtb	r0, r0
7e1d3a80:	e3500003 	cmp	r0, #3
7e1d3a84:	959f3008 	ldrls	r3, [pc, #8]	; 7e1d3a94 <app_mode_get_loc_interval_ms+0x24>
7e1d3a88:	97930100 	ldrls	r0, [r3, r0, lsl #2]
7e1d3a8c:	83a00000 	movhi	r0, #0
7e1d3a90:	e8bd8010 	pop	{r4, pc}
7e1d3a94:	802da1c8 	.word	0x802da1c8

7e1d3a98 <app_util_format_rfc3339>:
7e1d3a98:	e92d4ff0 	push	{r4, r5, r6, r7, r8, r9, sl, fp, lr}
7e1d3a9c:	e1a09003 	mov	r9, r3
7e1d3aa0:	e24dd024 	sub	sp, sp, #36	; 0x24
7e1d3aa4:	e3a03000 	mov	r3, #0
7e1d3aa8:	e1a0a000 	mov	sl, r0
7e1d3aac:	e58d201c 	str	r2, [sp, #28]
7e1d3ab0:	e1a0b001 	mov	fp, r1
7e1d3ab4:	e59f2158 	ldr	r2, [pc, #344]	; 7e1d3c14 <app_util_format_rfc3339+0x17c>
7e1d3ab8:	fa00204e 	blx	7e1dbbf8 <__aeabi_uldivmod>
7e1d3abc:	e59f3154 	ldr	r3, [pc, #340]	; 7e1d3c18 <app_util_format_rfc3339+0x180>
7e1d3ac0:	e59f4154 	ldr	r4, [pc, #340]	; 7e1d3c1c <app_util_format_rfc3339+0x184>
7e1d3ac4:	e300e5b4 	movw	lr, #1460	; 0x5b4
7e1d3ac8:	e59f5150 	ldr	r5, [pc, #336]	; 7e1d3c20 <app_util_format_rfc3339+0x188>
7e1d3acc:	e300c16d 	movw	ip, #365	; 0x16d
7e1d3ad0:	e0803003 	add	r3, r0, r3
7e1d3ad4:	e3530000 	cmp	r3, #0
7e1d3ad8:	a714f413 	sdivge	r4, r3, r4
7e1d3adc:	b59f2140 	ldrlt	r2, [pc, #320]	; 7e1d3c24 <app_util_format_rfc3339+0x18c>
7e1d3ae0:	b0802002 	addlt	r2, r0, r2
7e1d3ae4:	b714f412 	sdivlt	r4, r2, r4
7e1d3ae8:	e3082eac 	movw	r2, #36524	; 0x8eac
7e1d3aec:	e0203495 	mla	r0, r5, r4, r3
7e1d3af0:	e3085e94 	movw	r5, #36500	; 0x8e94
7e1d3af4:	e732f210 	udiv	r2, r0, r2
7e1d3af8:	e733fe10 	udiv	r3, r0, lr
7e1d3afc:	e0822000 	add	r2, r2, r0
7e1d3b00:	e0422003 	sub	r2, r2, r3
7e1d3b04:	e59f311c 	ldr	r3, [pc, #284]	; 7e1d3c28 <app_util_format_rfc3339+0x190>
7e1d3b08:	e733f310 	udiv	r3, r0, r3
7e1d3b0c:	e0423003 	sub	r3, r2, r3
7e1d3b10:	e731f513 	udiv	r1, r3, r5
7e1d3b14:	e732fc13 	udiv	r2, r3, ip
7e1d3b18:	e733fe13 	udiv	r3, r3, lr
7e1d3b1c:	e0815000 	add	r5, r1, r0
7e1d3b20:	e0453003 	sub	r3, r5, r3
7e1d3b24:	e065329c 	mls	r5, ip, r2, r3
7e1d3b28:	e30035f9 	movw	r3, #1529	; 0x5f9
7e1d3b2c:	e0857105 	add	r7, r5, r5, lsl #2
7e1d3b30:	e2877002 	add	r7, r7, #2
7e1d3b34:	e1570003 	cmp	r7, r3
7e1d3b38:	93a08003 	movls	r8, #3
7e1d3b3c:	83e08008 	mvnhi	r8, #8
7e1d3b40:	e3590014 	cmp	r9, #20
7e1d3b44:	8a000005 	bhi	7e1d3b60 <app_util_format_rfc3339+0xc8>
7e1d3b48:	e3590000 	cmp	r9, #0
7e1d3b4c:	13a03000 	movne	r3, #0
7e1d3b50:	159d201c 	ldrne	r2, [sp, #28]
7e1d3b54:	15c23000 	strbne	r3, [r2]
7e1d3b58:	e28dd024 	add	sp, sp, #36	; 0x24
7e1d3b5c:	e8bd8ff0 	pop	{r4, r5, r6, r7, r8, r9, sl, fp, pc}
7e1d3b60:	e3a03e19 	mov	r3, #400	; 0x190
7e1d3b64:	e1a0000a 	mov	r0, sl
7e1d3b68:	e1a0100b 	mov	r1, fp
7e1d3b6c:	e3a06099 	mov	r6, #153	; 0x99
7e1d3b70:	e0242493 	mla	r4, r3, r4, r2
7e1d3b74:	e3a0203c 	mov	r2, #60	; 0x3c
7e1d3b78:	e3a03000 	mov	r3, #0
7e1d3b7c:	fa00201d 	blx	7e1dbbf8 <__aeabi_uldivmod>
7e1d3b80:	e3a03000 	mov	r3, #0
7e1d3b84:	e1a0000a 	mov	r0, sl
7e1d3b88:	e1a0100b 	mov	r1, fp
7e1d3b8c:	e737f617 	udiv	r7, r7, r6
7e1d3b90:	e2855001 	add	r5, r5, #1
7e1d3b94:	e0060796 	mul	r6, r6, r7
7e1d3b98:	e0888007 	add	r8, r8, r7
7e1d3b9c:	e3a07005 	mov	r7, #5
7e1d3ba0:	e2866002 	add	r6, r6, #2
7e1d3ba4:	e3580002 	cmp	r8, #2
7e1d3ba8:	92844001 	addls	r4, r4, #1
7e1d3bac:	e736f716 	udiv	r6, r6, r7
7e1d3bb0:	e0456006 	sub	r6, r5, r6
7e1d3bb4:	e58d2010 	str	r2, [sp, #16]
7e1d3bb8:	e3a0203c 	mov	r2, #60	; 0x3c
7e1d3bbc:	fa00200d 	blx	7e1dbbf8 <__aeabi_uldivmod>
7e1d3bc0:	e3a0203c 	mov	r2, #60	; 0x3c
7e1d3bc4:	e3a03000 	mov	r3, #0
7e1d3bc8:	fa00200a 	blx	7e1dbbf8 <__aeabi_uldivmod>
7e1d3bcc:	e3a03000 	mov	r3, #0
7e1d3bd0:	e1a0000a 	mov	r0, sl
7e1d3bd4:	e1a0100b 	mov	r1, fp
7e1d3bd8:	e58d200c 	str	r2, [sp, #12]
7e1d3bdc:	e3a02ee1 	mov	r2, #3600	; 0xe10
7e1d3be0:	fa002004 	blx	7e1dbbf8 <__aeabi_uldivmod>
7e1d3be4:	e3a02018 	mov	r2, #24
7e1d3be8:	e3a03000 	mov	r3, #0
7e1d3bec:	fa002001 	blx	7e1dbbf8 <__aeabi_uldivmod>
7e1d3bf0:	e58d6004 	str	r6, [sp, #4]
7e1d3bf4:	e58d8000 	str	r8, [sp]
7e1d3bf8:	e1a03004 	mov	r3, r4
7e1d3bfc:	e59d001c 	ldr	r0, [sp, #28]
7e1d3c00:	e1a01009 	mov	r1, r9
7e1d3c04:	e58d2008 	str	r2, [sp, #8]
7e1d3c08:	e59f201c 	ldr	r2, [pc, #28]	; 7e1d3c2c <app_util_format_rfc3339+0x194>
7e1d3c0c:	fa00065a 	blx	7e1d557c <snprintf>
7e1d3c10:	eaffffd0 	b	7e1d3b58 <app_util_format_rfc3339+0xc0>
7e1d3c14:	00015180 	.word	0x00015180
7e1d3c18:	000afa6c 	.word	0x000afa6c
7e1d3c1c:	00023ab1 	.word	0x00023ab1
7e1d3c20:	fffdc54f 	.word	0xfffdc54f
7e1d3c24:	0008bfbc 	.word	0x0008bfbc
7e1d3c28:	00023ab0 	.word	0x00023ab0
7e1d3c2c:	802da1ef 	.word	0x802da1ef

7e1d3c30 <app_util_gen_boot_id>:
7e1d3c30:	e92d40f0 	push	{r4, r5, r6, r7, lr}
7e1d3c34:	e1a05000 	mov	r5, r0
7e1d3c38:	e24dd034 	sub	sp, sp, #52	; 0x34
7e1d3c3c:	e1a06001 	mov	r6, r1
7e1d3c40:	ebfff941 	bl	7e1d214c <cm_rtc_get_current_time>
7e1d3c44:	e3a02018 	mov	r2, #24
7e1d3c48:	e1a04000 	mov	r4, r0
7e1d3c4c:	e1a07001 	mov	r7, r1
7e1d3c50:	e3a01000 	mov	r1, #0
7e1d3c54:	e08d0002 	add	r0, sp, r2
7e1d3c58:	fa000532 	blx	7e1d5128 <memset>
7e1d3c5c:	e3a03018 	mov	r3, #24
7e1d3c60:	e1a00004 	mov	r0, r4
7e1d3c64:	e08d2003 	add	r2, sp, r3
7e1d3c68:	e1a01007 	mov	r1, r7
7e1d3c6c:	ebffff89 	bl	7e1d3a98 <app_util_format_rfc3339>
7e1d3c70:	e3a02010 	mov	r2, #16
7e1d3c74:	e3a01000 	mov	r1, #0
7e1d3c78:	e28d0008 	add	r0, sp, #8
7e1d3c7c:	fa000529 	blx	7e1d5128 <memset>
7e1d3c80:	e3a02000 	mov	r2, #0
7e1d3c84:	e28d3018 	add	r3, sp, #24
7e1d3c88:	e352000e 	cmp	r2, #14
7e1d3c8c:	e4d30001 	ldrb	r0, [r3], #1
7e1d3c90:	c3a01000 	movgt	r1, #0
7e1d3c94:	d3a01001 	movle	r1, #1
7e1d3c98:	e3500000 	cmp	r0, #0
7e1d3c9c:	03a01000 	moveq	r1, #0
7e1d3ca0:	e3510000 	cmp	r1, #0
7e1d3ca4:	1a00000a 	bne	7e1d3cd4 <app_util_gen_boot_id+0xa4>
7e1d3ca8:	e6ff0074 	uxth	r0, r4
7e1d3cac:	e2200c12 	eor	r0, r0, #4608	; 0x1200
7e1d3cb0:	e2200034 	eor	r0, r0, #52	; 0x34
7e1d3cb4:	e59f2034 	ldr	r2, [pc, #52]	; 7e1d3cf0 <app_util_gen_boot_id+0xc0>
7e1d3cb8:	e28d3008 	add	r3, sp, #8
7e1d3cbc:	e58d0000 	str	r0, [sp]
7e1d3cc0:	e1a01006 	mov	r1, r6
7e1d3cc4:	e1a00005 	mov	r0, r5
7e1d3cc8:	fa00062b 	blx	7e1d557c <snprintf>
7e1d3ccc:	e28dd034 	add	sp, sp, #52	; 0x34
7e1d3cd0:	e8bd80f0 	pop	{r4, r5, r6, r7, pc}
7e1d3cd4:	e2401030 	sub	r1, r0, #48	; 0x30
7e1d3cd8:	e3510009 	cmp	r1, #9
7e1d3cdc:	928d1030 	addls	r1, sp, #48	; 0x30
7e1d3ce0:	90811002 	addls	r1, r1, r2
7e1d3ce4:	92822001 	addls	r2, r2, #1
7e1d3ce8:	95410028 	strbls	r0, [r1, #-40]	; 0xffffffd8
7e1d3cec:	eaffffe5 	b	7e1d3c88 <app_util_gen_boot_id+0x58>
7e1d3cf0:	802da20f 	.word	0x802da20f

7e1d3cf4 <app_util_gen_loc_message_id>:
7e1d3cf4:	e92d4007 	push	{r0, r1, r2, lr}
7e1d3cf8:	e88d0006 	stm	sp, {r1, r2}
7e1d3cfc:	e1a0c003 	mov	ip, r3
7e1d3d00:	e59f2014 	ldr	r2, [pc, #20]	; 7e1d3d1c <app_util_gen_loc_message_id+0x28>
7e1d3d04:	e1a03000 	mov	r3, r0
7e1d3d08:	e59d1010 	ldr	r1, [sp, #16]
7e1d3d0c:	e1a0000c 	mov	r0, ip
7e1d3d10:	fa000619 	blx	7e1d557c <snprintf>
7e1d3d14:	e28dd00c 	add	sp, sp, #12
7e1d3d18:	e49df004 	pop	{pc}		; (ldr pc, [sp], #4)
7e1d3d1c:	802da21d 	.word	0x802da21d

7e1d3d20 <app_mqtt_init>:
7e1d3d20:	e92d401f 	push	{r0, r1, r2, r3, r4, lr}
7e1d3d24:	e59f403c 	ldr	r4, [pc, #60]	; 7e1d3d68 <app_mqtt_init+0x48>
7e1d3d28:	e59f303c 	ldr	r3, [pc, #60]	; 7e1d3d6c <app_mqtt_init+0x4c>
7e1d3d2c:	e5830000 	str	r0, [r3]
7e1d3d30:	e5943000 	ldr	r3, [r4]
7e1d3d34:	e3530000 	cmp	r3, #0
7e1d3d38:	1a000007 	bne	7e1d3d5c <app_mqtt_init+0x3c>
7e1d3d3c:	e58d3004 	str	r3, [sp, #4]
7e1d3d40:	e1a0000d 	mov	r0, sp
7e1d3d44:	e58d3008 	str	r3, [sp, #8]
7e1d3d48:	e58d300c 	str	r3, [sp, #12]
7e1d3d4c:	e59f301c 	ldr	r3, [pc, #28]	; 7e1d3d70 <app_mqtt_init+0x50>
7e1d3d50:	e58d3000 	str	r3, [sp]
7e1d3d54:	ebfff8c2 	bl	7e1d2064 <osEventFlagsNew>
7e1d3d58:	e5840000 	str	r0, [r4]
7e1d3d5c:	e3a00000 	mov	r0, #0
7e1d3d60:	e28dd010 	add	sp, sp, #16
7e1d3d64:	e8bd8010 	pop	{r4, pc}
7e1d3d68:	7e1dd398 	.word	0x7e1dd398
7e1d3d6c:	7e1dd890 	.word	0x7e1dd890
7e1d3d70:	802da22d 	.word	0x802da22d

7e1d3d74 <app_mqtt_disconnect>:
7e1d3d74:	e92d4070 	push	{r4, r5, r6, lr}
7e1d3d78:	e59f407c 	ldr	r4, [pc, #124]	; 7e1d3dfc <app_mqtt_disconnect+0x88>
7e1d3d7c:	e3a05000 	mov	r5, #0
7e1d3d80:	e59f3078 	ldr	r3, [pc, #120]	; 7e1d3e00 <app_mqtt_disconnect+0x8c>
7e1d3d84:	e5c35000 	strb	r5, [r3]
7e1d3d88:	e5940000 	ldr	r0, [r4]
7e1d3d8c:	e1500005 	cmp	r0, r5
7e1d3d90:	0a000001 	beq	7e1d3d9c <app_mqtt_disconnect+0x28>
7e1d3d94:	ebfff8a4 	bl	7e1d202c <osThreadTerminate>
7e1d3d98:	e5845000 	str	r5, [r4]
7e1d3d9c:	e59f4060 	ldr	r4, [pc, #96]	; 7e1d3e04 <app_mqtt_disconnect+0x90>
7e1d3da0:	e5940000 	ldr	r0, [r4]
7e1d3da4:	e3500000 	cmp	r0, #0
7e1d3da8:	0a000006 	beq	7e1d3dc8 <app_mqtt_disconnect+0x54>
7e1d3dac:	eb0020a1 	bl	7e1dc038 <__cm_mqtt_client_disconnect_veneer>
7e1d3db0:	e3a00028 	mov	r0, #40	; 0x28
7e1d3db4:	ebfff8a3 	bl	7e1d2048 <osDelay>
7e1d3db8:	e5940000 	ldr	r0, [r4]
7e1d3dbc:	eb0020bb 	bl	7e1dc0b0 <__cm_mqtt_client_destroy_veneer>
7e1d3dc0:	e3a03000 	mov	r3, #0
7e1d3dc4:	e5843000 	str	r3, [r4]
7e1d3dc8:	e3a04000 	mov	r4, #0
7e1d3dcc:	e3a020ea 	mov	r2, #234	; 0xea
7e1d3dd0:	e59f3030 	ldr	r3, [pc, #48]	; 7e1d3e08 <app_mqtt_disconnect+0x94>
7e1d3dd4:	e1a01004 	mov	r1, r4
7e1d3dd8:	e5c34000 	strb	r4, [r3]
7e1d3ddc:	e59f3028 	ldr	r3, [pc, #40]	; 7e1d3e0c <app_mqtt_disconnect+0x98>
7e1d3de0:	e5c34000 	strb	r4, [r3]
7e1d3de4:	e59f0024 	ldr	r0, [pc, #36]	; 7e1d3e10 <app_mqtt_disconnect+0x9c>
7e1d3de8:	e59f3024 	ldr	r3, [pc, #36]	; 7e1d3e14 <app_mqtt_disconnect+0xa0>
7e1d3dec:	e5c34000 	strb	r4, [r3]
7e1d3df0:	fa0004cc 	blx	7e1d5128 <memset>
7e1d3df4:	e1a00004 	mov	r0, r4
7e1d3df8:	e8bd8070 	pop	{r4, r5, r6, pc}
7e1d3dfc:	7e1dd88c 	.word	0x7e1dd88c
7e1d3e00:	7e1dd79e 	.word	0x7e1dd79e
7e1d3e04:	7e1dd390 	.word	0x7e1dd390
7e1d3e08:	7e1dd394 	.word	0x7e1dd394
7e1d3e0c:	7e1dd39d 	.word	0x7e1dd39d
7e1d3e10:	7e1dd7a0 	.word	0x7e1dd7a0
7e1d3e14:	7e1dd39c 	.word	0x7e1dd39c

7e1d3e18 <app_mqtt_is_connected>:
7e1d3e18:	e59f3004 	ldr	r3, [pc, #4]	; 7e1d3e24 <app_mqtt_is_connected+0xc>
7e1d3e1c:	e5d30000 	ldrb	r0, [r3]
7e1d3e20:	e12fff1e 	bx	lr
7e1d3e24:	7e1dd394 	.word	0x7e1dd394

7e1d3e28 <app_mqtt_publish_telemetry>:
7e1d3e28:	e59f3088 	ldr	r3, [pc, #136]	; 7e1d3eb8 <app_mqtt_publish_telemetry+0x90>
7e1d3e2c:	e92d4073 	push	{r0, r1, r4, r5, r6, lr}
7e1d3e30:	e5935000 	ldr	r5, [r3]
7e1d3e34:	e3550000 	cmp	r5, #0
7e1d3e38:	0a00001c 	beq	7e1d3eb0 <app_mqtt_publish_telemetry+0x88>
7e1d3e3c:	e59f3078 	ldr	r3, [pc, #120]	; 7e1d3ebc <app_mqtt_publish_telemetry+0x94>
7e1d3e40:	e5d33000 	ldrb	r3, [r3]
7e1d3e44:	e3530000 	cmp	r3, #0
7e1d3e48:	0a000018 	beq	7e1d3eb0 <app_mqtt_publish_telemetry+0x88>
7e1d3e4c:	e1a06000 	mov	r6, r0
7e1d3e50:	e3500000 	cmp	r0, #0
7e1d3e54:	03e00001 	mvneq	r0, #1
7e1d3e58:	0a000012 	beq	7e1d3ea8 <app_mqtt_publish_telemetry+0x80>
7e1d3e5c:	e1a04001 	mov	r4, r1
7e1d3e60:	e3510000 	cmp	r1, #0
7e1d3e64:	ca000001 	bgt	7e1d3e70 <app_mqtt_publish_telemetry+0x48>
7e1d3e68:	fa0006be 	blx	7e1d5968 <strlen>
7e1d3e6c:	e1a04000 	mov	r4, r0
7e1d3e70:	e3540b01 	cmp	r4, #1024	; 0x400
7e1d3e74:	c3e00002 	mvngt	r0, #2
7e1d3e78:	ca00000a 	bgt	7e1d3ea8 <app_mqtt_publish_telemetry+0x80>
7e1d3e7c:	e1a02004 	mov	r2, r4
7e1d3e80:	e1a01006 	mov	r1, r6
7e1d3e84:	e59f0034 	ldr	r0, [pc, #52]	; 7e1d3ec0 <app_mqtt_publish_telemetry+0x98>
7e1d3e88:	fa000437 	blx	7e1d4f6c <memcpy>
7e1d3e8c:	e3a03002 	mov	r3, #2
7e1d3e90:	e59f2028 	ldr	r2, [pc, #40]	; 7e1d3ec0 <app_mqtt_publish_telemetry+0x98>
7e1d3e94:	e1a00005 	mov	r0, r5
7e1d3e98:	e58d3000 	str	r3, [sp]
7e1d3e9c:	e1a03004 	mov	r3, r4
7e1d3ea0:	e59f101c 	ldr	r1, [pc, #28]	; 7e1d3ec4 <app_mqtt_publish_telemetry+0x9c>
7e1d3ea4:	eb002079 	bl	7e1dc090 <__cm_mqtt_client_publish_veneer>
7e1d3ea8:	e28dd008 	add	sp, sp, #8
7e1d3eac:	e8bd8070 	pop	{r4, r5, r6, pc}
7e1d3eb0:	e3e00000 	mvn	r0, #0
7e1d3eb4:	eafffffb 	b	7e1d3ea8 <app_mqtt_publish_telemetry+0x80>
7e1d3eb8:	7e1dd390 	.word	0x7e1dd390
7e1d3ebc:	7e1dd394 	.word	0x7e1dd394
7e1d3ec0:	7e1dd39e 	.word	0x7e1dd39e
7e1d3ec4:	802da257 	.word	0x802da257

7e1d3ec8 <app_mqtt_publish_rpc_response>:
7e1d3ec8:	e59f30c0 	ldr	r3, [pc, #192]	; 7e1d3f90 <app_mqtt_publish_rpc_response+0xc8>
7e1d3ecc:	e92d4070 	push	{r4, r5, r6, lr}
7e1d3ed0:	e1a04002 	mov	r4, r2
7e1d3ed4:	e24dd068 	sub	sp, sp, #104	; 0x68
7e1d3ed8:	e5932000 	ldr	r2, [r3]
7e1d3edc:	e3520000 	cmp	r2, #0
7e1d3ee0:	0a000028 	beq	7e1d3f88 <app_mqtt_publish_rpc_response+0xc0>
7e1d3ee4:	e1a05003 	mov	r5, r3
7e1d3ee8:	e59f30a4 	ldr	r3, [pc, #164]	; 7e1d3f94 <app_mqtt_publish_rpc_response+0xcc>
7e1d3eec:	e5d33000 	ldrb	r3, [r3]
7e1d3ef0:	e2233001 	eor	r3, r3, #1
7e1d3ef4:	e3500000 	cmp	r0, #0
7e1d3ef8:	03833001 	orreq	r3, r3, #1
7e1d3efc:	e3530000 	cmp	r3, #0
7e1d3f00:	1a000020 	bne	7e1d3f88 <app_mqtt_publish_rpc_response+0xc0>
7e1d3f04:	e59f308c 	ldr	r3, [pc, #140]	; 7e1d3f98 <app_mqtt_publish_rpc_response+0xd0>
7e1d3f08:	e1a06001 	mov	r6, r1
7e1d3f0c:	e58d0000 	str	r0, [sp]
7e1d3f10:	e3a01060 	mov	r1, #96	; 0x60
7e1d3f14:	e59f2080 	ldr	r2, [pc, #128]	; 7e1d3f9c <app_mqtt_publish_rpc_response+0xd4>
7e1d3f18:	e28d0008 	add	r0, sp, #8
7e1d3f1c:	fa000596 	blx	7e1d557c <snprintf>
7e1d3f20:	e3540000 	cmp	r4, #0
7e1d3f24:	c3a03000 	movgt	r3, #0
7e1d3f28:	d3a03001 	movle	r3, #1
7e1d3f2c:	e3560000 	cmp	r6, #0
7e1d3f30:	03a03000 	moveq	r3, #0
7e1d3f34:	e3530000 	cmp	r3, #0
7e1d3f38:	0a000002 	beq	7e1d3f48 <app_mqtt_publish_rpc_response+0x80>
7e1d3f3c:	e1a00006 	mov	r0, r6
7e1d3f40:	fa000688 	blx	7e1d5968 <strlen>
7e1d3f44:	e1a04000 	mov	r4, r0
7e1d3f48:	e3540b01 	cmp	r4, #1024	; 0x400
7e1d3f4c:	c3e00002 	mvngt	r0, #2
7e1d3f50:	ca00000a 	bgt	7e1d3f80 <app_mqtt_publish_rpc_response+0xb8>
7e1d3f54:	e1a02004 	mov	r2, r4
7e1d3f58:	e1a01006 	mov	r1, r6
7e1d3f5c:	e59f003c 	ldr	r0, [pc, #60]	; 7e1d3fa0 <app_mqtt_publish_rpc_response+0xd8>
7e1d3f60:	fa000401 	blx	7e1d4f6c <memcpy>
7e1d3f64:	e3a03000 	mov	r3, #0
7e1d3f68:	e59f2030 	ldr	r2, [pc, #48]	; 7e1d3fa0 <app_mqtt_publish_rpc_response+0xd8>
7e1d3f6c:	e28d1008 	add	r1, sp, #8
7e1d3f70:	e58d3000 	str	r3, [sp]
7e1d3f74:	e1a03004 	mov	r3, r4
7e1d3f78:	e5950000 	ldr	r0, [r5]
7e1d3f7c:	eb002043 	bl	7e1dc090 <__cm_mqtt_client_publish_veneer>
7e1d3f80:	e28dd068 	add	sp, sp, #104	; 0x68
7e1d3f84:	e8bd8070 	pop	{r4, r5, r6, pc}
7e1d3f88:	e3e00000 	mvn	r0, #0
7e1d3f8c:	eafffffb 	b	7e1d3f80 <app_mqtt_publish_rpc_response+0xb8>
7e1d3f90:	7e1dd390 	.word	0x7e1dd390
7e1d3f94:	7e1dd394 	.word	0x7e1dd394
7e1d3f98:	802da236 	.word	0x802da236
7e1d3f9c:	802da252 	.word	0x802da252
7e1d3fa0:	7e1dd39e 	.word	0x7e1dd39e

7e1d3fa4 <app_mqtt_subscribe_rpc>:
7e1d3fa4:	e59f3034 	ldr	r3, [pc, #52]	; 7e1d3fe0 <app_mqtt_subscribe_rpc+0x3c>
7e1d3fa8:	e92d4007 	push	{r0, r1, r2, lr}
7e1d3fac:	e5930000 	ldr	r0, [r3]
7e1d3fb0:	e3500000 	cmp	r0, #0
7e1d3fb4:	03e00000 	mvneq	r0, #0
7e1d3fb8:	0a000006 	beq	7e1d3fd8 <app_mqtt_subscribe_rpc+0x34>
7e1d3fbc:	e59f3020 	ldr	r3, [pc, #32]	; 7e1d3fe4 <app_mqtt_subscribe_rpc+0x40>
7e1d3fc0:	e1a0200d 	mov	r2, sp
7e1d3fc4:	e58d3004 	str	r3, [sp, #4]
7e1d3fc8:	e3a03001 	mov	r3, #1
7e1d3fcc:	e28d1004 	add	r1, sp, #4
7e1d3fd0:	e5cd3000 	strb	r3, [sp]
7e1d3fd4:	eb002027 	bl	7e1dc078 <__cm_mqtt_client_subscribe_veneer>
7e1d3fd8:	e28dd00c 	add	sp, sp, #12
7e1d3fdc:	e49df004 	pop	{pc}		; (ldr pc, [sp], #4)
7e1d3fe0:	7e1dd390 	.word	0x7e1dd390
7e1d3fe4:	802da26f 	.word	0x802da26f

7e1d3fe8 <json_get_string.part.0>:
7e1d3fe8:	e92d40f0 	push	{r4, r5, r6, r7, lr}
7e1d3fec:	e1a07000 	mov	r7, r0
7e1d3ff0:	e24dd034 	sub	sp, sp, #52	; 0x34
7e1d3ff4:	e1a04002 	mov	r4, r2
7e1d3ff8:	e1a05003 	mov	r5, r3
7e1d3ffc:	e59f2108 	ldr	r2, [pc, #264]	; 7e1d410c <json_get_string.part.0+0x124>
7e1d4000:	e1a03001 	mov	r3, r1
7e1d4004:	e1a0000d 	mov	r0, sp
7e1d4008:	e3a01030 	mov	r1, #48	; 0x30
7e1d400c:	fa00055a 	blx	7e1d557c <snprintf>
7e1d4010:	e2403001 	sub	r3, r0, #1
7e1d4014:	e353002e 	cmp	r3, #46	; 0x2e
7e1d4018:	83a00000 	movhi	r0, #0
7e1d401c:	8a000020 	bhi	7e1d40a4 <json_get_string.part.0+0xbc>
7e1d4020:	e1a06000 	mov	r6, r0
7e1d4024:	e1a0100d 	mov	r1, sp
7e1d4028:	e1a00007 	mov	r0, r7
7e1d402c:	fa000776 	blx	7e1d5e0c <strstr>
7e1d4030:	e3500000 	cmp	r0, #0
7e1d4034:	0a00001a 	beq	7e1d40a4 <json_get_string.part.0+0xbc>
7e1d4038:	e0803006 	add	r3, r0, r6
7e1d403c:	e4d32001 	ldrb	r2, [r3], #1
7e1d4040:	e3520020 	cmp	r2, #32
7e1d4044:	1352003a 	cmpne	r2, #58	; 0x3a
7e1d4048:	03a00001 	moveq	r0, #1
7e1d404c:	13a00000 	movne	r0, #0
7e1d4050:	e3520009 	cmp	r2, #9
7e1d4054:	03800001 	orreq	r0, r0, #1
7e1d4058:	e3500000 	cmp	r0, #0
7e1d405c:	1afffff6 	bne	7e1d403c <json_get_string.part.0+0x54>
7e1d4060:	e3520022 	cmp	r2, #34	; 0x22
7e1d4064:	1a00000e 	bne	7e1d40a4 <json_get_string.part.0+0xbc>
7e1d4068:	e1a01003 	mov	r1, r3
7e1d406c:	e2455001 	sub	r5, r5, #1
7e1d4070:	e3a0e00a 	mov	lr, #10
7e1d4074:	e3a0600d 	mov	r6, #13
7e1d4078:	e3a07009 	mov	r7, #9
7e1d407c:	e5d13000 	ldrb	r3, [r1]
7e1d4080:	e3530000 	cmp	r3, #0
7e1d4084:	13530022 	cmpne	r3, #34	; 0x22
7e1d4088:	e0842000 	add	r2, r4, r0
7e1d408c:	0a000001 	beq	7e1d4098 <json_get_string.part.0+0xb0>
7e1d4090:	e1550000 	cmp	r5, r0
7e1d4094:	8a000004 	bhi	7e1d40ac <json_get_string.part.0+0xc4>
7e1d4098:	e3a03000 	mov	r3, #0
7e1d409c:	e3a00001 	mov	r0, #1
7e1d40a0:	e5c23000 	strb	r3, [r2]
7e1d40a4:	e28dd034 	add	sp, sp, #52	; 0x34
7e1d40a8:	e8bd80f0 	pop	{r4, r5, r6, r7, pc}
7e1d40ac:	e353005c 	cmp	r3, #92	; 0x5c
7e1d40b0:	e281c001 	add	ip, r1, #1
7e1d40b4:	1a000011 	bne	7e1d4100 <json_get_string.part.0+0x118>
7e1d40b8:	e5d12001 	ldrb	r2, [r1, #1]
7e1d40bc:	e3520000 	cmp	r2, #0
7e1d40c0:	0a00000e 	beq	7e1d4100 <json_get_string.part.0+0x118>
7e1d40c4:	e352006e 	cmp	r2, #110	; 0x6e
7e1d40c8:	07c4e000 	strbeq	lr, [r4, r0]
7e1d40cc:	0a000008 	beq	7e1d40f4 <json_get_string.part.0+0x10c>
7e1d40d0:	8a000001 	bhi	7e1d40dc <json_get_string.part.0+0xf4>
7e1d40d4:	e7c42000 	strb	r2, [r4, r0]
7e1d40d8:	ea000005 	b	7e1d40f4 <json_get_string.part.0+0x10c>
7e1d40dc:	e3520072 	cmp	r2, #114	; 0x72
7e1d40e0:	07c46000 	strbeq	r6, [r4, r0]
7e1d40e4:	0a000002 	beq	7e1d40f4 <json_get_string.part.0+0x10c>
7e1d40e8:	e3520074 	cmp	r2, #116	; 0x74
7e1d40ec:	07c47000 	strbeq	r7, [r4, r0]
7e1d40f0:	1afffff7 	bne	7e1d40d4 <json_get_string.part.0+0xec>
7e1d40f4:	e28c1001 	add	r1, ip, #1
7e1d40f8:	e2800001 	add	r0, r0, #1
7e1d40fc:	eaffffde 	b	7e1d407c <json_get_string.part.0+0x94>
7e1d4100:	e7c43000 	strb	r3, [r4, r0]
7e1d4104:	e1a0c001 	mov	ip, r1
7e1d4108:	eafffff9 	b	7e1d40f4 <json_get_string.part.0+0x10c>
7e1d410c:	802da484 	.word	0x802da484

7e1d4110 <json_get_int.part.1>:
7e1d4110:	e92d4070 	push	{r4, r5, r6, lr}
7e1d4114:	e1a03001 	mov	r3, r1
7e1d4118:	e24dd030 	sub	sp, sp, #48	; 0x30
7e1d411c:	e1a06000 	mov	r6, r0
7e1d4120:	e1a05002 	mov	r5, r2
7e1d4124:	e3a01030 	mov	r1, #48	; 0x30
7e1d4128:	e1a0000d 	mov	r0, sp
7e1d412c:	e59f2078 	ldr	r2, [pc, #120]	; 7e1d41ac <json_get_int.part.1+0x9c>
7e1d4130:	fa000511 	blx	7e1d557c <snprintf>
7e1d4134:	e2403001 	sub	r3, r0, #1
7e1d4138:	e353002e 	cmp	r3, #46	; 0x2e
7e1d413c:	83a00000 	movhi	r0, #0
7e1d4140:	8a000017 	bhi	7e1d41a4 <json_get_int.part.1+0x94>
7e1d4144:	e1a04000 	mov	r4, r0
7e1d4148:	e1a0100d 	mov	r1, sp
7e1d414c:	e1a00006 	mov	r0, r6
7e1d4150:	fa00072d 	blx	7e1d5e0c <strstr>
7e1d4154:	e3500000 	cmp	r0, #0
7e1d4158:	0a000011 	beq	7e1d41a4 <json_get_int.part.1+0x94>
7e1d415c:	e0802004 	add	r2, r0, r4
7e1d4160:	e1a0c002 	mov	ip, r2
7e1d4164:	e4d21001 	ldrb	r1, [r2], #1
7e1d4168:	e3510020 	cmp	r1, #32
7e1d416c:	1351003a 	cmpne	r1, #58	; 0x3a
7e1d4170:	03a03001 	moveq	r3, #1
7e1d4174:	13a03000 	movne	r3, #0
7e1d4178:	e3510009 	cmp	r1, #9
7e1d417c:	11a00003 	movne	r0, r3
7e1d4180:	03830001 	orreq	r0, r3, #1
7e1d4184:	e3500000 	cmp	r0, #0
7e1d4188:	1afffff4 	bne	7e1d4160 <json_get_int.part.1+0x50>
7e1d418c:	e3510022 	cmp	r1, #34	; 0x22
7e1d4190:	0a000003 	beq	7e1d41a4 <json_get_int.part.1+0x94>
7e1d4194:	e1a0000c 	mov	r0, ip
7e1d4198:	fa0001f0 	blx	7e1d4960 <atoi>
7e1d419c:	e5850000 	str	r0, [r5]
7e1d41a0:	e3a00001 	mov	r0, #1
7e1d41a4:	e28dd030 	add	sp, sp, #48	; 0x30
7e1d41a8:	e8bd8070 	pop	{r4, r5, r6, pc}
7e1d41ac:	802da484 	.word	0x802da484

7e1d41b0 <app_protocol_build_command_result>:
7e1d41b0:	e92d4ff0 	push	{r4, r5, r6, r7, r8, r9, sl, fp, lr}
7e1d41b4:	e24dd03c 	sub	sp, sp, #60	; 0x3c
7e1d41b8:	e3510000 	cmp	r1, #0
7e1d41bc:	13500000 	cmpne	r0, #0
7e1d41c0:	e59d9060 	ldr	r9, [sp, #96]	; 0x60
7e1d41c4:	e59d8064 	ldr	r8, [sp, #100]	; 0x64
7e1d41c8:	e59d7068 	ldr	r7, [sp, #104]	; 0x68
7e1d41cc:	e59d406c 	ldr	r4, [sp, #108]	; 0x6c
7e1d41d0:	0a000045 	beq	7e1d42ec <app_protocol_build_command_result+0x13c>
7e1d41d4:	e16f0f18 	clz	r0, r8
7e1d41d8:	e3520000 	cmp	r2, #0
7e1d41dc:	e1a002a0 	lsr	r0, r0, #5
7e1d41e0:	03a00001 	moveq	r0, #1
7e1d41e4:	e3570000 	cmp	r7, #0
7e1d41e8:	03a00001 	moveq	r0, #1
7e1d41ec:	e3500000 	cmp	r0, #0
7e1d41f0:	1a00003d 	bne	7e1d42ec <app_protocol_build_command_result+0x13c>
7e1d41f4:	e1a0a003 	mov	sl, r3
7e1d41f8:	e28db020 	add	fp, sp, #32
7e1d41fc:	e1a06002 	mov	r6, r2
7e1d4200:	e1a05001 	mov	r5, r1
7e1d4204:	ebfff7d0 	bl	7e1d214c <cm_rtc_get_current_time>
7e1d4208:	e3a03018 	mov	r3, #24
7e1d420c:	e1a0200b 	mov	r2, fp
7e1d4210:	ebfffe20 	bl	7e1d3a98 <app_util_format_rfc3339>
7e1d4214:	e35a0000 	cmp	sl, #0
7e1d4218:	13590000 	cmpne	r9, #0
7e1d421c:	0a000016 	beq	7e1d427c <app_protocol_build_command_result+0xcc>
7e1d4220:	e58d9018 	str	r9, [sp, #24]
7e1d4224:	e1a01007 	mov	r1, r7
7e1d4228:	e58da014 	str	sl, [sp, #20]
7e1d422c:	e1a00008 	mov	r0, r8
7e1d4230:	e58db010 	str	fp, [sp, #16]
7e1d4234:	e58d600c 	str	r6, [sp, #12]
7e1d4238:	e58d5008 	str	r5, [sp, #8]
7e1d423c:	e88d0060 	stm	sp, {r5, r6}
7e1d4240:	e59f30ac 	ldr	r3, [pc, #172]	; 7e1d42f4 <app_protocol_build_command_result+0x144>
7e1d4244:	e59f20ac 	ldr	r2, [pc, #172]	; 7e1d42f8 <app_protocol_build_command_result+0x148>
7e1d4248:	fa0004cb 	blx	7e1d557c <snprintf>
7e1d424c:	e1570000 	cmp	r7, r0
7e1d4250:	c3500000 	cmpgt	r0, #0
7e1d4254:	d3a07001 	movle	r7, #1
7e1d4258:	c3a07000 	movgt	r7, #0
7e1d425c:	ca00001d 	bgt	7e1d42d8 <app_protocol_build_command_result+0x128>
7e1d4260:	e59f1094 	ldr	r1, [pc, #148]	; 7e1d42fc <app_protocol_build_command_result+0x14c>
7e1d4264:	e1a02000 	mov	r2, r0
7e1d4268:	e59f0090 	ldr	r0, [pc, #144]	; 7e1d4300 <app_protocol_build_command_result+0x150>
7e1d426c:	ebfffa12 	bl	7e1d2abc <app_log_output>
7e1d4270:	e3e00001 	mvn	r0, #1
7e1d4274:	e28dd03c 	add	sp, sp, #60	; 0x3c
7e1d4278:	e8bd8ff0 	pop	{r4, r5, r6, r7, r8, r9, sl, fp, pc}
7e1d427c:	e35a0000 	cmp	sl, #0
7e1d4280:	0a00000a 	beq	7e1d42b0 <app_protocol_build_command_result+0x100>
7e1d4284:	e58da014 	str	sl, [sp, #20]
7e1d4288:	e1a01007 	mov	r1, r7
7e1d428c:	e58db010 	str	fp, [sp, #16]
7e1d4290:	e1a00008 	mov	r0, r8
7e1d4294:	e58d600c 	str	r6, [sp, #12]
7e1d4298:	e58d5008 	str	r5, [sp, #8]
7e1d429c:	e88d0060 	stm	sp, {r5, r6}
7e1d42a0:	e59f304c 	ldr	r3, [pc, #76]	; 7e1d42f4 <app_protocol_build_command_result+0x144>
7e1d42a4:	e59f2058 	ldr	r2, [pc, #88]	; 7e1d4304 <app_protocol_build_command_result+0x154>
7e1d42a8:	fa0004b3 	blx	7e1d557c <snprintf>
7e1d42ac:	eaffffe6 	b	7e1d424c <app_protocol_build_command_result+0x9c>
7e1d42b0:	e58db010 	str	fp, [sp, #16]
7e1d42b4:	e1a01007 	mov	r1, r7
7e1d42b8:	e58d600c 	str	r6, [sp, #12]
7e1d42bc:	e1a00008 	mov	r0, r8
7e1d42c0:	e58d5008 	str	r5, [sp, #8]
7e1d42c4:	e88d0060 	stm	sp, {r5, r6}
7e1d42c8:	e59f3024 	ldr	r3, [pc, #36]	; 7e1d42f4 <app_protocol_build_command_result+0x144>
7e1d42cc:	e59f2034 	ldr	r2, [pc, #52]	; 7e1d4308 <app_protocol_build_command_result+0x158>
7e1d42d0:	fa0004a9 	blx	7e1d557c <snprintf>
7e1d42d4:	eaffffdc 	b	7e1d424c <app_protocol_build_command_result+0x9c>
7e1d42d8:	e3540000 	cmp	r4, #0
7e1d42dc:	15840000 	strne	r0, [r4]
7e1d42e0:	11a00007 	movne	r0, r7
7e1d42e4:	01a00004 	moveq	r0, r4
7e1d42e8:	eaffffe1 	b	7e1d4274 <app_protocol_build_command_result+0xc4>
7e1d42ec:	e3e00000 	mvn	r0, #0
7e1d42f0:	eaffffdf 	b	7e1d4274 <app_protocol_build_command_result+0xc4>
7e1d42f4:	802da28b 	.word	0x802da28b
7e1d42f8:	802da29a 	.word	0x802da29a
7e1d42fc:	802da409 	.word	0x802da409
7e1d4300:	802d9bba 	.word	0x802d9bba
7e1d4304:	802da329 	.word	0x802da329
7e1d4308:	802da3a3 	.word	0x802da3a3

7e1d430c <app_protocol_parse_rpc>:
7e1d430c:	e3520000 	cmp	r2, #0
7e1d4310:	13500000 	cmpne	r0, #0
7e1d4314:	0a000049 	beq	7e1d4440 <app_protocol_parse_rpc+0x134>
7e1d4318:	e3510000 	cmp	r1, #0
7e1d431c:	e92d4070 	push	{r4, r5, r6, lr}
7e1d4320:	e1a05001 	mov	r5, r1
7e1d4324:	e24ddb01 	sub	sp, sp, #1024	; 0x400
7e1d4328:	e1a06000 	mov	r6, r0
7e1d432c:	e24dd008 	sub	sp, sp, #8
7e1d4330:	e1a04002 	mov	r4, r2
7e1d4334:	aa000001 	bge	7e1d4340 <app_protocol_parse_rpc+0x34>
7e1d4338:	fa00058a 	blx	7e1d5968 <strlen>
7e1d433c:	e1a05000 	mov	r5, r0
7e1d4340:	e1a02005 	mov	r2, r5
7e1d4344:	e3550b01 	cmp	r5, #1024	; 0x400
7e1d4348:	ba000006 	blt	7e1d4368 <app_protocol_parse_rpc+0x5c>
7e1d434c:	e59f00f4 	ldr	r0, [pc, #244]	; 7e1d4448 <app_protocol_parse_rpc+0x13c>
7e1d4350:	e59f10f4 	ldr	r1, [pc, #244]	; 7e1d444c <app_protocol_parse_rpc+0x140>
7e1d4354:	ebfff9d8 	bl	7e1d2abc <app_log_output>
7e1d4358:	e3e00001 	mvn	r0, #1
7e1d435c:	e28ddb01 	add	sp, sp, #1024	; 0x400
7e1d4360:	e28dd008 	add	sp, sp, #8
7e1d4364:	e8bd8070 	pop	{r4, r5, r6, pc}
7e1d4368:	e1a01006 	mov	r1, r6
7e1d436c:	e28d0008 	add	r0, sp, #8
7e1d4370:	fa0002fd 	blx	7e1d4f6c <memcpy>
7e1d4374:	e3a06000 	mov	r6, #0
7e1d4378:	e3a02f5a 	mov	r2, #360	; 0x168
7e1d437c:	e28d3b01 	add	r3, sp, #1024	; 0x400
7e1d4380:	e1a01006 	mov	r1, r6
7e1d4384:	e2833008 	add	r3, r3, #8
7e1d4388:	e1a00004 	mov	r0, r4
7e1d438c:	e0835005 	add	r5, r3, r5
7e1d4390:	e5456400 	strb	r6, [r5, #-1024]	; 0xfffffc00
7e1d4394:	fa000363 	blx	7e1d5128 <memset>
7e1d4398:	e5c46068 	strb	r6, [r4, #104]	; 0x68
7e1d439c:	e3e03000 	mvn	r3, #0
7e1d43a0:	e1a02004 	mov	r2, r4
7e1d43a4:	e28d0008 	add	r0, sp, #8
7e1d43a8:	e5843060 	str	r3, [r4, #96]	; 0x60
7e1d43ac:	e5843064 	str	r3, [r4, #100]	; 0x64
7e1d43b0:	e3a03020 	mov	r3, #32
7e1d43b4:	e59f1094 	ldr	r1, [pc, #148]	; 7e1d4450 <app_protocol_parse_rpc+0x144>
7e1d43b8:	ebffff0a 	bl	7e1d3fe8 <json_get_string.part.0>
7e1d43bc:	e1500006 	cmp	r0, r6
7e1d43c0:	1a000004 	bne	7e1d43d8 <app_protocol_parse_rpc+0xcc>
7e1d43c4:	e59f007c 	ldr	r0, [pc, #124]	; 7e1d4448 <app_protocol_parse_rpc+0x13c>
7e1d43c8:	e59f1084 	ldr	r1, [pc, #132]	; 7e1d4454 <app_protocol_parse_rpc+0x148>
7e1d43cc:	ebfff9ba 	bl	7e1d2abc <app_log_output>
7e1d43d0:	e3e00002 	mvn	r0, #2
7e1d43d4:	eaffffe0 	b	7e1d435c <app_protocol_parse_rpc+0x50>
7e1d43d8:	e3a03040 	mov	r3, #64	; 0x40
7e1d43dc:	e2842020 	add	r2, r4, #32
7e1d43e0:	e59f1070 	ldr	r1, [pc, #112]	; 7e1d4458 <app_protocol_parse_rpc+0x14c>
7e1d43e4:	e28d0008 	add	r0, sp, #8
7e1d43e8:	ebfffefe 	bl	7e1d3fe8 <json_get_string.part.0>
7e1d43ec:	e59f1068 	ldr	r1, [pc, #104]	; 7e1d445c <app_protocol_parse_rpc+0x150>
7e1d43f0:	e28d2004 	add	r2, sp, #4
7e1d43f4:	e28d0008 	add	r0, sp, #8
7e1d43f8:	ebffff44 	bl	7e1d4110 <json_get_int.part.1>
7e1d43fc:	e59f105c 	ldr	r1, [pc, #92]	; 7e1d4460 <app_protocol_parse_rpc+0x154>
7e1d4400:	e28d2004 	add	r2, sp, #4
7e1d4404:	e3500000 	cmp	r0, #0
7e1d4408:	e28d0008 	add	r0, sp, #8
7e1d440c:	159d3004 	ldrne	r3, [sp, #4]
7e1d4410:	15843060 	strne	r3, [r4, #96]	; 0x60
7e1d4414:	ebffff3d 	bl	7e1d4110 <json_get_int.part.1>
7e1d4418:	e59f1044 	ldr	r1, [pc, #68]	; 7e1d4464 <app_protocol_parse_rpc+0x158>
7e1d441c:	e2842068 	add	r2, r4, #104	; 0x68
7e1d4420:	e3500000 	cmp	r0, #0
7e1d4424:	e28d0008 	add	r0, sp, #8
7e1d4428:	159d3004 	ldrne	r3, [sp, #4]
7e1d442c:	15843064 	strne	r3, [r4, #100]	; 0x64
7e1d4430:	e3a03c01 	mov	r3, #256	; 0x100
7e1d4434:	ebfffeeb 	bl	7e1d3fe8 <json_get_string.part.0>
7e1d4438:	e3a00000 	mov	r0, #0
7e1d443c:	eaffffc6 	b	7e1d435c <app_protocol_parse_rpc+0x50>
7e1d4440:	e3e00000 	mvn	r0, #0
7e1d4444:	e12fff1e 	bx	lr
7e1d4448:	802d9bba 	.word	0x802d9bba
7e1d444c:	802da429 	.word	0x802da429
7e1d4450:	802da651 	.word	0x802da651
7e1d4454:	802da441 	.word	0x802da441
7e1d4458:	802da457 	.word	0x802da457
7e1d445c:	802da462 	.word	0x802da462
7e1d4460:	802da473 	.word	0x802da473
7e1d4464:	802da5b2 	.word	0x802da5b2

7e1d4468 <app_protocol_extract_request_id>:
7e1d4468:	e3500000 	cmp	r0, #0
7e1d446c:	0a000010 	beq	7e1d44b4 <app_protocol_extract_request_id+0x4c>
7e1d4470:	e92d4070 	push	{r4, r5, r6, lr}
7e1d4474:	e1a05001 	mov	r5, r1
7e1d4478:	e3a0102f 	mov	r1, #47	; 0x2f
7e1d447c:	e1a06002 	mov	r6, r2
7e1d4480:	fa000598 	blx	7e1d5ae8 <strrchr>
7e1d4484:	e3500000 	cmp	r0, #0
7e1d4488:	0a00000b 	beq	7e1d44bc <app_protocol_extract_request_id+0x54>
7e1d448c:	e2804001 	add	r4, r0, #1
7e1d4490:	e1a00004 	mov	r0, r4
7e1d4494:	fa000533 	blx	7e1d5968 <strlen>
7e1d4498:	e1500006 	cmp	r0, r6
7e1d449c:	2a000008 	bcs	7e1d44c4 <app_protocol_extract_request_id+0x5c>
7e1d44a0:	e1a01004 	mov	r1, r4
7e1d44a4:	e1a00005 	mov	r0, r5
7e1d44a8:	fa0004ff 	blx	7e1d58ac <strcpy>
7e1d44ac:	e3a00000 	mov	r0, #0
7e1d44b0:	e8bd8070 	pop	{r4, r5, r6, pc}
7e1d44b4:	e3e00000 	mvn	r0, #0
7e1d44b8:	e12fff1e 	bx	lr
7e1d44bc:	e3e00001 	mvn	r0, #1
7e1d44c0:	e8bd8070 	pop	{r4, r5, r6, pc}
7e1d44c4:	e3e00002 	mvn	r0, #2
7e1d44c8:	e8bd8070 	pop	{r4, r5, r6, pc}

7e1d44cc <ota_progress_cb>:
7e1d44cc:	e1a02001 	mov	r2, r1
7e1d44d0:	e2400001 	sub	r0, r0, #1
7e1d44d4:	e3500003 	cmp	r0, #3
7e1d44d8:	979ff100 	ldrls	pc, [pc, r0, lsl #2]
7e1d44dc:	ea00000e 	b	7e1d451c <ota_progress_cb+0x50>
7e1d44e0:	7e1d44f0 	.word	0x7e1d44f0
7e1d44e4:	7e1d44fc 	.word	0x7e1d44fc
7e1d44e8:	7e1d4504 	.word	0x7e1d4504
7e1d44ec:	7e1d4510 	.word	0x7e1d4510
7e1d44f0:	e59f1028 	ldr	r1, [pc, #40]	; 7e1d4520 <ota_progress_cb+0x54>
7e1d44f4:	e59f0028 	ldr	r0, [pc, #40]	; 7e1d4524 <ota_progress_cb+0x58>
7e1d44f8:	eafff96f 	b	7e1d2abc <app_log_output>
7e1d44fc:	e59f1024 	ldr	r1, [pc, #36]	; 7e1d4528 <ota_progress_cb+0x5c>
7e1d4500:	eafffffb 	b	7e1d44f4 <ota_progress_cb+0x28>
7e1d4504:	e59f1020 	ldr	r1, [pc, #32]	; 7e1d452c <ota_progress_cb+0x60>
7e1d4508:	e59f0014 	ldr	r0, [pc, #20]	; 7e1d4524 <ota_progress_cb+0x58>
7e1d450c:	eafff96a 	b	7e1d2abc <app_log_output>
7e1d4510:	e59f1018 	ldr	r1, [pc, #24]	; 7e1d4530 <ota_progress_cb+0x64>
7e1d4514:	e59f0018 	ldr	r0, [pc, #24]	; 7e1d4534 <ota_progress_cb+0x68>
7e1d4518:	eafffffb 	b	7e1d450c <ota_progress_cb+0x40>
7e1d451c:	e12fff1e 	bx	lr
7e1d4520:	802da66c 	.word	0x802da66c
7e1d4524:	802d9dc5 	.word	0x802d9dc5
7e1d4528:	802da681 	.word	0x802da681
7e1d452c:	802da692 	.word	0x802da692
7e1d4530:	802da6af 	.word	0x802da6af
7e1d4534:	802d9bba 	.word	0x802d9bba

7e1d4538 <app_command_set_imei>:
7e1d4538:	e2501000 	subs	r1, r0, #0
7e1d453c:	012fff1e 	bxeq	lr
7e1d4540:	e59f3018 	ldr	r3, [pc, #24]	; 7e1d4560 <app_command_set_imei+0x28>
7e1d4544:	e3a0200f 	mov	r2, #15
7e1d4548:	e92d4010 	push	{r4, lr}
7e1d454c:	e1a00003 	mov	r0, r3
7e1d4550:	fa000544 	blx	7e1d5a68 <strncpy>
7e1d4554:	e3a02000 	mov	r2, #0
7e1d4558:	e5c0200f 	strb	r2, [r0, #15]
7e1d455c:	e8bd8010 	pop	{r4, pc}
7e1d4560:	7e1dc118 	.word	0x7e1dc118

7e1d4564 <app_command_send_result>:
7e1d4564:	e16fcf11 	clz	ip, r1
7e1d4568:	e3500000 	cmp	r0, #0
7e1d456c:	e1a0c2ac 	lsr	ip, ip, #5
7e1d4570:	03a0c001 	moveq	ip, #1
7e1d4574:	e35c0000 	cmp	ip, #0
7e1d4578:	112fff1e 	bxne	lr
7e1d457c:	e92d4010 	push	{r4, lr}
7e1d4580:	e1a0e001 	mov	lr, r1
7e1d4584:	e24dd018 	sub	sp, sp, #24
7e1d4588:	e59f4054 	ldr	r4, [pc, #84]	; 7e1d45e4 <app_command_send_result+0x80>
7e1d458c:	e1a01000 	mov	r1, r0
7e1d4590:	e58dc014 	str	ip, [sp, #20]
7e1d4594:	e1a00003 	mov	r0, r3
7e1d4598:	e1a03002 	mov	r3, r2
7e1d459c:	e28d2014 	add	r2, sp, #20
7e1d45a0:	e88d0011 	stm	sp, {r0, r4}
7e1d45a4:	e58d200c 	str	r2, [sp, #12]
7e1d45a8:	e3a02c02 	mov	r2, #512	; 0x200
7e1d45ac:	e59f0034 	ldr	r0, [pc, #52]	; 7e1d45e8 <app_command_send_result+0x84>
7e1d45b0:	e58d2008 	str	r2, [sp, #8]
7e1d45b4:	e1a0200e 	mov	r2, lr
7e1d45b8:	ebfffefc 	bl	7e1d41b0 <app_protocol_build_command_result>
7e1d45bc:	e3500000 	cmp	r0, #0
7e1d45c0:	1a000005 	bne	7e1d45dc <app_command_send_result+0x78>
7e1d45c4:	ebfffe13 	bl	7e1d3e18 <app_mqtt_is_connected>
7e1d45c8:	e3500000 	cmp	r0, #0
7e1d45cc:	0a000002 	beq	7e1d45dc <app_command_send_result+0x78>
7e1d45d0:	e59d1014 	ldr	r1, [sp, #20]
7e1d45d4:	e1a00004 	mov	r0, r4
7e1d45d8:	ebfffe12 	bl	7e1d3e28 <app_mqtt_publish_telemetry>
7e1d45dc:	e28dd018 	add	sp, sp, #24
7e1d45e0:	e8bd8010 	pop	{r4, pc}
7e1d45e4:	7e1dd894 	.word	0x7e1dd894
7e1d45e8:	7e1dc118 	.word	0x7e1dc118

7e1d45ec <app_command_handle>:
7e1d45ec:	e3510000 	cmp	r1, #0
7e1d45f0:	13500000 	cmpne	r0, #0
7e1d45f4:	012fff1e 	bxeq	lr
7e1d45f8:	e92d4030 	push	{r4, r5, lr}
7e1d45fc:	e1a05000 	mov	r5, r0
7e1d4600:	e24ddf83 	sub	sp, sp, #524	; 0x20c
7e1d4604:	e1a00001 	mov	r0, r1
7e1d4608:	e1a01002 	mov	r1, r2
7e1d460c:	e28d20a0 	add	r2, sp, #160	; 0xa0
7e1d4610:	ebffff3d 	bl	7e1d430c <app_protocol_parse_rpc>
7e1d4614:	e3500000 	cmp	r0, #0
7e1d4618:	0a000004 	beq	7e1d4630 <app_command_handle+0x44>
7e1d461c:	e59f12a4 	ldr	r1, [pc, #676]	; 7e1d48c8 <app_command_handle+0x2dc>
7e1d4620:	e59f02a4 	ldr	r0, [pc, #676]	; 7e1d48cc <app_command_handle+0x2e0>
7e1d4624:	ebfff924 	bl	7e1d2abc <app_log_output>
7e1d4628:	e28ddf83 	add	sp, sp, #524	; 0x20c
7e1d462c:	e8bd8030 	pop	{r4, r5, pc}
7e1d4630:	e5dd30c0 	ldrb	r3, [sp, #192]	; 0xc0
7e1d4634:	e3530000 	cmp	r3, #0
7e1d4638:	128d40c0 	addne	r4, sp, #192	; 0xc0
7e1d463c:	e59f128c 	ldr	r1, [pc, #652]	; 7e1d48d0 <app_command_handle+0x2e4>
7e1d4640:	e28d20a0 	add	r2, sp, #160	; 0xa0
7e1d4644:	059f4288 	ldreq	r4, [pc, #648]	; 7e1d48d4 <app_command_handle+0x2e8>
7e1d4648:	e59f0288 	ldr	r0, [pc, #648]	; 7e1d48d8 <app_command_handle+0x2ec>
7e1d464c:	e1a03004 	mov	r3, r4
7e1d4650:	ebfff919 	bl	7e1d2abc <app_log_output>
7e1d4654:	e3a02020 	mov	r2, #32
7e1d4658:	e3a01000 	mov	r1, #0
7e1d465c:	e1a0000d 	mov	r0, sp
7e1d4660:	fa0002b0 	blx	7e1d5128 <memset>
7e1d4664:	e1a00005 	mov	r0, r5
7e1d4668:	e3a02020 	mov	r2, #32
7e1d466c:	e1a0100d 	mov	r1, sp
7e1d4670:	ebffff7c 	bl	7e1d4468 <app_protocol_extract_request_id>
7e1d4674:	e2505000 	subs	r5, r0, #0
7e1d4678:	1a000008 	bne	7e1d46a0 <app_command_handle+0xb4>
7e1d467c:	e59f2258 	ldr	r2, [pc, #600]	; 7e1d48dc <app_command_handle+0x2f0>
7e1d4680:	e3a01080 	mov	r1, #128	; 0x80
7e1d4684:	e1a03004 	mov	r3, r4
7e1d4688:	e28d0020 	add	r0, sp, #32
7e1d468c:	fa0003ba 	blx	7e1d557c <snprintf>
7e1d4690:	e1a02005 	mov	r2, r5
7e1d4694:	e1a0000d 	mov	r0, sp
7e1d4698:	e28d1020 	add	r1, sp, #32
7e1d469c:	ebfffe09 	bl	7e1d3ec8 <app_mqtt_publish_rpc_response>
7e1d46a0:	e59f1238 	ldr	r1, [pc, #568]	; 7e1d48e0 <app_command_handle+0x2f4>
7e1d46a4:	e28d00a0 	add	r0, sp, #160	; 0xa0
7e1d46a8:	fa000410 	blx	7e1d56f0 <strcmp>
7e1d46ac:	e3500000 	cmp	r0, #0
7e1d46b0:	1a00000f 	bne	7e1d46f4 <app_command_handle+0x108>
7e1d46b4:	ebfffcaf 	bl	7e1d3978 <app_mode_get>
7e1d46b8:	e3500004 	cmp	r0, #4
7e1d46bc:	13a00001 	movne	r0, #1
7e1d46c0:	1a000009 	bne	7e1d46ec <app_command_handle+0x100>
7e1d46c4:	e59f1218 	ldr	r1, [pc, #536]	; 7e1d48e4 <app_command_handle+0x2f8>
7e1d46c8:	e59f0208 	ldr	r0, [pc, #520]	; 7e1d48d8 <app_command_handle+0x2ec>
7e1d46cc:	ebfff8fa 	bl	7e1d2abc <app_log_output>
7e1d46d0:	ebfff8ef 	bl	7e1d2a94 <app_main_trigger_one_shot_location>
7e1d46d4:	e59f120c 	ldr	r1, [pc, #524]	; 7e1d48e8 <app_command_handle+0x2fc>
7e1d46d8:	e3a03000 	mov	r3, #0
7e1d46dc:	e1a02003 	mov	r2, r3
7e1d46e0:	e1a00004 	mov	r0, r4
7e1d46e4:	ebffff9e 	bl	7e1d4564 <app_command_send_result>
7e1d46e8:	eaffffce 	b	7e1d4628 <app_command_handle+0x3c>
7e1d46ec:	ebfffca9 	bl	7e1d3998 <app_mode_set>
7e1d46f0:	eafffff7 	b	7e1d46d4 <app_command_handle+0xe8>
7e1d46f4:	e59f11f0 	ldr	r1, [pc, #496]	; 7e1d48ec <app_command_handle+0x300>
7e1d46f8:	e28d00a0 	add	r0, sp, #160	; 0xa0
7e1d46fc:	fa0003fb 	blx	7e1d56f0 <strcmp>
7e1d4700:	e2505000 	subs	r5, r0, #0
7e1d4704:	03a00002 	moveq	r0, #2
7e1d4708:	0afffff7 	beq	7e1d46ec <app_command_handle+0x100>
7e1d470c:	e59f11dc 	ldr	r1, [pc, #476]	; 7e1d48f0 <app_command_handle+0x304>
7e1d4710:	e28d00a0 	add	r0, sp, #160	; 0xa0
7e1d4714:	fa0003f5 	blx	7e1d56f0 <strcmp>
7e1d4718:	e3500000 	cmp	r0, #0
7e1d471c:	1a000008 	bne	7e1d4744 <app_command_handle+0x158>
7e1d4720:	e59d0100 	ldr	r0, [sp, #256]	; 0x100
7e1d4724:	e3500000 	cmp	r0, #0
7e1d4728:	ba000002 	blt	7e1d4738 <app_command_handle+0x14c>
7e1d472c:	1a000002 	bne	7e1d473c <app_command_handle+0x150>
7e1d4730:	eb001e6a 	bl	7e1dc0e0 <__bsp_buzzer_stop_veneer>
7e1d4734:	eaffffe6 	b	7e1d46d4 <app_command_handle+0xe8>
7e1d4738:	e3a00078 	mov	r0, #120	; 0x78
7e1d473c:	eb001e61 	bl	7e1dc0c8 <__bsp_buzzer_beep_async_veneer>
7e1d4740:	eaffffe3 	b	7e1d46d4 <app_command_handle+0xe8>
7e1d4744:	e59f11a8 	ldr	r1, [pc, #424]	; 7e1d48f4 <app_command_handle+0x308>
7e1d4748:	e28d00a0 	add	r0, sp, #160	; 0xa0
7e1d474c:	fa0003e7 	blx	7e1d56f0 <strcmp>
7e1d4750:	e2505000 	subs	r5, r0, #0
7e1d4754:	0afffff5 	beq	7e1d4730 <app_command_handle+0x144>
7e1d4758:	e59f1198 	ldr	r1, [pc, #408]	; 7e1d48f8 <app_command_handle+0x30c>
7e1d475c:	e28d00a0 	add	r0, sp, #160	; 0xa0
7e1d4760:	fa0003e2 	blx	7e1d56f0 <strcmp>
7e1d4764:	e3500000 	cmp	r0, #0
7e1d4768:	1a000009 	bne	7e1d4794 <app_command_handle+0x1a8>
7e1d476c:	e59d1100 	ldr	r1, [sp, #256]	; 0x100
7e1d4770:	e3510000 	cmp	r1, #0
7e1d4774:	ba000002 	blt	7e1d4784 <app_command_handle+0x198>
7e1d4778:	1a000002 	bne	7e1d4788 <app_command_handle+0x19c>
7e1d477c:	eb001e4d 	bl	7e1dc0b8 <__bsp_rgb_stop_pattern_veneer>
7e1d4780:	eaffffd3 	b	7e1d46d4 <app_command_handle+0xe8>
7e1d4784:	e3a01f4b 	mov	r1, #300	; 0x12c
7e1d4788:	e3a00004 	mov	r0, #4
7e1d478c:	eb001e35 	bl	7e1dc068 <__bsp_rgb_set_pattern_veneer>
7e1d4790:	eaffffcf 	b	7e1d46d4 <app_command_handle+0xe8>
7e1d4794:	e59f1160 	ldr	r1, [pc, #352]	; 7e1d48fc <app_command_handle+0x310>
7e1d4798:	e28d00a0 	add	r0, sp, #160	; 0xa0
7e1d479c:	fa0003d3 	blx	7e1d56f0 <strcmp>
7e1d47a0:	e2505000 	subs	r5, r0, #0
7e1d47a4:	0afffff4 	beq	7e1d477c <app_command_handle+0x190>
7e1d47a8:	e59f1150 	ldr	r1, [pc, #336]	; 7e1d4900 <app_command_handle+0x314>
7e1d47ac:	e28d00a0 	add	r0, sp, #160	; 0xa0
7e1d47b0:	fa0003ce 	blx	7e1d56f0 <strcmp>
7e1d47b4:	e2505000 	subs	r5, r0, #0
7e1d47b8:	1a000006 	bne	7e1d47d8 <app_command_handle+0x1ec>
7e1d47bc:	e59d2104 	ldr	r2, [sp, #260]	; 0x104
7e1d47c0:	e59f113c 	ldr	r1, [pc, #316]	; 7e1d4904 <app_command_handle+0x318>
7e1d47c4:	e3520000 	cmp	r2, #0
7e1d47c8:	b3a02078 	movlt	r2, #120	; 0x78
7e1d47cc:	e59f0104 	ldr	r0, [pc, #260]	; 7e1d48d8 <app_command_handle+0x2ec>
7e1d47d0:	ebfff8b9 	bl	7e1d2abc <app_log_output>
7e1d47d4:	eaffffbe 	b	7e1d46d4 <app_command_handle+0xe8>
7e1d47d8:	e59f1128 	ldr	r1, [pc, #296]	; 7e1d4908 <app_command_handle+0x31c>
7e1d47dc:	e28d00a0 	add	r0, sp, #160	; 0xa0
7e1d47e0:	fa0003c2 	blx	7e1d56f0 <strcmp>
7e1d47e4:	e2503000 	subs	r3, r0, #0
7e1d47e8:	1a000009 	bne	7e1d4814 <app_command_handle+0x228>
7e1d47ec:	e1a02003 	mov	r2, r3
7e1d47f0:	e1a00004 	mov	r0, r4
7e1d47f4:	e59f10ec 	ldr	r1, [pc, #236]	; 7e1d48e8 <app_command_handle+0x2fc>
7e1d47f8:	ebffff59 	bl	7e1d4564 <app_command_send_result>
7e1d47fc:	eb001e37 	bl	7e1dc0e0 <__bsp_buzzer_stop_veneer>
7e1d4800:	eb001e2c 	bl	7e1dc0b8 <__bsp_rgb_stop_pattern_veneer>
7e1d4804:	e3a00064 	mov	r0, #100	; 0x64
7e1d4808:	ebfff60e 	bl	7e1d2048 <osDelay>
7e1d480c:	ebfff8a5 	bl	7e1d2aa8 <app_main_request_shutdown>
7e1d4810:	eaffff84 	b	7e1d4628 <app_command_handle+0x3c>
7e1d4814:	e59f10f0 	ldr	r1, [pc, #240]	; 7e1d490c <app_command_handle+0x320>
7e1d4818:	e28d00a0 	add	r0, sp, #160	; 0xa0
7e1d481c:	fa0003b3 	blx	7e1d56f0 <strcmp>
7e1d4820:	e3500000 	cmp	r0, #0
7e1d4824:	1a000020 	bne	7e1d48ac <app_command_handle+0x2c0>
7e1d4828:	e5dd3108 	ldrb	r3, [sp, #264]	; 0x108
7e1d482c:	e3530000 	cmp	r3, #0
7e1d4830:	1a000006 	bne	7e1d4850 <app_command_handle+0x264>
7e1d4834:	e59f10d4 	ldr	r1, [pc, #212]	; 7e1d4910 <app_command_handle+0x324>
7e1d4838:	e59f008c 	ldr	r0, [pc, #140]	; 7e1d48cc <app_command_handle+0x2e0>
7e1d483c:	ebfff89e 	bl	7e1d2abc <app_log_output>
7e1d4840:	e59f30cc 	ldr	r3, [pc, #204]	; 7e1d4914 <app_command_handle+0x328>
7e1d4844:	e59f20cc 	ldr	r2, [pc, #204]	; 7e1d4918 <app_command_handle+0x32c>
7e1d4848:	e59f10cc 	ldr	r1, [pc, #204]	; 7e1d491c <app_command_handle+0x330>
7e1d484c:	eaffffa3 	b	7e1d46e0 <app_command_handle+0xf4>
7e1d4850:	eb001df6 	bl	7e1dc030 <__app_ota_is_running_veneer>
7e1d4854:	e3500000 	cmp	r0, #0
7e1d4858:	0a000005 	beq	7e1d4874 <app_command_handle+0x288>
7e1d485c:	e59f10bc 	ldr	r1, [pc, #188]	; 7e1d4920 <app_command_handle+0x334>
7e1d4860:	e59f00bc 	ldr	r0, [pc, #188]	; 7e1d4924 <app_command_handle+0x338>
7e1d4864:	ebfff894 	bl	7e1d2abc <app_log_output>
7e1d4868:	e59f30b0 	ldr	r3, [pc, #176]	; 7e1d4920 <app_command_handle+0x334>
7e1d486c:	e59f20b4 	ldr	r2, [pc, #180]	; 7e1d4928 <app_command_handle+0x33c>
7e1d4870:	eafffff4 	b	7e1d4848 <app_command_handle+0x25c>
7e1d4874:	e59f10b0 	ldr	r1, [pc, #176]	; 7e1d492c <app_command_handle+0x340>
7e1d4878:	e28d0f42 	add	r0, sp, #264	; 0x108
7e1d487c:	eb001e07 	bl	7e1dc0a0 <__app_ota_start_veneer>
7e1d4880:	e2505000 	subs	r5, r0, #0
7e1d4884:	059f10a4 	ldreq	r1, [pc, #164]	; 7e1d4930 <app_command_handle+0x344>
7e1d4888:	028d2f42 	addeq	r2, sp, #264	; 0x108
7e1d488c:	0affffce 	beq	7e1d47cc <app_command_handle+0x1e0>
7e1d4890:	e59f109c 	ldr	r1, [pc, #156]	; 7e1d4934 <app_command_handle+0x348>
7e1d4894:	e1a02005 	mov	r2, r5
7e1d4898:	e59f002c 	ldr	r0, [pc, #44]	; 7e1d48cc <app_command_handle+0x2e0>
7e1d489c:	ebfff886 	bl	7e1d2abc <app_log_output>
7e1d48a0:	e59f3090 	ldr	r3, [pc, #144]	; 7e1d4938 <app_command_handle+0x34c>
7e1d48a4:	e59f2090 	ldr	r2, [pc, #144]	; 7e1d493c <app_command_handle+0x350>
7e1d48a8:	eaffffe6 	b	7e1d4848 <app_command_handle+0x25c>
7e1d48ac:	e59f108c 	ldr	r1, [pc, #140]	; 7e1d4940 <app_command_handle+0x354>
7e1d48b0:	e28d20a0 	add	r2, sp, #160	; 0xa0
7e1d48b4:	e59f0068 	ldr	r0, [pc, #104]	; 7e1d4924 <app_command_handle+0x338>
7e1d48b8:	ebfff87f 	bl	7e1d2abc <app_log_output>
7e1d48bc:	e59f3080 	ldr	r3, [pc, #128]	; 7e1d4944 <app_command_handle+0x358>
7e1d48c0:	e59f2080 	ldr	r2, [pc, #128]	; 7e1d4948 <app_command_handle+0x35c>
7e1d48c4:	eaffffdf 	b	7e1d4848 <app_command_handle+0x25c>
7e1d48c8:	802da491 	.word	0x802da491
7e1d48cc:	802d9bba 	.word	0x802d9bba
7e1d48d0:	802da4a0 	.word	0x802da4a0
7e1d48d4:	802da489 	.word	0x802da489
7e1d48d8:	802d9dc5 	.word	0x802d9dc5
7e1d48dc:	802da4b8 	.word	0x802da4b8
7e1d48e0:	802da4db 	.word	0x802da4db
7e1d48e4:	802da4f9 	.word	0x802da4f9
7e1d48e8:	802da516 	.word	0x802da516
7e1d48ec:	802da523 	.word	0x802da523
7e1d48f0:	802da540 	.word	0x802da540
7e1d48f4:	802da546 	.word	0x802da546
7e1d48f8:	802da551 	.word	0x802da551
7e1d48fc:	802da557 	.word	0x802da557
7e1d4900:	802da562 	.word	0x802da562
7e1d4904:	802da575 	.word	0x802da575
7e1d4908:	802da595 	.word	0x802da595
7e1d490c:	802da59e 	.word	0x802da59e
7e1d4910:	802da5a2 	.word	0x802da5a2
7e1d4914:	802da5b6 	.word	0x802da5b6
7e1d4918:	802da5c6 	.word	0x802da5c6
7e1d491c:	802da5d4 	.word	0x802da5d4
7e1d4920:	802da5db 	.word	0x802da5db
7e1d4924:	802d9def 	.word	0x802d9def
7e1d4928:	802da5ef 	.word	0x802da5ef
7e1d492c:	7e1d44cc 	.word	0x7e1d44cc
7e1d4930:	802da5f4 	.word	0x802da5f4
7e1d4934:	802da604 	.word	0x802da604
7e1d4938:	802da616 	.word	0x802da616
7e1d493c:	802da62b 	.word	0x802da62b
7e1d4940:	802da636 	.word	0x802da636
7e1d4944:	802da649 	.word	0x802da649
7e1d4948:	802da658 	.word	0x802da658

7e1d494c <nan>:
7e1d494c:	2000      	movs	r0, #0
7e1d494e:	2100      	movs	r1, #0
7e1d4950:	f6c7 71f8 	movt	r1, #32760	; 0x7ff8
7e1d4954:	4770      	bx	lr
7e1d4956:	bf00      	nop

7e1d4958 <atof>:
7e1d4958:	2100      	movs	r1, #0
7e1d495a:	f002 bb03 	b.w	7e1d6f64 <strtod>
7e1d495e:	bf00      	nop

7e1d4960 <atoi>:
7e1d4960:	220a      	movs	r2, #10
7e1d4962:	2100      	movs	r1, #0
7e1d4964:	f002 bba2 	b.w	7e1d70ac <strtol>

7e1d4968 <_malloc_r>:
7e1d4968:	e92d 4ff0 	stmdb	sp!, {r4, r5, r6, r7, r8, r9, sl, fp, lr}
7e1d496c:	f101 050b 	add.w	r5, r1, #11
7e1d4970:	2d16      	cmp	r5, #22
7e1d4972:	b083      	sub	sp, #12
7e1d4974:	4606      	mov	r6, r0
7e1d4976:	d82c      	bhi.n	7e1d49d2 <_malloc_r+0x6a>
7e1d4978:	2910      	cmp	r1, #16
7e1d497a:	d823      	bhi.n	7e1d49c4 <_malloc_r+0x5c>
7e1d497c:	f000 fc24 	bl	7e1d51c8 <__malloc_lock>
7e1d4980:	2510      	movs	r5, #16
7e1d4982:	2318      	movs	r3, #24
7e1d4984:	2002      	movs	r0, #2
7e1d4986:	f24c 5758 	movw	r7, #50520	; 0xc558
7e1d498a:	f6c7 671d 	movt	r7, #32285	; 0x7e1d
7e1d498e:	443b      	add	r3, r7
7e1d4990:	f1a3 0108 	sub.w	r1, r3, #8
7e1d4994:	685a      	ldr	r2, [r3, #4]
7e1d4996:	428a      	cmp	r2, r1
7e1d4998:	d04f      	beq.n	7e1d4a3a <_malloc_r+0xd2>
7e1d499a:	6853      	ldr	r3, [r2, #4]
7e1d499c:	f102 0408 	add.w	r4, r2, #8
7e1d49a0:	68d1      	ldr	r1, [r2, #12]
7e1d49a2:	4630      	mov	r0, r6
7e1d49a4:	f023 0303 	bic.w	r3, r3, #3
7e1d49a8:	6895      	ldr	r5, [r2, #8]
7e1d49aa:	441a      	add	r2, r3
7e1d49ac:	6853      	ldr	r3, [r2, #4]
7e1d49ae:	60e9      	str	r1, [r5, #12]
7e1d49b0:	f043 0301 	orr.w	r3, r3, #1
7e1d49b4:	608d      	str	r5, [r1, #8]
7e1d49b6:	6053      	str	r3, [r2, #4]
7e1d49b8:	f000 fc0c 	bl	7e1d51d4 <__malloc_unlock>
7e1d49bc:	4620      	mov	r0, r4
7e1d49be:	b003      	add	sp, #12
7e1d49c0:	e8bd 8ff0 	ldmia.w	sp!, {r4, r5, r6, r7, r8, r9, sl, fp, pc}
7e1d49c4:	2400      	movs	r4, #0
7e1d49c6:	230c      	movs	r3, #12
7e1d49c8:	4620      	mov	r0, r4
7e1d49ca:	6033      	str	r3, [r6, #0]
7e1d49cc:	b003      	add	sp, #12
7e1d49ce:	e8bd 8ff0 	ldmia.w	sp!, {r4, r5, r6, r7, r8, r9, sl, fp, pc}
7e1d49d2:	f025 0507 	bic.w	r5, r5, #7
7e1d49d6:	42a9      	cmp	r1, r5
7e1d49d8:	bf94      	ite	ls
7e1d49da:	2100      	movls	r1, #0
7e1d49dc:	2101      	movhi	r1, #1
7e1d49de:	ea51 73d5 	orrs.w	r3, r1, r5, lsr #31
7e1d49e2:	d1ef      	bne.n	7e1d49c4 <_malloc_r+0x5c>
7e1d49e4:	f000 fbf0 	bl	7e1d51c8 <__malloc_lock>
7e1d49e8:	f5b5 7ffc 	cmp.w	r5, #504	; 0x1f8
7e1d49ec:	f0c0 81c8 	bcc.w	7e1d4d80 <_malloc_r+0x418>
7e1d49f0:	0a6b      	lsrs	r3, r5, #9
7e1d49f2:	f000 8114 	beq.w	7e1d4c1e <_malloc_r+0x2b6>
7e1d49f6:	2b04      	cmp	r3, #4
7e1d49f8:	f200 819e 	bhi.w	7e1d4d38 <_malloc_r+0x3d0>
7e1d49fc:	09ab      	lsrs	r3, r5, #6
7e1d49fe:	f103 0039 	add.w	r0, r3, #57	; 0x39
7e1d4a02:	f103 0c38 	add.w	ip, r3, #56	; 0x38
7e1d4a06:	00c3      	lsls	r3, r0, #3
7e1d4a08:	f24c 5758 	movw	r7, #50520	; 0xc558
7e1d4a0c:	f6c7 671d 	movt	r7, #32285	; 0x7e1d
7e1d4a10:	443b      	add	r3, r7
7e1d4a12:	f1a3 0408 	sub.w	r4, r3, #8
7e1d4a16:	685b      	ldr	r3, [r3, #4]
7e1d4a18:	429c      	cmp	r4, r3
7e1d4a1a:	d106      	bne.n	7e1d4a2a <_malloc_r+0xc2>
7e1d4a1c:	e012      	b.n	7e1d4a44 <_malloc_r+0xdc>
7e1d4a1e:	2900      	cmp	r1, #0
7e1d4a20:	f280 8158 	bge.w	7e1d4cd4 <_malloc_r+0x36c>
7e1d4a24:	68db      	ldr	r3, [r3, #12]
7e1d4a26:	429c      	cmp	r4, r3
7e1d4a28:	d00c      	beq.n	7e1d4a44 <_malloc_r+0xdc>
7e1d4a2a:	685a      	ldr	r2, [r3, #4]
7e1d4a2c:	f022 0203 	bic.w	r2, r2, #3
7e1d4a30:	1b51      	subs	r1, r2, r5
7e1d4a32:	290f      	cmp	r1, #15
7e1d4a34:	ddf3      	ble.n	7e1d4a1e <_malloc_r+0xb6>
7e1d4a36:	4660      	mov	r0, ip
7e1d4a38:	e004      	b.n	7e1d4a44 <_malloc_r+0xdc>
7e1d4a3a:	68da      	ldr	r2, [r3, #12]
7e1d4a3c:	4293      	cmp	r3, r2
7e1d4a3e:	bf08      	it	eq
7e1d4a40:	3002      	addeq	r0, #2
7e1d4a42:	d1aa      	bne.n	7e1d499a <_malloc_r+0x32>
7e1d4a44:	693a      	ldr	r2, [r7, #16]
7e1d4a46:	f8df e4c0 	ldr.w	lr, [pc, #1216]	; 7e1d4f08 <_malloc_r+0x5a0>
7e1d4a4a:	4572      	cmp	r2, lr
7e1d4a4c:	bf08      	it	eq
7e1d4a4e:	6879      	ldreq	r1, [r7, #4]
7e1d4a50:	d029      	beq.n	7e1d4aa6 <_malloc_r+0x13e>
7e1d4a52:	6853      	ldr	r3, [r2, #4]
7e1d4a54:	f023 0c03 	bic.w	ip, r3, #3
7e1d4a58:	ebac 0305 	sub.w	r3, ip, r5
7e1d4a5c:	2b0f      	cmp	r3, #15
7e1d4a5e:	f300 8193 	bgt.w	7e1d4d88 <_malloc_r+0x420>
7e1d4a62:	2b00      	cmp	r3, #0
7e1d4a64:	e9c7 ee04 	strd	lr, lr, [r7, #16]
7e1d4a68:	f280 8117 	bge.w	7e1d4c9a <_malloc_r+0x332>
7e1d4a6c:	f5bc 7f00 	cmp.w	ip, #512	; 0x200
7e1d4a70:	f080 8142 	bcs.w	7e1d4cf8 <_malloc_r+0x390>
7e1d4a74:	ea4f 0cdc 	mov.w	ip, ip, lsr #3
7e1d4a78:	2101      	movs	r1, #1
7e1d4a7a:	eb0c 0401 	add.w	r4, ip, r1
7e1d4a7e:	687b      	ldr	r3, [r7, #4]
7e1d4a80:	ea4f 0cac 	mov.w	ip, ip, asr #2
7e1d4a84:	f857 9034 	ldr.w	r9, [r7, r4, lsl #3]
7e1d4a88:	fa01 fc0c 	lsl.w	ip, r1, ip
7e1d4a8c:	eb07 08c4 	add.w	r8, r7, r4, lsl #3
7e1d4a90:	ea4c 0103 	orr.w	r1, ip, r3
7e1d4a94:	f1a8 0308 	sub.w	r3, r8, #8
7e1d4a98:	6079      	str	r1, [r7, #4]
7e1d4a9a:	e9c2 9302 	strd	r9, r3, [r2, #8]
7e1d4a9e:	f847 2034 	str.w	r2, [r7, r4, lsl #3]
7e1d4aa2:	f8c9 200c 	str.w	r2, [r9, #12]
7e1d4aa6:	1083      	asrs	r3, r0, #2
7e1d4aa8:	2401      	movs	r4, #1
7e1d4aaa:	409c      	lsls	r4, r3
7e1d4aac:	428c      	cmp	r4, r1
7e1d4aae:	f240 80bc 	bls.w	7e1d4c2a <_malloc_r+0x2c2>
7e1d4ab2:	68bc      	ldr	r4, [r7, #8]
7e1d4ab4:	6863      	ldr	r3, [r4, #4]
7e1d4ab6:	f023 0903 	bic.w	r9, r3, #3
7e1d4aba:	45a9      	cmp	r9, r5
7e1d4abc:	eba9 0305 	sub.w	r3, r9, r5
7e1d4ac0:	bf2c      	ite	cs
7e1d4ac2:	2200      	movcs	r2, #0
7e1d4ac4:	2201      	movcc	r2, #1
7e1d4ac6:	2b0f      	cmp	r3, #15
7e1d4ac8:	bfd8      	it	le
7e1d4aca:	f042 0201 	orrle.w	r2, r2, #1
7e1d4ace:	2a00      	cmp	r2, #0
7e1d4ad0:	f000 80f0 	beq.w	7e1d4cb4 <_malloc_r+0x34c>
7e1d4ad4:	f242 63ec 	movw	r3, #9964	; 0x26ec
7e1d4ad8:	f64c 1b60 	movw	fp, #51552	; 0xc960
7e1d4adc:	f6c7 631e 	movt	r3, #32286	; 0x7e1e
7e1d4ae0:	f6c7 6b1d 	movt	fp, #32285	; 0x7e1d
7e1d4ae4:	4630      	mov	r0, r6
7e1d4ae6:	eb04 0209 	add.w	r2, r4, r9
7e1d4aea:	681b      	ldr	r3, [r3, #0]
7e1d4aec:	f8db 1000 	ldr.w	r1, [fp]
7e1d4af0:	eb05 0803 	add.w	r8, r5, r3
7e1d4af4:	9200      	str	r2, [sp, #0]
7e1d4af6:	3101      	adds	r1, #1
7e1d4af8:	bf17      	itett	ne
7e1d4afa:	f508 5880 	addne.w	r8, r8, #4096	; 0x1000
7e1d4afe:	f108 0810 	addeq.w	r8, r8, #16
7e1d4b02:	f108 080f 	addne.w	r8, r8, #15
7e1d4b06:	f428 687f 	bicne.w	r8, r8, #4080	; 0xff0
7e1d4b0a:	bf18      	it	ne
7e1d4b0c:	f028 080f 	bicne.w	r8, r8, #15
7e1d4b10:	4641      	mov	r1, r8
7e1d4b12:	f000 fd1f 	bl	7e1d5554 <_sbrk_r>
7e1d4b16:	9a00      	ldr	r2, [sp, #0]
7e1d4b18:	f1b0 3fff 	cmp.w	r0, #4294967295
7e1d4b1c:	4682      	mov	sl, r0
7e1d4b1e:	f000 8199 	beq.w	7e1d4e54 <_malloc_r+0x4ec>
7e1d4b22:	42bc      	cmp	r4, r7
7e1d4b24:	bf18      	it	ne
7e1d4b26:	4282      	cmpne	r2, r0
7e1d4b28:	f200 8194 	bhi.w	7e1d4e54 <_malloc_r+0x4ec>
7e1d4b2c:	f242 63bc 	movw	r3, #9916	; 0x26bc
7e1d4b30:	f6c7 631e 	movt	r3, #32286	; 0x7e1e
7e1d4b34:	4282      	cmp	r2, r0
7e1d4b36:	6819      	ldr	r1, [r3, #0]
7e1d4b38:	4441      	add	r1, r8
7e1d4b3a:	6019      	str	r1, [r3, #0]
7e1d4b3c:	f000 817f 	beq.w	7e1d4e3e <_malloc_r+0x4d6>
7e1d4b40:	f8db 0000 	ldr.w	r0, [fp]
7e1d4b44:	9301      	str	r3, [sp, #4]
7e1d4b46:	3001      	adds	r0, #1
7e1d4b48:	bf0f      	iteee	eq
7e1d4b4a:	f8cb a000 	streq.w	sl, [fp]
7e1d4b4e:	ebaa 0202 	subne.w	r2, sl, r2
7e1d4b52:	1889      	addne	r1, r1, r2
7e1d4b54:	6019      	strne	r1, [r3, #0]
7e1d4b56:	f01a 0207 	ands.w	r2, sl, #7
7e1d4b5a:	f040 8135 	bne.w	7e1d4dc8 <_malloc_r+0x460>
7e1d4b5e:	eb0a 0108 	add.w	r1, sl, r8
7e1d4b62:	4630      	mov	r0, r6
7e1d4b64:	4249      	negs	r1, r1
7e1d4b66:	9200      	str	r2, [sp, #0]
7e1d4b68:	f3c1 0b0b 	ubfx	fp, r1, #0, #12
7e1d4b6c:	4659      	mov	r1, fp
7e1d4b6e:	f000 fcf1 	bl	7e1d5554 <_sbrk_r>
7e1d4b72:	1c43      	adds	r3, r0, #1
7e1d4b74:	e9dd 2300 	ldrd	r2, r3, [sp]
7e1d4b78:	bf08      	it	eq
7e1d4b7a:	4693      	moveq	fp, r2
7e1d4b7c:	d003      	beq.n	7e1d4b86 <_malloc_r+0x21e>
7e1d4b7e:	eba0 000a 	sub.w	r0, r0, sl
7e1d4b82:	eb00 080b 	add.w	r8, r0, fp
7e1d4b86:	6819      	ldr	r1, [r3, #0]
7e1d4b88:	42bc      	cmp	r4, r7
7e1d4b8a:	f048 0201 	orr.w	r2, r8, #1
7e1d4b8e:	f8c7 a008 	str.w	sl, [r7, #8]
7e1d4b92:	4459      	add	r1, fp
7e1d4b94:	f8ca 2004 	str.w	r2, [sl, #4]
7e1d4b98:	6019      	str	r1, [r3, #0]
7e1d4b9a:	f000 817c 	beq.w	7e1d4e96 <_malloc_r+0x52e>
7e1d4b9e:	f1b9 0f0f 	cmp.w	r9, #15
7e1d4ba2:	bf9c      	itt	ls
7e1d4ba4:	2301      	movls	r3, #1
7e1d4ba6:	f8ca 3004 	strls.w	r3, [sl, #4]
7e1d4baa:	d933      	bls.n	7e1d4c14 <_malloc_r+0x2ac>
7e1d4bac:	f1a9 000c 	sub.w	r0, r9, #12
7e1d4bb0:	6862      	ldr	r2, [r4, #4]
7e1d4bb2:	f020 0007 	bic.w	r0, r0, #7
7e1d4bb6:	f04f 0e05 	mov.w	lr, #5
7e1d4bba:	eb04 0c00 	add.w	ip, r4, r0
7e1d4bbe:	280f      	cmp	r0, #15
7e1d4bc0:	f002 0201 	and.w	r2, r2, #1
7e1d4bc4:	ea42 0200 	orr.w	r2, r2, r0
7e1d4bc8:	6062      	str	r2, [r4, #4]
7e1d4bca:	e9cc ee01 	strd	lr, lr, [ip, #4]
7e1d4bce:	f200 8179 	bhi.w	7e1d4ec4 <_malloc_r+0x55c>
7e1d4bd2:	f8da 2004 	ldr.w	r2, [sl, #4]
7e1d4bd6:	4654      	mov	r4, sl
7e1d4bd8:	f242 63e4 	movw	r3, #9956	; 0x26e4
7e1d4bdc:	f6c7 631e 	movt	r3, #32286	; 0x7e1e
7e1d4be0:	6818      	ldr	r0, [r3, #0]
7e1d4be2:	4288      	cmp	r0, r1
7e1d4be4:	bf38      	it	cc
7e1d4be6:	6019      	strcc	r1, [r3, #0]
7e1d4be8:	f242 63e8 	movw	r3, #9960	; 0x26e8
7e1d4bec:	f6c7 631e 	movt	r3, #32286	; 0x7e1e
7e1d4bf0:	6818      	ldr	r0, [r3, #0]
7e1d4bf2:	4288      	cmp	r0, r1
7e1d4bf4:	bf38      	it	cc
7e1d4bf6:	6019      	strcc	r1, [r3, #0]
7e1d4bf8:	f022 0803 	bic.w	r8, r2, #3
7e1d4bfc:	eba8 0305 	sub.w	r3, r8, r5
7e1d4c00:	2b0f      	cmp	r3, #15
7e1d4c02:	bfcc      	ite	gt
7e1d4c04:	2200      	movgt	r2, #0
7e1d4c06:	2201      	movle	r2, #1
7e1d4c08:	45a8      	cmp	r8, r5
7e1d4c0a:	bf38      	it	cc
7e1d4c0c:	f042 0201 	orrcc.w	r2, r2, #1
7e1d4c10:	2a00      	cmp	r2, #0
7e1d4c12:	d04f      	beq.n	7e1d4cb4 <_malloc_r+0x34c>
7e1d4c14:	4630      	mov	r0, r6
7e1d4c16:	2400      	movs	r4, #0
7e1d4c18:	f000 fadc 	bl	7e1d51d4 <__malloc_unlock>
7e1d4c1c:	e6ce      	b.n	7e1d49bc <_malloc_r+0x54>
7e1d4c1e:	f44f 7300 	mov.w	r3, #512	; 0x200
7e1d4c22:	2040      	movs	r0, #64	; 0x40
7e1d4c24:	f04f 0c3f 	mov.w	ip, #63	; 0x3f
7e1d4c28:	e6ee      	b.n	7e1d4a08 <_malloc_r+0xa0>
7e1d4c2a:	420c      	tst	r4, r1
7e1d4c2c:	d105      	bne.n	7e1d4c3a <_malloc_r+0x2d2>
7e1d4c2e:	f020 0003 	bic.w	r0, r0, #3
7e1d4c32:	0064      	lsls	r4, r4, #1
7e1d4c34:	3004      	adds	r0, #4
7e1d4c36:	420c      	tst	r4, r1
7e1d4c38:	d0fb      	beq.n	7e1d4c32 <_malloc_r+0x2ca>
7e1d4c3a:	eb07 09c0 	add.w	r9, r7, r0, lsl #3
7e1d4c3e:	4680      	mov	r8, r0
7e1d4c40:	46cc      	mov	ip, r9
7e1d4c42:	f8dc 300c 	ldr.w	r3, [ip, #12]
7e1d4c46:	459c      	cmp	ip, r3
7e1d4c48:	d106      	bne.n	7e1d4c58 <_malloc_r+0x2f0>
7e1d4c4a:	e081      	b.n	7e1d4d50 <_malloc_r+0x3e8>
7e1d4c4c:	2a00      	cmp	r2, #0
7e1d4c4e:	f280 8088 	bge.w	7e1d4d62 <_malloc_r+0x3fa>
7e1d4c52:	68db      	ldr	r3, [r3, #12]
7e1d4c54:	459c      	cmp	ip, r3
7e1d4c56:	d07b      	beq.n	7e1d4d50 <_malloc_r+0x3e8>
7e1d4c58:	6859      	ldr	r1, [r3, #4]
7e1d4c5a:	f021 0103 	bic.w	r1, r1, #3
7e1d4c5e:	1b4a      	subs	r2, r1, r5
7e1d4c60:	2a0f      	cmp	r2, #15
7e1d4c62:	ddf3      	ble.n	7e1d4c4c <_malloc_r+0x2e4>
7e1d4c64:	68dc      	ldr	r4, [r3, #12]
7e1d4c66:	eb03 0c05 	add.w	ip, r3, r5
7e1d4c6a:	f8d3 8008 	ldr.w	r8, [r3, #8]
7e1d4c6e:	f045 0501 	orr.w	r5, r5, #1
7e1d4c72:	4630      	mov	r0, r6
7e1d4c74:	605d      	str	r5, [r3, #4]
7e1d4c76:	f042 0501 	orr.w	r5, r2, #1
7e1d4c7a:	f8c8 400c 	str.w	r4, [r8, #12]
7e1d4c7e:	f8c4 8008 	str.w	r8, [r4, #8]
7e1d4c82:	f103 0408 	add.w	r4, r3, #8
7e1d4c86:	e9c7 cc04 	strd	ip, ip, [r7, #16]
7e1d4c8a:	e9cc ee02 	strd	lr, lr, [ip, #8]
7e1d4c8e:	f8cc 5004 	str.w	r5, [ip, #4]
7e1d4c92:	505a      	str	r2, [r3, r1]
7e1d4c94:	f000 fa9e 	bl	7e1d51d4 <__malloc_unlock>
7e1d4c98:	e690      	b.n	7e1d49bc <_malloc_r+0x54>
7e1d4c9a:	4494      	add	ip, r2
7e1d4c9c:	4630      	mov	r0, r6
7e1d4c9e:	f102 0408 	add.w	r4, r2, #8
7e1d4ca2:	f8dc 3004 	ldr.w	r3, [ip, #4]
7e1d4ca6:	f043 0301 	orr.w	r3, r3, #1
7e1d4caa:	f8cc 3004 	str.w	r3, [ip, #4]
7e1d4cae:	f000 fa91 	bl	7e1d51d4 <__malloc_unlock>
7e1d4cb2:	e683      	b.n	7e1d49bc <_malloc_r+0x54>
7e1d4cb4:	1962      	adds	r2, r4, r5
7e1d4cb6:	f043 0301 	orr.w	r3, r3, #1
7e1d4cba:	4630      	mov	r0, r6
7e1d4cbc:	f045 0501 	orr.w	r5, r5, #1
7e1d4cc0:	6065      	str	r5, [r4, #4]
7e1d4cc2:	3408      	adds	r4, #8
7e1d4cc4:	60ba      	str	r2, [r7, #8]
7e1d4cc6:	6053      	str	r3, [r2, #4]
7e1d4cc8:	f000 fa84 	bl	7e1d51d4 <__malloc_unlock>
7e1d4ccc:	4620      	mov	r0, r4
7e1d4cce:	b003      	add	sp, #12
7e1d4cd0:	e8bd 8ff0 	ldmia.w	sp!, {r4, r5, r6, r7, r8, r9, sl, fp, pc}
7e1d4cd4:	441a      	add	r2, r3
7e1d4cd6:	e9d3 7502 	ldrd	r7, r5, [r3, #8]
7e1d4cda:	4630      	mov	r0, r6
7e1d4cdc:	f103 0408 	add.w	r4, r3, #8
7e1d4ce0:	6851      	ldr	r1, [r2, #4]
7e1d4ce2:	60fd      	str	r5, [r7, #12]
7e1d4ce4:	f041 0101 	orr.w	r1, r1, #1
7e1d4ce8:	60af      	str	r7, [r5, #8]
7e1d4cea:	6051      	str	r1, [r2, #4]
7e1d4cec:	f000 fa72 	bl	7e1d51d4 <__malloc_unlock>
7e1d4cf0:	4620      	mov	r0, r4
7e1d4cf2:	b003      	add	sp, #12
7e1d4cf4:	e8bd 8ff0 	ldmia.w	sp!, {r4, r5, r6, r7, r8, r9, sl, fp, pc}
7e1d4cf8:	ea4f 215c 	mov.w	r1, ip, lsr #9
7e1d4cfc:	2904      	cmp	r1, #4
7e1d4cfe:	d956      	bls.n	7e1d4dae <_malloc_r+0x446>
7e1d4d00:	2914      	cmp	r1, #20
7e1d4d02:	f200 80b5 	bhi.w	7e1d4e70 <_malloc_r+0x508>
7e1d4d06:	f101 035c 	add.w	r3, r1, #92	; 0x5c
7e1d4d0a:	315b      	adds	r1, #91	; 0x5b
7e1d4d0c:	00db      	lsls	r3, r3, #3
7e1d4d0e:	18fc      	adds	r4, r7, r3
7e1d4d10:	58fb      	ldr	r3, [r7, r3]
7e1d4d12:	3c08      	subs	r4, #8
7e1d4d14:	429c      	cmp	r4, r3
7e1d4d16:	f000 80a0 	beq.w	7e1d4e5a <_malloc_r+0x4f2>
7e1d4d1a:	6859      	ldr	r1, [r3, #4]
7e1d4d1c:	f021 0103 	bic.w	r1, r1, #3
7e1d4d20:	4561      	cmp	r1, ip
7e1d4d22:	d902      	bls.n	7e1d4d2a <_malloc_r+0x3c2>
7e1d4d24:	689b      	ldr	r3, [r3, #8]
7e1d4d26:	429c      	cmp	r4, r3
7e1d4d28:	d1f7      	bne.n	7e1d4d1a <_malloc_r+0x3b2>
7e1d4d2a:	68dc      	ldr	r4, [r3, #12]
7e1d4d2c:	6879      	ldr	r1, [r7, #4]
7e1d4d2e:	e9c2 3402 	strd	r3, r4, [r2, #8]
7e1d4d32:	60a2      	str	r2, [r4, #8]
7e1d4d34:	60da      	str	r2, [r3, #12]
7e1d4d36:	e6b6      	b.n	7e1d4aa6 <_malloc_r+0x13e>
7e1d4d38:	2b14      	cmp	r3, #20
7e1d4d3a:	d93f      	bls.n	7e1d4dbc <_malloc_r+0x454>
7e1d4d3c:	2b54      	cmp	r3, #84	; 0x54
7e1d4d3e:	f200 80a0 	bhi.w	7e1d4e82 <_malloc_r+0x51a>
7e1d4d42:	0b2b      	lsrs	r3, r5, #12
7e1d4d44:	f103 006f 	add.w	r0, r3, #111	; 0x6f
7e1d4d48:	f103 0c6e 	add.w	ip, r3, #110	; 0x6e
7e1d4d4c:	00c3      	lsls	r3, r0, #3
7e1d4d4e:	e65b      	b.n	7e1d4a08 <_malloc_r+0xa0>
7e1d4d50:	f108 0801 	add.w	r8, r8, #1
7e1d4d54:	f10c 0c08 	add.w	ip, ip, #8
7e1d4d58:	f018 0f03 	tst.w	r8, #3
7e1d4d5c:	f47f af71 	bne.w	7e1d4c42 <_malloc_r+0x2da>
7e1d4d60:	e052      	b.n	7e1d4e08 <_malloc_r+0x4a0>
7e1d4d62:	4419      	add	r1, r3
7e1d4d64:	461c      	mov	r4, r3
7e1d4d66:	68da      	ldr	r2, [r3, #12]
7e1d4d68:	4630      	mov	r0, r6
7e1d4d6a:	f854 5f08 	ldr.w	r5, [r4, #8]!
7e1d4d6e:	684b      	ldr	r3, [r1, #4]
7e1d4d70:	f043 0301 	orr.w	r3, r3, #1
7e1d4d74:	604b      	str	r3, [r1, #4]
7e1d4d76:	60ea      	str	r2, [r5, #12]
7e1d4d78:	6095      	str	r5, [r2, #8]
7e1d4d7a:	f000 fa2b 	bl	7e1d51d4 <__malloc_unlock>
7e1d4d7e:	e61d      	b.n	7e1d49bc <_malloc_r+0x54>
7e1d4d80:	08e8      	lsrs	r0, r5, #3
7e1d4d82:	f105 0308 	add.w	r3, r5, #8
7e1d4d86:	e5fe      	b.n	7e1d4986 <_malloc_r+0x1e>
7e1d4d88:	1951      	adds	r1, r2, r5
7e1d4d8a:	4630      	mov	r0, r6
7e1d4d8c:	f045 0501 	orr.w	r5, r5, #1
7e1d4d90:	6055      	str	r5, [r2, #4]
7e1d4d92:	e9c7 1104 	strd	r1, r1, [r7, #16]
7e1d4d96:	f043 0501 	orr.w	r5, r3, #1
7e1d4d9a:	e9c1 ee02 	strd	lr, lr, [r1, #8]
7e1d4d9e:	f102 0408 	add.w	r4, r2, #8
7e1d4da2:	604d      	str	r5, [r1, #4]
7e1d4da4:	f842 300c 	str.w	r3, [r2, ip]
7e1d4da8:	f000 fa14 	bl	7e1d51d4 <__malloc_unlock>
7e1d4dac:	e606      	b.n	7e1d49bc <_malloc_r+0x54>
7e1d4dae:	ea4f 119c 	mov.w	r1, ip, lsr #6
7e1d4db2:	f101 0339 	add.w	r3, r1, #57	; 0x39
7e1d4db6:	3138      	adds	r1, #56	; 0x38
7e1d4db8:	00db      	lsls	r3, r3, #3
7e1d4dba:	e7a8      	b.n	7e1d4d0e <_malloc_r+0x3a6>
7e1d4dbc:	f103 005c 	add.w	r0, r3, #92	; 0x5c
7e1d4dc0:	f103 0c5b 	add.w	ip, r3, #91	; 0x5b
7e1d4dc4:	00c3      	lsls	r3, r0, #3
7e1d4dc6:	e61f      	b.n	7e1d4a08 <_malloc_r+0xa0>
7e1d4dc8:	f1c2 0008 	rsb	r0, r2, #8
7e1d4dcc:	f5c2 5180 	rsb	r1, r2, #4096	; 0x1000
7e1d4dd0:	4482      	add	sl, r0
7e1d4dd2:	3108      	adds	r1, #8
7e1d4dd4:	44d0      	add	r8, sl
7e1d4dd6:	4630      	mov	r0, r6
7e1d4dd8:	eba1 0108 	sub.w	r1, r1, r8
7e1d4ddc:	9200      	str	r2, [sp, #0]
7e1d4dde:	f3c1 0b0b 	ubfx	fp, r1, #0, #12
7e1d4de2:	4659      	mov	r1, fp
7e1d4de4:	f000 fbb6 	bl	7e1d5554 <_sbrk_r>
7e1d4de8:	1c42      	adds	r2, r0, #1
7e1d4dea:	e9dd 2300 	ldrd	r2, r3, [sp]
7e1d4dee:	f47f aec6 	bne.w	7e1d4b7e <_malloc_r+0x216>
7e1d4df2:	3a08      	subs	r2, #8
7e1d4df4:	f04f 0b00 	mov.w	fp, #0
7e1d4df8:	4490      	add	r8, r2
7e1d4dfa:	eba8 080a 	sub.w	r8, r8, sl
7e1d4dfe:	e6c2      	b.n	7e1d4b86 <_malloc_r+0x21e>
7e1d4e00:	f859 3908 	ldr.w	r3, [r9], #-8
7e1d4e04:	454b      	cmp	r3, r9
7e1d4e06:	d17d      	bne.n	7e1d4f04 <_malloc_r+0x59c>
7e1d4e08:	f010 0f03 	tst.w	r0, #3
7e1d4e0c:	f100 30ff 	add.w	r0, r0, #4294967295
7e1d4e10:	d1f6      	bne.n	7e1d4e00 <_malloc_r+0x498>
7e1d4e12:	687b      	ldr	r3, [r7, #4]
7e1d4e14:	ea23 0304 	bic.w	r3, r3, r4
7e1d4e18:	607b      	str	r3, [r7, #4]
7e1d4e1a:	0064      	lsls	r4, r4, #1
7e1d4e1c:	bf14      	ite	ne
7e1d4e1e:	2201      	movne	r2, #1
7e1d4e20:	2200      	moveq	r2, #0
7e1d4e22:	429c      	cmp	r4, r3
7e1d4e24:	bf8c      	ite	hi
7e1d4e26:	2200      	movhi	r2, #0
7e1d4e28:	f002 0201 	andls.w	r2, r2, #1
7e1d4e2c:	b91a      	cbnz	r2, 7e1d4e36 <_malloc_r+0x4ce>
7e1d4e2e:	e640      	b.n	7e1d4ab2 <_malloc_r+0x14a>
7e1d4e30:	0064      	lsls	r4, r4, #1
7e1d4e32:	f108 0804 	add.w	r8, r8, #4
7e1d4e36:	421c      	tst	r4, r3
7e1d4e38:	d0fa      	beq.n	7e1d4e30 <_malloc_r+0x4c8>
7e1d4e3a:	4640      	mov	r0, r8
7e1d4e3c:	e6fd      	b.n	7e1d4c3a <_malloc_r+0x2d2>
7e1d4e3e:	f3c2 000b 	ubfx	r0, r2, #0, #12
7e1d4e42:	2800      	cmp	r0, #0
7e1d4e44:	f47f ae7c 	bne.w	7e1d4b40 <_malloc_r+0x1d8>
7e1d4e48:	68bc      	ldr	r4, [r7, #8]
7e1d4e4a:	44c8      	add	r8, r9
7e1d4e4c:	f048 0201 	orr.w	r2, r8, #1
7e1d4e50:	6062      	str	r2, [r4, #4]
7e1d4e52:	e6c1      	b.n	7e1d4bd8 <_malloc_r+0x270>
7e1d4e54:	68bc      	ldr	r4, [r7, #8]
7e1d4e56:	6862      	ldr	r2, [r4, #4]
7e1d4e58:	e6ce      	b.n	7e1d4bf8 <_malloc_r+0x290>
7e1d4e5a:	ea4f 0ca1 	mov.w	ip, r1, asr #2
7e1d4e5e:	f04f 0801 	mov.w	r8, #1
7e1d4e62:	6879      	ldr	r1, [r7, #4]
7e1d4e64:	fa08 fc0c 	lsl.w	ip, r8, ip
7e1d4e68:	ea4c 0101 	orr.w	r1, ip, r1
7e1d4e6c:	6079      	str	r1, [r7, #4]
7e1d4e6e:	e75e      	b.n	7e1d4d2e <_malloc_r+0x3c6>
7e1d4e70:	2954      	cmp	r1, #84	; 0x54
7e1d4e72:	d812      	bhi.n	7e1d4e9a <_malloc_r+0x532>
7e1d4e74:	ea4f 311c 	mov.w	r1, ip, lsr #12
7e1d4e78:	f101 036f 	add.w	r3, r1, #111	; 0x6f
7e1d4e7c:	316e      	adds	r1, #110	; 0x6e
7e1d4e7e:	00db      	lsls	r3, r3, #3
7e1d4e80:	e745      	b.n	7e1d4d0e <_malloc_r+0x3a6>
7e1d4e82:	f5b3 7faa 	cmp.w	r3, #340	; 0x154
7e1d4e86:	d812      	bhi.n	7e1d4eae <_malloc_r+0x546>
7e1d4e88:	0beb      	lsrs	r3, r5, #15
7e1d4e8a:	f103 0078 	add.w	r0, r3, #120	; 0x78
7e1d4e8e:	f103 0c77 	add.w	ip, r3, #119	; 0x77
7e1d4e92:	00c3      	lsls	r3, r0, #3
7e1d4e94:	e5b8      	b.n	7e1d4a08 <_malloc_r+0xa0>
7e1d4e96:	4654      	mov	r4, sl
7e1d4e98:	e69e      	b.n	7e1d4bd8 <_malloc_r+0x270>
7e1d4e9a:	f5b1 7faa 	cmp.w	r1, #340	; 0x154
7e1d4e9e:	d81c      	bhi.n	7e1d4eda <_malloc_r+0x572>
7e1d4ea0:	ea4f 31dc 	mov.w	r1, ip, lsr #15
7e1d4ea4:	f101 0378 	add.w	r3, r1, #120	; 0x78
7e1d4ea8:	3177      	adds	r1, #119	; 0x77
7e1d4eaa:	00db      	lsls	r3, r3, #3
7e1d4eac:	e72f      	b.n	7e1d4d0e <_malloc_r+0x3a6>
7e1d4eae:	f240 5254 	movw	r2, #1364	; 0x554
7e1d4eb2:	4293      	cmp	r3, r2
7e1d4eb4:	d820      	bhi.n	7e1d4ef8 <_malloc_r+0x590>
7e1d4eb6:	0cab      	lsrs	r3, r5, #18
7e1d4eb8:	f103 007d 	add.w	r0, r3, #125	; 0x7d
7e1d4ebc:	f103 0c7c 	add.w	ip, r3, #124	; 0x7c
7e1d4ec0:	00c3      	lsls	r3, r0, #3
7e1d4ec2:	e5a1      	b.n	7e1d4a08 <_malloc_r+0xa0>
7e1d4ec4:	f104 0108 	add.w	r1, r4, #8
7e1d4ec8:	4630      	mov	r0, r6
7e1d4eca:	9300      	str	r3, [sp, #0]
7e1d4ecc:	f004 fed8 	bl	7e1d9c80 <_free_r>
7e1d4ed0:	68bc      	ldr	r4, [r7, #8]
7e1d4ed2:	9b00      	ldr	r3, [sp, #0]
7e1d4ed4:	6862      	ldr	r2, [r4, #4]
7e1d4ed6:	6819      	ldr	r1, [r3, #0]
7e1d4ed8:	e67e      	b.n	7e1d4bd8 <_malloc_r+0x270>
7e1d4eda:	f240 5354 	movw	r3, #1364	; 0x554
7e1d4ede:	4299      	cmp	r1, r3
7e1d4ee0:	bf9b      	ittet	ls
7e1d4ee2:	ea4f 419c 	movls.w	r1, ip, lsr #18
7e1d4ee6:	f101 037d 	addls.w	r3, r1, #125	; 0x7d
7e1d4eea:	f44f 737e 	movhi.w	r3, #1016	; 0x3f8
7e1d4eee:	317c      	addls	r1, #124	; 0x7c
7e1d4ef0:	bf8c      	ite	hi
7e1d4ef2:	217e      	movhi	r1, #126	; 0x7e
7e1d4ef4:	00db      	lslls	r3, r3, #3
7e1d4ef6:	e70a      	b.n	7e1d4d0e <_malloc_r+0x3a6>
7e1d4ef8:	f44f 737e 	mov.w	r3, #1016	; 0x3f8
7e1d4efc:	207f      	movs	r0, #127	; 0x7f
7e1d4efe:	f04f 0c7e 	mov.w	ip, #126	; 0x7e
7e1d4f02:	e581      	b.n	7e1d4a08 <_malloc_r+0xa0>
7e1d4f04:	687b      	ldr	r3, [r7, #4]
7e1d4f06:	e788      	b.n	7e1d4e1a <_malloc_r+0x4b2>
7e1d4f08:	7e1dc560 	.word	0x7e1dc560

7e1d4f0c <memcmp>:
7e1d4f0c:	2a03      	cmp	r2, #3
7e1d4f0e:	b470      	push	{r4, r5, r6}
7e1d4f10:	d912      	bls.n	7e1d4f38 <memcmp+0x2c>
7e1d4f12:	ea40 0501 	orr.w	r5, r0, r1
7e1d4f16:	4604      	mov	r4, r0
7e1d4f18:	07ad      	lsls	r5, r5, #30
7e1d4f1a:	460b      	mov	r3, r1
7e1d4f1c:	d120      	bne.n	7e1d4f60 <memcmp+0x54>
7e1d4f1e:	4619      	mov	r1, r3
7e1d4f20:	4620      	mov	r0, r4
7e1d4f22:	f853 5b04 	ldr.w	r5, [r3], #4
7e1d4f26:	f854 6b04 	ldr.w	r6, [r4], #4
7e1d4f2a:	42ae      	cmp	r6, r5
7e1d4f2c:	d118      	bne.n	7e1d4f60 <memcmp+0x54>
7e1d4f2e:	3a04      	subs	r2, #4
7e1d4f30:	4620      	mov	r0, r4
7e1d4f32:	2a03      	cmp	r2, #3
7e1d4f34:	4619      	mov	r1, r3
7e1d4f36:	d8f2      	bhi.n	7e1d4f1e <memcmp+0x12>
7e1d4f38:	1e54      	subs	r4, r2, #1
7e1d4f3a:	b172      	cbz	r2, 7e1d4f5a <memcmp+0x4e>
7e1d4f3c:	7803      	ldrb	r3, [r0, #0]
7e1d4f3e:	780a      	ldrb	r2, [r1, #0]
7e1d4f40:	429a      	cmp	r2, r3
7e1d4f42:	bf08      	it	eq
7e1d4f44:	1824      	addeq	r4, r4, r0
7e1d4f46:	d006      	beq.n	7e1d4f56 <memcmp+0x4a>
7e1d4f48:	e00c      	b.n	7e1d4f64 <memcmp+0x58>
7e1d4f4a:	f810 3f01 	ldrb.w	r3, [r0, #1]!
7e1d4f4e:	f811 2f01 	ldrb.w	r2, [r1, #1]!
7e1d4f52:	4293      	cmp	r3, r2
7e1d4f54:	d106      	bne.n	7e1d4f64 <memcmp+0x58>
7e1d4f56:	42a0      	cmp	r0, r4
7e1d4f58:	d1f7      	bne.n	7e1d4f4a <memcmp+0x3e>
7e1d4f5a:	2000      	movs	r0, #0
7e1d4f5c:	bc70      	pop	{r4, r5, r6}
7e1d4f5e:	4770      	bx	lr
7e1d4f60:	1e54      	subs	r4, r2, #1
7e1d4f62:	e7eb      	b.n	7e1d4f3c <memcmp+0x30>
7e1d4f64:	1a98      	subs	r0, r3, r2
7e1d4f66:	bc70      	pop	{r4, r5, r6}
7e1d4f68:	4770      	bx	lr
7e1d4f6a:	bf00      	nop

7e1d4f6c <memcpy>:
7e1d4f6c:	4684      	mov	ip, r0
7e1d4f6e:	ea41 0300 	orr.w	r3, r1, r0
7e1d4f72:	f013 0303 	ands.w	r3, r3, #3
7e1d4f76:	d149      	bne.n	7e1d500c <memcpy+0xa0>
7e1d4f78:	3a40      	subs	r2, #64	; 0x40
7e1d4f7a:	d323      	bcc.n	7e1d4fc4 <memcpy+0x58>
7e1d4f7c:	680b      	ldr	r3, [r1, #0]
7e1d4f7e:	6003      	str	r3, [r0, #0]
7e1d4f80:	684b      	ldr	r3, [r1, #4]
7e1d4f82:	6043      	str	r3, [r0, #4]
7e1d4f84:	688b      	ldr	r3, [r1, #8]
7e1d4f86:	6083      	str	r3, [r0, #8]
7e1d4f88:	68cb      	ldr	r3, [r1, #12]
7e1d4f8a:	60c3      	str	r3, [r0, #12]
7e1d4f8c:	690b      	ldr	r3, [r1, #16]
7e1d4f8e:	6103      	str	r3, [r0, #16]
7e1d4f90:	694b      	ldr	r3, [r1, #20]
7e1d4f92:	6143      	str	r3, [r0, #20]
7e1d4f94:	698b      	ldr	r3, [r1, #24]
7e1d4f96:	6183      	str	r3, [r0, #24]
7e1d4f98:	69cb      	ldr	r3, [r1, #28]
7e1d4f9a:	61c3      	str	r3, [r0, #28]
7e1d4f9c:	6a0b      	ldr	r3, [r1, #32]
7e1d4f9e:	6203      	str	r3, [r0, #32]
7e1d4fa0:	6a4b      	ldr	r3, [r1, #36]	; 0x24
7e1d4fa2:	6243      	str	r3, [r0, #36]	; 0x24
7e1d4fa4:	6a8b      	ldr	r3, [r1, #40]	; 0x28
7e1d4fa6:	6283      	str	r3, [r0, #40]	; 0x28
7e1d4fa8:	6acb      	ldr	r3, [r1, #44]	; 0x2c
7e1d4faa:	62c3      	str	r3, [r0, #44]	; 0x2c
7e1d4fac:	6b0b      	ldr	r3, [r1, #48]	; 0x30
7e1d4fae:	6303      	str	r3, [r0, #48]	; 0x30
7e1d4fb0:	6b4b      	ldr	r3, [r1, #52]	; 0x34
7e1d4fb2:	6343      	str	r3, [r0, #52]	; 0x34
7e1d4fb4:	6b8b      	ldr	r3, [r1, #56]	; 0x38
7e1d4fb6:	6383      	str	r3, [r0, #56]	; 0x38
7e1d4fb8:	6bcb      	ldr	r3, [r1, #60]	; 0x3c
7e1d4fba:	63c3      	str	r3, [r0, #60]	; 0x3c
7e1d4fbc:	3040      	adds	r0, #64	; 0x40
7e1d4fbe:	3140      	adds	r1, #64	; 0x40
7e1d4fc0:	3a40      	subs	r2, #64	; 0x40
7e1d4fc2:	d2db      	bcs.n	7e1d4f7c <memcpy+0x10>
7e1d4fc4:	3230      	adds	r2, #48	; 0x30
7e1d4fc6:	d30b      	bcc.n	7e1d4fe0 <memcpy+0x74>
7e1d4fc8:	680b      	ldr	r3, [r1, #0]
7e1d4fca:	6003      	str	r3, [r0, #0]
7e1d4fcc:	684b      	ldr	r3, [r1, #4]
7e1d4fce:	6043      	str	r3, [r0, #4]
7e1d4fd0:	688b      	ldr	r3, [r1, #8]
7e1d4fd2:	6083      	str	r3, [r0, #8]
7e1d4fd4:	68cb      	ldr	r3, [r1, #12]
7e1d4fd6:	60c3      	str	r3, [r0, #12]
7e1d4fd8:	3010      	adds	r0, #16
7e1d4fda:	3110      	adds	r1, #16
7e1d4fdc:	3a10      	subs	r2, #16
7e1d4fde:	d2f3      	bcs.n	7e1d4fc8 <memcpy+0x5c>
7e1d4fe0:	320c      	adds	r2, #12
7e1d4fe2:	d305      	bcc.n	7e1d4ff0 <memcpy+0x84>
7e1d4fe4:	f851 3b04 	ldr.w	r3, [r1], #4
7e1d4fe8:	f840 3b04 	str.w	r3, [r0], #4
7e1d4fec:	3a04      	subs	r2, #4
7e1d4fee:	d2f9      	bcs.n	7e1d4fe4 <memcpy+0x78>
7e1d4ff0:	3204      	adds	r2, #4
7e1d4ff2:	d008      	beq.n	7e1d5006 <memcpy+0x9a>
7e1d4ff4:	07d2      	lsls	r2, r2, #31
7e1d4ff6:	bf1c      	itt	ne
7e1d4ff8:	f811 3b01 	ldrbne.w	r3, [r1], #1
7e1d4ffc:	f800 3b01 	strbne.w	r3, [r0], #1
7e1d5000:	d301      	bcc.n	7e1d5006 <memcpy+0x9a>
7e1d5002:	880b      	ldrh	r3, [r1, #0]
7e1d5004:	8003      	strh	r3, [r0, #0]
7e1d5006:	4660      	mov	r0, ip
7e1d5008:	4770      	bx	lr
7e1d500a:	bf00      	nop
7e1d500c:	2a08      	cmp	r2, #8
7e1d500e:	d313      	bcc.n	7e1d5038 <memcpy+0xcc>
7e1d5010:	078b      	lsls	r3, r1, #30
7e1d5012:	d0b1      	beq.n	7e1d4f78 <memcpy+0xc>
7e1d5014:	f010 0303 	ands.w	r3, r0, #3
7e1d5018:	d0ae      	beq.n	7e1d4f78 <memcpy+0xc>
7e1d501a:	f1c3 0304 	rsb	r3, r3, #4
7e1d501e:	1ad2      	subs	r2, r2, r3
7e1d5020:	07db      	lsls	r3, r3, #31
7e1d5022:	bf1c      	itt	ne
7e1d5024:	f811 3b01 	ldrbne.w	r3, [r1], #1
7e1d5028:	f800 3b01 	strbne.w	r3, [r0], #1
7e1d502c:	d3a4      	bcc.n	7e1d4f78 <memcpy+0xc>
7e1d502e:	f831 3b02 	ldrh.w	r3, [r1], #2
7e1d5032:	f820 3b02 	strh.w	r3, [r0], #2
7e1d5036:	e79f      	b.n	7e1d4f78 <memcpy+0xc>
7e1d5038:	3a04      	subs	r2, #4
7e1d503a:	d3d9      	bcc.n	7e1d4ff0 <memcpy+0x84>
7e1d503c:	3a01      	subs	r2, #1
7e1d503e:	f811 3b01 	ldrb.w	r3, [r1], #1
7e1d5042:	f800 3b01 	strb.w	r3, [r0], #1
7e1d5046:	d2f9      	bcs.n	7e1d503c <memcpy+0xd0>
7e1d5048:	780b      	ldrb	r3, [r1, #0]
7e1d504a:	7003      	strb	r3, [r0, #0]
7e1d504c:	784b      	ldrb	r3, [r1, #1]
7e1d504e:	7043      	strb	r3, [r0, #1]
7e1d5050:	788b      	ldrb	r3, [r1, #2]
7e1d5052:	7083      	strb	r3, [r0, #2]
7e1d5054:	4660      	mov	r0, ip
7e1d5056:	4770      	bx	lr

7e1d5058 <memmove>:
7e1d5058:	4288      	cmp	r0, r1
7e1d505a:	b4f0      	push	{r4, r5, r6, r7}
7e1d505c:	d90d      	bls.n	7e1d507a <memmove+0x22>
7e1d505e:	188b      	adds	r3, r1, r2
7e1d5060:	4283      	cmp	r3, r0
7e1d5062:	d90a      	bls.n	7e1d507a <memmove+0x22>
7e1d5064:	1884      	adds	r4, r0, r2
7e1d5066:	b132      	cbz	r2, 7e1d5076 <memmove+0x1e>
7e1d5068:	4622      	mov	r2, r4
7e1d506a:	f813 4d01 	ldrb.w	r4, [r3, #-1]!
7e1d506e:	4299      	cmp	r1, r3
7e1d5070:	f802 4d01 	strb.w	r4, [r2, #-1]!
7e1d5074:	d1f9      	bne.n	7e1d506a <memmove+0x12>
7e1d5076:	bcf0      	pop	{r4, r5, r6, r7}
7e1d5078:	4770      	bx	lr
7e1d507a:	2a0f      	cmp	r2, #15
7e1d507c:	d80e      	bhi.n	7e1d509c <memmove+0x44>
7e1d507e:	4603      	mov	r3, r0
7e1d5080:	1e54      	subs	r4, r2, #1
7e1d5082:	2a00      	cmp	r2, #0
7e1d5084:	d0f7      	beq.n	7e1d5076 <memmove+0x1e>
7e1d5086:	3401      	adds	r4, #1
7e1d5088:	3b01      	subs	r3, #1
7e1d508a:	440c      	add	r4, r1
7e1d508c:	f811 2b01 	ldrb.w	r2, [r1], #1
7e1d5090:	42a1      	cmp	r1, r4
7e1d5092:	f803 2f01 	strb.w	r2, [r3, #1]!
7e1d5096:	d1f9      	bne.n	7e1d508c <memmove+0x34>
7e1d5098:	bcf0      	pop	{r4, r5, r6, r7}
7e1d509a:	4770      	bx	lr
7e1d509c:	ea40 0301 	orr.w	r3, r0, r1
7e1d50a0:	079b      	lsls	r3, r3, #30
7e1d50a2:	d13d      	bne.n	7e1d5120 <memmove+0xc8>
7e1d50a4:	f1a2 0510 	sub.w	r5, r2, #16
7e1d50a8:	f101 0420 	add.w	r4, r1, #32
7e1d50ac:	f101 0610 	add.w	r6, r1, #16
7e1d50b0:	f100 0710 	add.w	r7, r0, #16
7e1d50b4:	092d      	lsrs	r5, r5, #4
7e1d50b6:	eb04 1405 	add.w	r4, r4, r5, lsl #4
7e1d50ba:	f856 3c10 	ldr.w	r3, [r6, #-16]
7e1d50be:	3610      	adds	r6, #16
7e1d50c0:	3710      	adds	r7, #16
7e1d50c2:	f847 3c20 	str.w	r3, [r7, #-32]
7e1d50c6:	f856 3c1c 	ldr.w	r3, [r6, #-28]
7e1d50ca:	f847 3c1c 	str.w	r3, [r7, #-28]
7e1d50ce:	f856 3c18 	ldr.w	r3, [r6, #-24]
7e1d50d2:	f847 3c18 	str.w	r3, [r7, #-24]
7e1d50d6:	f856 3c14 	ldr.w	r3, [r6, #-20]
7e1d50da:	42a6      	cmp	r6, r4
7e1d50dc:	f847 3c14 	str.w	r3, [r7, #-20]
7e1d50e0:	d1eb      	bne.n	7e1d50ba <memmove+0x62>
7e1d50e2:	1c6b      	adds	r3, r5, #1
7e1d50e4:	f012 0f0c 	tst.w	r2, #12
7e1d50e8:	f002 050f 	and.w	r5, r2, #15
7e1d50ec:	ea4f 1303 	mov.w	r3, r3, lsl #4
7e1d50f0:	4419      	add	r1, r3
7e1d50f2:	bf08      	it	eq
7e1d50f4:	462a      	moveq	r2, r5
7e1d50f6:	4403      	add	r3, r0
7e1d50f8:	d0c2      	beq.n	7e1d5080 <memmove+0x28>
7e1d50fa:	1f1f      	subs	r7, r3, #4
7e1d50fc:	460e      	mov	r6, r1
7e1d50fe:	f856 cb04 	ldr.w	ip, [r6], #4
7e1d5102:	1bac      	subs	r4, r5, r6
7e1d5104:	440c      	add	r4, r1
7e1d5106:	f847 cf04 	str.w	ip, [r7, #4]!
7e1d510a:	2c03      	cmp	r4, #3
7e1d510c:	d8f7      	bhi.n	7e1d50fe <memmove+0xa6>
7e1d510e:	1f2c      	subs	r4, r5, #4
7e1d5110:	f002 0203 	and.w	r2, r2, #3
7e1d5114:	f024 0403 	bic.w	r4, r4, #3
7e1d5118:	3404      	adds	r4, #4
7e1d511a:	4423      	add	r3, r4
7e1d511c:	4421      	add	r1, r4
7e1d511e:	e7af      	b.n	7e1d5080 <memmove+0x28>
7e1d5120:	1e54      	subs	r4, r2, #1
7e1d5122:	4603      	mov	r3, r0
7e1d5124:	e7af      	b.n	7e1d5086 <memmove+0x2e>
7e1d5126:	bf00      	nop

7e1d5128 <memset>:
7e1d5128:	b4f0      	push	{r4, r5, r6, r7}
7e1d512a:	0786      	lsls	r6, r0, #30
7e1d512c:	d046      	beq.n	7e1d51bc <memset+0x94>
7e1d512e:	1e54      	subs	r4, r2, #1
7e1d5130:	2a00      	cmp	r2, #0
7e1d5132:	d03c      	beq.n	7e1d51ae <memset+0x86>
7e1d5134:	b2ca      	uxtb	r2, r1
7e1d5136:	4603      	mov	r3, r0
7e1d5138:	e002      	b.n	7e1d5140 <memset+0x18>
7e1d513a:	f114 34ff 	adds.w	r4, r4, #4294967295
7e1d513e:	d336      	bcc.n	7e1d51ae <memset+0x86>
7e1d5140:	f803 2b01 	strb.w	r2, [r3], #1
7e1d5144:	079d      	lsls	r5, r3, #30
7e1d5146:	d1f8      	bne.n	7e1d513a <memset+0x12>
7e1d5148:	2c03      	cmp	r4, #3
7e1d514a:	d929      	bls.n	7e1d51a0 <memset+0x78>
7e1d514c:	b2cd      	uxtb	r5, r1
7e1d514e:	2c0f      	cmp	r4, #15
7e1d5150:	ea45 2505 	orr.w	r5, r5, r5, lsl #8
7e1d5154:	ea45 4505 	orr.w	r5, r5, r5, lsl #16
7e1d5158:	d933      	bls.n	7e1d51c2 <memset+0x9a>
7e1d515a:	f1a4 0610 	sub.w	r6, r4, #16
7e1d515e:	f103 0720 	add.w	r7, r3, #32
7e1d5162:	f103 0210 	add.w	r2, r3, #16
7e1d5166:	0936      	lsrs	r6, r6, #4
7e1d5168:	eb07 1706 	add.w	r7, r7, r6, lsl #4
7e1d516c:	e942 5504 	strd	r5, r5, [r2, #-16]
7e1d5170:	e942 5502 	strd	r5, r5, [r2, #-8]
7e1d5174:	3210      	adds	r2, #16
7e1d5176:	42ba      	cmp	r2, r7
7e1d5178:	d1f8      	bne.n	7e1d516c <memset+0x44>
7e1d517a:	1c72      	adds	r2, r6, #1
7e1d517c:	f014 0f0c 	tst.w	r4, #12
7e1d5180:	f004 060f 	and.w	r6, r4, #15
7e1d5184:	eb03 1202 	add.w	r2, r3, r2, lsl #4
7e1d5188:	d013      	beq.n	7e1d51b2 <memset+0x8a>
7e1d518a:	1f33      	subs	r3, r6, #4
7e1d518c:	f023 0303 	bic.w	r3, r3, #3
7e1d5190:	3304      	adds	r3, #4
7e1d5192:	4413      	add	r3, r2
7e1d5194:	f842 5b04 	str.w	r5, [r2], #4
7e1d5198:	4293      	cmp	r3, r2
7e1d519a:	d1fb      	bne.n	7e1d5194 <memset+0x6c>
7e1d519c:	f006 0403 	and.w	r4, r6, #3
7e1d51a0:	b12c      	cbz	r4, 7e1d51ae <memset+0x86>
7e1d51a2:	b2c9      	uxtb	r1, r1
7e1d51a4:	441c      	add	r4, r3
7e1d51a6:	f803 1b01 	strb.w	r1, [r3], #1
7e1d51aa:	429c      	cmp	r4, r3
7e1d51ac:	d1fb      	bne.n	7e1d51a6 <memset+0x7e>
7e1d51ae:	bcf0      	pop	{r4, r5, r6, r7}
7e1d51b0:	4770      	bx	lr
7e1d51b2:	4634      	mov	r4, r6
7e1d51b4:	4613      	mov	r3, r2
7e1d51b6:	2c00      	cmp	r4, #0
7e1d51b8:	d1f3      	bne.n	7e1d51a2 <memset+0x7a>
7e1d51ba:	e7f8      	b.n	7e1d51ae <memset+0x86>
7e1d51bc:	4614      	mov	r4, r2
7e1d51be:	4603      	mov	r3, r0
7e1d51c0:	e7c2      	b.n	7e1d5148 <memset+0x20>
7e1d51c2:	461a      	mov	r2, r3
7e1d51c4:	4626      	mov	r6, r4
7e1d51c6:	e7e0      	b.n	7e1d518a <memset+0x62>

7e1d51c8 <__malloc_lock>:
7e1d51c8:	f242 7000 	movw	r0, #9984	; 0x2700
7e1d51cc:	f6c7 601e 	movt	r0, #32286	; 0x7e1e
7e1d51d0:	f005 ba3c 	b.w	7e1da64c <__retarget_lock_acquire_recursive>

7e1d51d4 <__malloc_unlock>:
7e1d51d4:	f242 7000 	movw	r0, #9984	; 0x2700
7e1d51d8:	f6c7 601e 	movt	r0, #32286	; 0x7e1e
7e1d51dc:	f005 ba38 	b.w	7e1da650 <__retarget_lock_release_recursive>

7e1d51e0 <_realloc_r>:
7e1d51e0:	e92d 4ff0 	stmdb	sp!, {r4, r5, r6, r7, r8, r9, sl, fp, lr}
7e1d51e4:	4692      	mov	sl, r2
7e1d51e6:	b083      	sub	sp, #12
7e1d51e8:	2900      	cmp	r1, #0
7e1d51ea:	f000 80df 	beq.w	7e1d53ac <_realloc_r+0x1cc>
7e1d51ee:	460d      	mov	r5, r1
7e1d51f0:	4680      	mov	r8, r0
7e1d51f2:	f7ff ffe9 	bl	7e1d51c8 <__malloc_lock>
7e1d51f6:	f10a 040b 	add.w	r4, sl, #11
7e1d51fa:	2c16      	cmp	r4, #22
7e1d51fc:	f855 1c04 	ldr.w	r1, [r5, #-4]
7e1d5200:	bf88      	it	hi
7e1d5202:	f024 0407 	bichi.w	r4, r4, #7
7e1d5206:	f1a5 0708 	sub.w	r7, r5, #8
7e1d520a:	bf99      	ittee	ls
7e1d520c:	2210      	movls	r2, #16
7e1d520e:	2300      	movls	r3, #0
7e1d5210:	0fe3      	lsrhi	r3, r4, #31
7e1d5212:	4622      	movhi	r2, r4
7e1d5214:	f021 0603 	bic.w	r6, r1, #3
7e1d5218:	bf98      	it	ls
7e1d521a:	4614      	movls	r4, r2
7e1d521c:	4554      	cmp	r4, sl
7e1d521e:	bf38      	it	cc
7e1d5220:	f043 0301 	orrcc.w	r3, r3, #1
7e1d5224:	2b00      	cmp	r3, #0
7e1d5226:	f040 80c7 	bne.w	7e1d53b8 <_realloc_r+0x1d8>
7e1d522a:	4296      	cmp	r6, r2
7e1d522c:	eb07 0906 	add.w	r9, r7, r6
7e1d5230:	f280 808b 	bge.w	7e1d534a <_realloc_r+0x16a>
7e1d5234:	f24c 5b58 	movw	fp, #50520	; 0xc558
7e1d5238:	f6c7 6b1d 	movt	fp, #32285	; 0x7e1d
7e1d523c:	f8d9 0004 	ldr.w	r0, [r9, #4]
7e1d5240:	f8db 3008 	ldr.w	r3, [fp, #8]
7e1d5244:	454b      	cmp	r3, r9
7e1d5246:	f000 80c0 	beq.w	7e1d53ca <_realloc_r+0x1ea>
7e1d524a:	f020 0301 	bic.w	r3, r0, #1
7e1d524e:	444b      	add	r3, r9
7e1d5250:	685b      	ldr	r3, [r3, #4]
7e1d5252:	07db      	lsls	r3, r3, #31
7e1d5254:	f100 80a0 	bmi.w	7e1d5398 <_realloc_r+0x1b8>
7e1d5258:	f020 0003 	bic.w	r0, r0, #3
7e1d525c:	1833      	adds	r3, r6, r0
7e1d525e:	4293      	cmp	r3, r2
7e1d5260:	f280 810c 	bge.w	7e1d547c <_realloc_r+0x29c>
7e1d5264:	07c9      	lsls	r1, r1, #31
7e1d5266:	d40f      	bmi.n	7e1d5288 <_realloc_r+0xa8>
7e1d5268:	f855 3c08 	ldr.w	r3, [r5, #-8]
7e1d526c:	1afb      	subs	r3, r7, r3
7e1d526e:	6859      	ldr	r1, [r3, #4]
7e1d5270:	f021 0103 	bic.w	r1, r1, #3
7e1d5274:	4408      	add	r0, r1
7e1d5276:	eb00 0c06 	add.w	ip, r0, r6
7e1d527a:	4594      	cmp	ip, r2
7e1d527c:	f280 811f 	bge.w	7e1d54be <_realloc_r+0x2de>
7e1d5280:	eb06 0c01 	add.w	ip, r6, r1
7e1d5284:	4594      	cmp	ip, r2
7e1d5286:	da2a      	bge.n	7e1d52de <_realloc_r+0xfe>
7e1d5288:	4651      	mov	r1, sl
7e1d528a:	4640      	mov	r0, r8
7e1d528c:	f7ff fb6c 	bl	7e1d4968 <_malloc_r>
7e1d5290:	4682      	mov	sl, r0
7e1d5292:	b1e8      	cbz	r0, 7e1d52d0 <_realloc_r+0xf0>
7e1d5294:	f855 3c04 	ldr.w	r3, [r5, #-4]
7e1d5298:	f1a0 0208 	sub.w	r2, r0, #8
7e1d529c:	f023 0301 	bic.w	r3, r3, #1
7e1d52a0:	443b      	add	r3, r7
7e1d52a2:	4293      	cmp	r3, r2
7e1d52a4:	f000 80f4 	beq.w	7e1d5490 <_realloc_r+0x2b0>
7e1d52a8:	1f32      	subs	r2, r6, #4
7e1d52aa:	2a24      	cmp	r2, #36	; 0x24
7e1d52ac:	f200 8103 	bhi.w	7e1d54b6 <_realloc_r+0x2d6>
7e1d52b0:	2a13      	cmp	r2, #19
7e1d52b2:	6829      	ldr	r1, [r5, #0]
7e1d52b4:	bf9c      	itt	ls
7e1d52b6:	4603      	movls	r3, r0
7e1d52b8:	462a      	movls	r2, r5
7e1d52ba:	f200 80f1 	bhi.w	7e1d54a0 <_realloc_r+0x2c0>
7e1d52be:	6019      	str	r1, [r3, #0]
7e1d52c0:	6851      	ldr	r1, [r2, #4]
7e1d52c2:	6059      	str	r1, [r3, #4]
7e1d52c4:	6892      	ldr	r2, [r2, #8]
7e1d52c6:	609a      	str	r2, [r3, #8]
7e1d52c8:	4629      	mov	r1, r5
7e1d52ca:	4640      	mov	r0, r8
7e1d52cc:	f004 fcd8 	bl	7e1d9c80 <_free_r>
7e1d52d0:	4640      	mov	r0, r8
7e1d52d2:	f7ff ff7f 	bl	7e1d51d4 <__malloc_unlock>
7e1d52d6:	4650      	mov	r0, sl
7e1d52d8:	b003      	add	sp, #12
7e1d52da:	e8bd 8ff0 	ldmia.w	sp!, {r4, r5, r6, r7, r8, r9, sl, fp, pc}
7e1d52de:	469a      	mov	sl, r3
7e1d52e0:	68d9      	ldr	r1, [r3, #12]
7e1d52e2:	f85a 0f08 	ldr.w	r0, [sl, #8]!
7e1d52e6:	1f32      	subs	r2, r6, #4
7e1d52e8:	2a24      	cmp	r2, #36	; 0x24
7e1d52ea:	eb03 090c 	add.w	r9, r3, ip
7e1d52ee:	60c1      	str	r1, [r0, #12]
7e1d52f0:	6088      	str	r0, [r1, #8]
7e1d52f2:	f200 80f6 	bhi.w	7e1d54e2 <_realloc_r+0x302>
7e1d52f6:	2a13      	cmp	r2, #19
7e1d52f8:	6829      	ldr	r1, [r5, #0]
7e1d52fa:	bf98      	it	ls
7e1d52fc:	4652      	movls	r2, sl
7e1d52fe:	d91c      	bls.n	7e1d533a <_realloc_r+0x15a>
7e1d5300:	6099      	str	r1, [r3, #8]
7e1d5302:	2a1b      	cmp	r2, #27
7e1d5304:	6869      	ldr	r1, [r5, #4]
7e1d5306:	bf98      	it	ls
7e1d5308:	f103 0210 	addls.w	r2, r3, #16
7e1d530c:	60d9      	str	r1, [r3, #12]
7e1d530e:	68a9      	ldr	r1, [r5, #8]
7e1d5310:	bf98      	it	ls
7e1d5312:	3508      	addls	r5, #8
7e1d5314:	d911      	bls.n	7e1d533a <_realloc_r+0x15a>
7e1d5316:	6119      	str	r1, [r3, #16]
7e1d5318:	2a24      	cmp	r2, #36	; 0x24
7e1d531a:	68e9      	ldr	r1, [r5, #12]
7e1d531c:	bf14      	ite	ne
7e1d531e:	f103 0218 	addne.w	r2, r3, #24
7e1d5322:	f103 0220 	addeq.w	r2, r3, #32
7e1d5326:	6159      	str	r1, [r3, #20]
7e1d5328:	6929      	ldr	r1, [r5, #16]
7e1d532a:	bf11      	iteee	ne
7e1d532c:	3510      	addne	r5, #16
7e1d532e:	6199      	streq	r1, [r3, #24]
7e1d5330:	6969      	ldreq	r1, [r5, #20]
7e1d5332:	61d9      	streq	r1, [r3, #28]
7e1d5334:	bf04      	itt	eq
7e1d5336:	69a9      	ldreq	r1, [r5, #24]
7e1d5338:	3518      	addeq	r5, #24
7e1d533a:	6011      	str	r1, [r2, #0]
7e1d533c:	461f      	mov	r7, r3
7e1d533e:	6869      	ldr	r1, [r5, #4]
7e1d5340:	4666      	mov	r6, ip
7e1d5342:	6051      	str	r1, [r2, #4]
7e1d5344:	68ab      	ldr	r3, [r5, #8]
7e1d5346:	4655      	mov	r5, sl
7e1d5348:	6093      	str	r3, [r2, #8]
7e1d534a:	1b32      	subs	r2, r6, r4
7e1d534c:	687b      	ldr	r3, [r7, #4]
7e1d534e:	2a0f      	cmp	r2, #15
7e1d5350:	f003 0301 	and.w	r3, r3, #1
7e1d5354:	d80f      	bhi.n	7e1d5376 <_realloc_r+0x196>
7e1d5356:	4333      	orrs	r3, r6
7e1d5358:	607b      	str	r3, [r7, #4]
7e1d535a:	f8d9 3004 	ldr.w	r3, [r9, #4]
7e1d535e:	f043 0301 	orr.w	r3, r3, #1
7e1d5362:	f8c9 3004 	str.w	r3, [r9, #4]
7e1d5366:	4640      	mov	r0, r8
7e1d5368:	46aa      	mov	sl, r5
7e1d536a:	f7ff ff33 	bl	7e1d51d4 <__malloc_unlock>
7e1d536e:	4650      	mov	r0, sl
7e1d5370:	b003      	add	sp, #12
7e1d5372:	e8bd 8ff0 	ldmia.w	sp!, {r4, r5, r6, r7, r8, r9, sl, fp, pc}
7e1d5376:	1939      	adds	r1, r7, r4
7e1d5378:	4323      	orrs	r3, r4
7e1d537a:	f042 0201 	orr.w	r2, r2, #1
7e1d537e:	607b      	str	r3, [r7, #4]
7e1d5380:	604a      	str	r2, [r1, #4]
7e1d5382:	4640      	mov	r0, r8
7e1d5384:	f8d9 3004 	ldr.w	r3, [r9, #4]
7e1d5388:	3108      	adds	r1, #8
7e1d538a:	f043 0301 	orr.w	r3, r3, #1
7e1d538e:	f8c9 3004 	str.w	r3, [r9, #4]
7e1d5392:	f004 fc75 	bl	7e1d9c80 <_free_r>
7e1d5396:	e7e6      	b.n	7e1d5366 <_realloc_r+0x186>
7e1d5398:	07c8      	lsls	r0, r1, #31
7e1d539a:	f53f af75 	bmi.w	7e1d5288 <_realloc_r+0xa8>
7e1d539e:	f855 3c08 	ldr.w	r3, [r5, #-8]
7e1d53a2:	1afb      	subs	r3, r7, r3
7e1d53a4:	6859      	ldr	r1, [r3, #4]
7e1d53a6:	f021 0103 	bic.w	r1, r1, #3
7e1d53aa:	e769      	b.n	7e1d5280 <_realloc_r+0xa0>
7e1d53ac:	4611      	mov	r1, r2
7e1d53ae:	b003      	add	sp, #12
7e1d53b0:	e8bd 4ff0 	ldmia.w	sp!, {r4, r5, r6, r7, r8, r9, sl, fp, lr}
7e1d53b4:	f7ff bad8 	b.w	7e1d4968 <_malloc_r>
7e1d53b8:	f04f 0a00 	mov.w	sl, #0
7e1d53bc:	230c      	movs	r3, #12
7e1d53be:	4650      	mov	r0, sl
7e1d53c0:	f8c8 3000 	str.w	r3, [r8]
7e1d53c4:	b003      	add	sp, #12
7e1d53c6:	e8bd 8ff0 	ldmia.w	sp!, {r4, r5, r6, r7, r8, r9, sl, fp, pc}
7e1d53ca:	f020 0003 	bic.w	r0, r0, #3
7e1d53ce:	f104 0c10 	add.w	ip, r4, #16
7e1d53d2:	1833      	adds	r3, r6, r0
7e1d53d4:	4563      	cmp	r3, ip
7e1d53d6:	f280 8098 	bge.w	7e1d550a <_realloc_r+0x32a>
7e1d53da:	07cb      	lsls	r3, r1, #31
7e1d53dc:	f53f af54 	bmi.w	7e1d5288 <_realloc_r+0xa8>
7e1d53e0:	f855 3c08 	ldr.w	r3, [r5, #-8]
7e1d53e4:	1afb      	subs	r3, r7, r3
7e1d53e6:	6859      	ldr	r1, [r3, #4]
7e1d53e8:	f021 0103 	bic.w	r1, r1, #3
7e1d53ec:	4408      	add	r0, r1
7e1d53ee:	eb00 0906 	add.w	r9, r0, r6
7e1d53f2:	45cc      	cmp	ip, r9
7e1d53f4:	f73f af44 	bgt.w	7e1d5280 <_realloc_r+0xa0>
7e1d53f8:	469a      	mov	sl, r3
7e1d53fa:	68d9      	ldr	r1, [r3, #12]
7e1d53fc:	f85a 0f08 	ldr.w	r0, [sl, #8]!
7e1d5400:	1f32      	subs	r2, r6, #4
7e1d5402:	2a24      	cmp	r2, #36	; 0x24
7e1d5404:	60c1      	str	r1, [r0, #12]
7e1d5406:	6088      	str	r0, [r1, #8]
7e1d5408:	f200 809c 	bhi.w	7e1d5544 <_realloc_r+0x364>
7e1d540c:	2a13      	cmp	r2, #19
7e1d540e:	6829      	ldr	r1, [r5, #0]
7e1d5410:	bf98      	it	ls
7e1d5412:	4652      	movls	r2, sl
7e1d5414:	d91c      	bls.n	7e1d5450 <_realloc_r+0x270>
7e1d5416:	6099      	str	r1, [r3, #8]
7e1d5418:	2a1b      	cmp	r2, #27
7e1d541a:	6869      	ldr	r1, [r5, #4]
7e1d541c:	bf98      	it	ls
7e1d541e:	f103 0210 	addls.w	r2, r3, #16
7e1d5422:	60d9      	str	r1, [r3, #12]
7e1d5424:	68a9      	ldr	r1, [r5, #8]
7e1d5426:	bf98      	it	ls
7e1d5428:	3508      	addls	r5, #8
7e1d542a:	d911      	bls.n	7e1d5450 <_realloc_r+0x270>
7e1d542c:	6119      	str	r1, [r3, #16]
7e1d542e:	2a24      	cmp	r2, #36	; 0x24
7e1d5430:	68e9      	ldr	r1, [r5, #12]
7e1d5432:	bf14      	ite	ne
7e1d5434:	f103 0218 	addne.w	r2, r3, #24
7e1d5438:	f103 0220 	addeq.w	r2, r3, #32
7e1d543c:	6159      	str	r1, [r3, #20]
7e1d543e:	6929      	ldr	r1, [r5, #16]
7e1d5440:	bf11      	iteee	ne
7e1d5442:	3510      	addne	r5, #16
7e1d5444:	6199      	streq	r1, [r3, #24]
7e1d5446:	6969      	ldreq	r1, [r5, #20]
7e1d5448:	61d9      	streq	r1, [r3, #28]
7e1d544a:	bf04      	itt	eq
7e1d544c:	69a9      	ldreq	r1, [r5, #24]
7e1d544e:	3518      	addeq	r5, #24
7e1d5450:	6011      	str	r1, [r2, #0]
7e1d5452:	6869      	ldr	r1, [r5, #4]
7e1d5454:	6051      	str	r1, [r2, #4]
7e1d5456:	68a9      	ldr	r1, [r5, #8]
7e1d5458:	6091      	str	r1, [r2, #8]
7e1d545a:	1919      	adds	r1, r3, r4
7e1d545c:	eba9 0204 	sub.w	r2, r9, r4
7e1d5460:	f8cb 1008 	str.w	r1, [fp, #8]
7e1d5464:	f042 0201 	orr.w	r2, r2, #1
7e1d5468:	604a      	str	r2, [r1, #4]
7e1d546a:	4640      	mov	r0, r8
7e1d546c:	685a      	ldr	r2, [r3, #4]
7e1d546e:	f002 0201 	and.w	r2, r2, #1
7e1d5472:	4314      	orrs	r4, r2
7e1d5474:	605c      	str	r4, [r3, #4]
7e1d5476:	f7ff fead 	bl	7e1d51d4 <__malloc_unlock>
7e1d547a:	e778      	b.n	7e1d536e <_realloc_r+0x18e>
7e1d547c:	f8d9 200c 	ldr.w	r2, [r9, #12]
7e1d5480:	461e      	mov	r6, r3
7e1d5482:	f8d9 1008 	ldr.w	r1, [r9, #8]
7e1d5486:	eb07 0903 	add.w	r9, r7, r3
7e1d548a:	60ca      	str	r2, [r1, #12]
7e1d548c:	6091      	str	r1, [r2, #8]
7e1d548e:	e75c      	b.n	7e1d534a <_realloc_r+0x16a>
7e1d5490:	f850 3c04 	ldr.w	r3, [r0, #-4]
7e1d5494:	f023 0303 	bic.w	r3, r3, #3
7e1d5498:	441e      	add	r6, r3
7e1d549a:	eb07 0906 	add.w	r9, r7, r6
7e1d549e:	e754      	b.n	7e1d534a <_realloc_r+0x16a>
7e1d54a0:	6001      	str	r1, [r0, #0]
7e1d54a2:	2a1b      	cmp	r2, #27
7e1d54a4:	686b      	ldr	r3, [r5, #4]
7e1d54a6:	6043      	str	r3, [r0, #4]
7e1d54a8:	d823      	bhi.n	7e1d54f2 <_realloc_r+0x312>
7e1d54aa:	f105 0208 	add.w	r2, r5, #8
7e1d54ae:	f100 0308 	add.w	r3, r0, #8
7e1d54b2:	68a9      	ldr	r1, [r5, #8]
7e1d54b4:	e703      	b.n	7e1d52be <_realloc_r+0xde>
7e1d54b6:	4629      	mov	r1, r5
7e1d54b8:	f7ff fdce 	bl	7e1d5058 <memmove>
7e1d54bc:	e704      	b.n	7e1d52c8 <_realloc_r+0xe8>
7e1d54be:	f8d9 100c 	ldr.w	r1, [r9, #12]
7e1d54c2:	469a      	mov	sl, r3
7e1d54c4:	f8d9 0008 	ldr.w	r0, [r9, #8]
7e1d54c8:	1f32      	subs	r2, r6, #4
7e1d54ca:	2a24      	cmp	r2, #36	; 0x24
7e1d54cc:	eb03 090c 	add.w	r9, r3, ip
7e1d54d0:	60c1      	str	r1, [r0, #12]
7e1d54d2:	6088      	str	r0, [r1, #8]
7e1d54d4:	68d9      	ldr	r1, [r3, #12]
7e1d54d6:	f85a 0f08 	ldr.w	r0, [sl, #8]!
7e1d54da:	60c1      	str	r1, [r0, #12]
7e1d54dc:	6088      	str	r0, [r1, #8]
7e1d54de:	f67f af0a 	bls.w	7e1d52f6 <_realloc_r+0x116>
7e1d54e2:	4629      	mov	r1, r5
7e1d54e4:	4650      	mov	r0, sl
7e1d54e6:	4666      	mov	r6, ip
7e1d54e8:	461f      	mov	r7, r3
7e1d54ea:	4655      	mov	r5, sl
7e1d54ec:	f7ff fdb4 	bl	7e1d5058 <memmove>
7e1d54f0:	e72b      	b.n	7e1d534a <_realloc_r+0x16a>
7e1d54f2:	68ab      	ldr	r3, [r5, #8]
7e1d54f4:	2a24      	cmp	r2, #36	; 0x24
7e1d54f6:	6083      	str	r3, [r0, #8]
7e1d54f8:	68eb      	ldr	r3, [r5, #12]
7e1d54fa:	60c3      	str	r3, [r0, #12]
7e1d54fc:	d018      	beq.n	7e1d5530 <_realloc_r+0x350>
7e1d54fe:	f105 0210 	add.w	r2, r5, #16
7e1d5502:	f100 0310 	add.w	r3, r0, #16
7e1d5506:	6929      	ldr	r1, [r5, #16]
7e1d5508:	e6d9      	b.n	7e1d52be <_realloc_r+0xde>
7e1d550a:	4427      	add	r7, r4
7e1d550c:	1b1b      	subs	r3, r3, r4
7e1d550e:	f8cb 7008 	str.w	r7, [fp, #8]
7e1d5512:	f043 0301 	orr.w	r3, r3, #1
7e1d5516:	607b      	str	r3, [r7, #4]
7e1d5518:	4640      	mov	r0, r8
7e1d551a:	f855 3c04 	ldr.w	r3, [r5, #-4]
7e1d551e:	46aa      	mov	sl, r5
7e1d5520:	f003 0301 	and.w	r3, r3, #1
7e1d5524:	431c      	orrs	r4, r3
7e1d5526:	f845 4c04 	str.w	r4, [r5, #-4]
7e1d552a:	f7ff fe53 	bl	7e1d51d4 <__malloc_unlock>
7e1d552e:	e71e      	b.n	7e1d536e <_realloc_r+0x18e>
7e1d5530:	6929      	ldr	r1, [r5, #16]
7e1d5532:	f105 0218 	add.w	r2, r5, #24
7e1d5536:	f100 0318 	add.w	r3, r0, #24
7e1d553a:	6101      	str	r1, [r0, #16]
7e1d553c:	6969      	ldr	r1, [r5, #20]
7e1d553e:	6141      	str	r1, [r0, #20]
7e1d5540:	69a9      	ldr	r1, [r5, #24]
7e1d5542:	e6bc      	b.n	7e1d52be <_realloc_r+0xde>
7e1d5544:	4629      	mov	r1, r5
7e1d5546:	4650      	mov	r0, sl
7e1d5548:	9301      	str	r3, [sp, #4]
7e1d554a:	f7ff fd85 	bl	7e1d5058 <memmove>
7e1d554e:	9b01      	ldr	r3, [sp, #4]
7e1d5550:	e783      	b.n	7e1d545a <_realloc_r+0x27a>
7e1d5552:	bf00      	nop

7e1d5554 <_sbrk_r>:
7e1d5554:	b538      	push	{r3, r4, r5, lr}
7e1d5556:	f242 7414 	movw	r4, #10004	; 0x2714
7e1d555a:	f6c7 641e 	movt	r4, #32286	; 0x7e1e
7e1d555e:	4605      	mov	r5, r0
7e1d5560:	4608      	mov	r0, r1
7e1d5562:	2300      	movs	r3, #0
7e1d5564:	6023      	str	r3, [r4, #0]
7e1d5566:	f006 edb4 	blx	7e1dc0d0 <___sbrk_veneer>
7e1d556a:	1c43      	adds	r3, r0, #1
7e1d556c:	d000      	beq.n	7e1d5570 <_sbrk_r+0x1c>
7e1d556e:	bd38      	pop	{r3, r4, r5, pc}
7e1d5570:	6823      	ldr	r3, [r4, #0]
7e1d5572:	2b00      	cmp	r3, #0
7e1d5574:	d0fb      	beq.n	7e1d556e <_sbrk_r+0x1a>
7e1d5576:	602b      	str	r3, [r5, #0]
7e1d5578:	bd38      	pop	{r3, r4, r5, pc}
7e1d557a:	bf00      	nop

7e1d557c <snprintf>:
7e1d557c:	b40c      	push	{r2, r3}
7e1d557e:	f24c 1328 	movw	r3, #49448	; 0xc128
7e1d5582:	f6c7 631d 	movt	r3, #32285	; 0x7e1d
7e1d5586:	b570      	push	{r4, r5, r6, lr}
7e1d5588:	1e0c      	subs	r4, r1, #0
7e1d558a:	681d      	ldr	r5, [r3, #0]
7e1d558c:	b09c      	sub	sp, #112	; 0x70
7e1d558e:	bfbe      	ittt	lt
7e1d5590:	238b      	movlt	r3, #139	; 0x8b
7e1d5592:	f04f 30ff 	movlt.w	r0, #4294967295
7e1d5596:	602b      	strlt	r3, [r5, #0]
7e1d5598:	db18      	blt.n	7e1d55cc <snprintf+0x50>
7e1d559a:	f44f 7302 	mov.w	r3, #520	; 0x208
7e1d559e:	9002      	str	r0, [sp, #8]
7e1d55a0:	9006      	str	r0, [sp, #24]
7e1d55a2:	f8ad 3014 	strh.w	r3, [sp, #20]
7e1d55a6:	d116      	bne.n	7e1d55d6 <snprintf+0x5a>
7e1d55a8:	ae21      	add	r6, sp, #132	; 0x84
7e1d55aa:	9a20      	ldr	r2, [sp, #128]	; 0x80
7e1d55ac:	a902      	add	r1, sp, #8
7e1d55ae:	4628      	mov	r0, r5
7e1d55b0:	4633      	mov	r3, r6
7e1d55b2:	9404      	str	r4, [sp, #16]
7e1d55b4:	9407      	str	r4, [sp, #28]
7e1d55b6:	f64f 74ff 	movw	r4, #65535	; 0xffff
7e1d55ba:	9601      	str	r6, [sp, #4]
7e1d55bc:	f8ad 4016 	strh.w	r4, [sp, #22]
7e1d55c0:	f001 fd80 	bl	7e1d70c4 <_svfprintf_r>
7e1d55c4:	1c43      	adds	r3, r0, #1
7e1d55c6:	da01      	bge.n	7e1d55cc <snprintf+0x50>
7e1d55c8:	238b      	movs	r3, #139	; 0x8b
7e1d55ca:	602b      	str	r3, [r5, #0]
7e1d55cc:	b01c      	add	sp, #112	; 0x70
7e1d55ce:	e8bd 4070 	ldmia.w	sp!, {r4, r5, r6, lr}
7e1d55d2:	b002      	add	sp, #8
7e1d55d4:	4770      	bx	lr
7e1d55d6:	ab21      	add	r3, sp, #132	; 0x84
7e1d55d8:	9a20      	ldr	r2, [sp, #128]	; 0x80
7e1d55da:	a902      	add	r1, sp, #8
7e1d55dc:	4628      	mov	r0, r5
7e1d55de:	9301      	str	r3, [sp, #4]
7e1d55e0:	3c01      	subs	r4, #1
7e1d55e2:	9404      	str	r4, [sp, #16]
7e1d55e4:	9407      	str	r4, [sp, #28]
7e1d55e6:	f64f 74ff 	movw	r4, #65535	; 0xffff
7e1d55ea:	f8ad 4016 	strh.w	r4, [sp, #22]
7e1d55ee:	f001 fd69 	bl	7e1d70c4 <_svfprintf_r>
7e1d55f2:	1c42      	adds	r2, r0, #1
7e1d55f4:	f04f 0200 	mov.w	r2, #0
7e1d55f8:	bfbc      	itt	lt
7e1d55fa:	238b      	movlt	r3, #139	; 0x8b
7e1d55fc:	602b      	strlt	r3, [r5, #0]
7e1d55fe:	9b02      	ldr	r3, [sp, #8]
7e1d5600:	701a      	strb	r2, [r3, #0]
7e1d5602:	b01c      	add	sp, #112	; 0x70
7e1d5604:	e8bd 4070 	ldmia.w	sp!, {r4, r5, r6, lr}
7e1d5608:	b002      	add	sp, #8
7e1d560a:	4770      	bx	lr

7e1d560c <strchr>:
7e1d560c:	b2c9      	uxtb	r1, r1
7e1d560e:	f000 0303 	and.w	r3, r0, #3
7e1d5612:	2900      	cmp	r1, #0
7e1d5614:	d042      	beq.n	7e1d569c <strchr+0x90>
7e1d5616:	b17b      	cbz	r3, 7e1d5638 <strchr+0x2c>
7e1d5618:	7803      	ldrb	r3, [r0, #0]
7e1d561a:	2b00      	cmp	r3, #0
7e1d561c:	d066      	beq.n	7e1d56ec <strchr+0xe0>
7e1d561e:	4299      	cmp	r1, r3
7e1d5620:	d061      	beq.n	7e1d56e6 <strchr+0xda>
7e1d5622:	1c43      	adds	r3, r0, #1
7e1d5624:	e005      	b.n	7e1d5632 <strchr+0x26>
7e1d5626:	f813 2b01 	ldrb.w	r2, [r3], #1
7e1d562a:	2a00      	cmp	r2, #0
7e1d562c:	d05c      	beq.n	7e1d56e8 <strchr+0xdc>
7e1d562e:	428a      	cmp	r2, r1
7e1d5630:	d059      	beq.n	7e1d56e6 <strchr+0xda>
7e1d5632:	079a      	lsls	r2, r3, #30
7e1d5634:	4618      	mov	r0, r3
7e1d5636:	d1f6      	bne.n	7e1d5626 <strchr+0x1a>
7e1d5638:	b470      	push	{r4, r5, r6}
7e1d563a:	ea41 2601 	orr.w	r6, r1, r1, lsl #8
7e1d563e:	6804      	ldr	r4, [r0, #0]
7e1d5640:	ea46 4606 	orr.w	r6, r6, r6, lsl #16
7e1d5644:	ea86 0504 	eor.w	r5, r6, r4
7e1d5648:	f1a4 3301 	sub.w	r3, r4, #16843009	; 0x1010101
7e1d564c:	f1a5 3201 	sub.w	r2, r5, #16843009	; 0x1010101
7e1d5650:	ea23 0304 	bic.w	r3, r3, r4
7e1d5654:	ea22 0205 	bic.w	r2, r2, r5
7e1d5658:	4313      	orrs	r3, r2
7e1d565a:	f013 3f80 	tst.w	r3, #2155905152	; 0x80808080
7e1d565e:	d10f      	bne.n	7e1d5680 <strchr+0x74>
7e1d5660:	f850 4f04 	ldr.w	r4, [r0, #4]!
7e1d5664:	ea84 0506 	eor.w	r5, r4, r6
7e1d5668:	f1a4 3301 	sub.w	r3, r4, #16843009	; 0x1010101
7e1d566c:	f1a5 3201 	sub.w	r2, r5, #16843009	; 0x1010101
7e1d5670:	ea23 0304 	bic.w	r3, r3, r4
7e1d5674:	ea22 0205 	bic.w	r2, r2, r5
7e1d5678:	4313      	orrs	r3, r2
7e1d567a:	f013 3f80 	tst.w	r3, #2155905152	; 0x80808080
7e1d567e:	d0ef      	beq.n	7e1d5660 <strchr+0x54>
7e1d5680:	7803      	ldrb	r3, [r0, #0]
7e1d5682:	b143      	cbz	r3, 7e1d5696 <strchr+0x8a>
7e1d5684:	4299      	cmp	r1, r3
7e1d5686:	d102      	bne.n	7e1d568e <strchr+0x82>
7e1d5688:	e006      	b.n	7e1d5698 <strchr+0x8c>
7e1d568a:	428b      	cmp	r3, r1
7e1d568c:	d004      	beq.n	7e1d5698 <strchr+0x8c>
7e1d568e:	f810 3f01 	ldrb.w	r3, [r0, #1]!
7e1d5692:	2b00      	cmp	r3, #0
7e1d5694:	d1f9      	bne.n	7e1d568a <strchr+0x7e>
7e1d5696:	4618      	mov	r0, r3
7e1d5698:	bc70      	pop	{r4, r5, r6}
7e1d569a:	4770      	bx	lr
7e1d569c:	b15b      	cbz	r3, 7e1d56b6 <strchr+0xaa>
7e1d569e:	7803      	ldrb	r3, [r0, #0]
7e1d56a0:	b30b      	cbz	r3, 7e1d56e6 <strchr+0xda>
7e1d56a2:	1c43      	adds	r3, r0, #1
7e1d56a4:	e001      	b.n	7e1d56aa <strchr+0x9e>
7e1d56a6:	7802      	ldrb	r2, [r0, #0]
7e1d56a8:	b1ea      	cbz	r2, 7e1d56e6 <strchr+0xda>
7e1d56aa:	f013 0f03 	tst.w	r3, #3
7e1d56ae:	4618      	mov	r0, r3
7e1d56b0:	f103 0301 	add.w	r3, r3, #1
7e1d56b4:	d1f7      	bne.n	7e1d56a6 <strchr+0x9a>
7e1d56b6:	6802      	ldr	r2, [r0, #0]
7e1d56b8:	f1a2 3301 	sub.w	r3, r2, #16843009	; 0x1010101
7e1d56bc:	ea23 0302 	bic.w	r3, r3, r2
7e1d56c0:	f013 3f80 	tst.w	r3, #2155905152	; 0x80808080
7e1d56c4:	d108      	bne.n	7e1d56d8 <strchr+0xcc>
7e1d56c6:	f850 2f04 	ldr.w	r2, [r0, #4]!
7e1d56ca:	f1a2 3301 	sub.w	r3, r2, #16843009	; 0x1010101
7e1d56ce:	ea23 0302 	bic.w	r3, r3, r2
7e1d56d2:	f013 3f80 	tst.w	r3, #2155905152	; 0x80808080
7e1d56d6:	d0f6      	beq.n	7e1d56c6 <strchr+0xba>
7e1d56d8:	7803      	ldrb	r3, [r0, #0]
7e1d56da:	b123      	cbz	r3, 7e1d56e6 <strchr+0xda>
7e1d56dc:	f810 3f01 	ldrb.w	r3, [r0, #1]!
7e1d56e0:	2b00      	cmp	r3, #0
7e1d56e2:	d1fb      	bne.n	7e1d56dc <strchr+0xd0>
7e1d56e4:	4770      	bx	lr
7e1d56e6:	4770      	bx	lr
7e1d56e8:	4610      	mov	r0, r2
7e1d56ea:	4770      	bx	lr
7e1d56ec:	4618      	mov	r0, r3
7e1d56ee:	4770      	bx	lr

7e1d56f0 <strcmp>:
7e1d56f0:	ea80 0c01 	eor.w	ip, r0, r1
7e1d56f4:	f01c 0f03 	tst.w	ip, #3
7e1d56f8:	d137      	bne.n	7e1d576a <strcmp+0x7a>
7e1d56fa:	f010 0c03 	ands.w	ip, r0, #3
7e1d56fe:	f020 0003 	bic.w	r0, r0, #3
7e1d5702:	f021 0103 	bic.w	r1, r1, #3
7e1d5706:	f850 2b04 	ldr.w	r2, [r0], #4
7e1d570a:	bf08      	it	eq
7e1d570c:	f851 3b04 	ldreq.w	r3, [r1], #4
7e1d5710:	d00e      	beq.n	7e1d5730 <strcmp+0x40>
7e1d5712:	f08c 0c03 	eor.w	ip, ip, #3
7e1d5716:	f06f 437f 	mvn.w	r3, #4278190080	; 0xff000000
7e1d571a:	ea4f 0ccc 	mov.w	ip, ip, lsl #3
7e1d571e:	fa23 fc0c 	lsr.w	ip, r3, ip
7e1d5722:	f851 3b04 	ldr.w	r3, [r1], #4
7e1d5726:	ea42 020c 	orr.w	r2, r2, ip
7e1d572a:	ea43 030c 	orr.w	r3, r3, ip
7e1d572e:	bf00      	nop
7e1d5730:	f1a2 3c01 	sub.w	ip, r2, #16843009	; 0x1010101
7e1d5734:	429a      	cmp	r2, r3
7e1d5736:	bf01      	itttt	eq
7e1d5738:	ea2c 0c02 	biceq.w	ip, ip, r2
7e1d573c:	f01c 3f80 	tsteq.w	ip, #2155905152	; 0x80808080
7e1d5740:	f850 2b04 	ldreq.w	r2, [r0], #4
7e1d5744:	f851 3b04 	ldreq.w	r3, [r1], #4
7e1d5748:	d0f2      	beq.n	7e1d5730 <strcmp+0x40>
7e1d574a:	ea4f 6002 	mov.w	r0, r2, lsl #24
7e1d574e:	ea4f 2212 	mov.w	r2, r2, lsr #8
7e1d5752:	2801      	cmp	r0, #1
7e1d5754:	bf28      	it	cs
7e1d5756:	ebb0 6f03 	cmpcs.w	r0, r3, lsl #24
7e1d575a:	bf08      	it	eq
7e1d575c:	0a1b      	lsreq	r3, r3, #8
7e1d575e:	d0f4      	beq.n	7e1d574a <strcmp+0x5a>
7e1d5760:	f003 03ff 	and.w	r3, r3, #255	; 0xff
7e1d5764:	0e00      	lsrs	r0, r0, #24
7e1d5766:	1ac0      	subs	r0, r0, r3
7e1d5768:	4770      	bx	lr
7e1d576a:	f010 0f03 	tst.w	r0, #3
7e1d576e:	d00a      	beq.n	7e1d5786 <strcmp+0x96>
7e1d5770:	f810 2b01 	ldrb.w	r2, [r0], #1
7e1d5774:	f811 3b01 	ldrb.w	r3, [r1], #1
7e1d5778:	2a01      	cmp	r2, #1
7e1d577a:	bf28      	it	cs
7e1d577c:	429a      	cmpcs	r2, r3
7e1d577e:	d0f4      	beq.n	7e1d576a <strcmp+0x7a>
7e1d5780:	eba2 0003 	sub.w	r0, r2, r3
7e1d5784:	4770      	bx	lr
7e1d5786:	f84d 5d04 	str.w	r5, [sp, #-4]!
7e1d578a:	f850 2b04 	ldr.w	r2, [r0], #4
7e1d578e:	f001 0503 	and.w	r5, r1, #3
7e1d5792:	f021 0103 	bic.w	r1, r1, #3
7e1d5796:	f851 3b04 	ldr.w	r3, [r1], #4
7e1d579a:	2d02      	cmp	r5, #2
7e1d579c:	d026      	beq.n	7e1d57ec <strcmp+0xfc>
7e1d579e:	d84d      	bhi.n	7e1d583c <strcmp+0x14c>
7e1d57a0:	f022 457f 	bic.w	r5, r2, #4278190080	; 0xff000000
7e1d57a4:	ebb5 2f13 	cmp.w	r5, r3, lsr #8
7e1d57a8:	f1a2 3c01 	sub.w	ip, r2, #16843009	; 0x1010101
7e1d57ac:	ea2c 0c02 	bic.w	ip, ip, r2
7e1d57b0:	d10d      	bne.n	7e1d57ce <strcmp+0xde>
7e1d57b2:	f01c 3c80 	ands.w	ip, ip, #2155905152	; 0x80808080
7e1d57b6:	bf08      	it	eq
7e1d57b8:	f851 3b04 	ldreq.w	r3, [r1], #4
7e1d57bc:	d10a      	bne.n	7e1d57d4 <strcmp+0xe4>
7e1d57be:	ea85 0502 	eor.w	r5, r5, r2
7e1d57c2:	ebb5 6f03 	cmp.w	r5, r3, lsl #24
7e1d57c6:	d10c      	bne.n	7e1d57e2 <strcmp+0xf2>
7e1d57c8:	f850 2b04 	ldr.w	r2, [r0], #4
7e1d57cc:	e7e8      	b.n	7e1d57a0 <strcmp+0xb0>
7e1d57ce:	ea4f 2313 	mov.w	r3, r3, lsr #8
7e1d57d2:	e05b      	b.n	7e1d588c <strcmp+0x19c>
7e1d57d4:	f03c 4c7f 	bics.w	ip, ip, #4278190080	; 0xff000000
7e1d57d8:	d154      	bne.n	7e1d5884 <strcmp+0x194>
7e1d57da:	780b      	ldrb	r3, [r1, #0]
7e1d57dc:	ea4f 6512 	mov.w	r5, r2, lsr #24
7e1d57e0:	e054      	b.n	7e1d588c <strcmp+0x19c>
7e1d57e2:	ea4f 6512 	mov.w	r5, r2, lsr #24
7e1d57e6:	f003 03ff 	and.w	r3, r3, #255	; 0xff
7e1d57ea:	e04f      	b.n	7e1d588c <strcmp+0x19c>
7e1d57ec:	ea4f 4502 	mov.w	r5, r2, lsl #16
7e1d57f0:	f1a2 3c01 	sub.w	ip, r2, #16843009	; 0x1010101
7e1d57f4:	ea4f 4515 	mov.w	r5, r5, lsr #16
7e1d57f8:	ea2c 0c02 	bic.w	ip, ip, r2
7e1d57fc:	ebb5 4f13 	cmp.w	r5, r3, lsr #16
7e1d5800:	d118      	bne.n	7e1d5834 <strcmp+0x144>
7e1d5802:	f01c 3c80 	ands.w	ip, ip, #2155905152	; 0x80808080
7e1d5806:	bf08      	it	eq
7e1d5808:	f851 3b04 	ldreq.w	r3, [r1], #4
7e1d580c:	d107      	bne.n	7e1d581e <strcmp+0x12e>
7e1d580e:	ea85 0502 	eor.w	r5, r5, r2
7e1d5812:	ebb5 4f03 	cmp.w	r5, r3, lsl #16
7e1d5816:	d109      	bne.n	7e1d582c <strcmp+0x13c>
7e1d5818:	f850 2b04 	ldr.w	r2, [r0], #4
7e1d581c:	e7e6      	b.n	7e1d57ec <strcmp+0xfc>
7e1d581e:	ea5f 4c0c 	movs.w	ip, ip, lsl #16
7e1d5822:	d12f      	bne.n	7e1d5884 <strcmp+0x194>
7e1d5824:	880b      	ldrh	r3, [r1, #0]
7e1d5826:	ea4f 4512 	mov.w	r5, r2, lsr #16
7e1d582a:	e02f      	b.n	7e1d588c <strcmp+0x19c>
7e1d582c:	ea4f 4303 	mov.w	r3, r3, lsl #16
7e1d5830:	ea4f 4512 	mov.w	r5, r2, lsr #16
7e1d5834:	ea4f 4313 	mov.w	r3, r3, lsr #16
7e1d5838:	e028      	b.n	7e1d588c <strcmp+0x19c>
7e1d583a:	bf00      	nop
7e1d583c:	f002 05ff 	and.w	r5, r2, #255	; 0xff
7e1d5840:	ebb5 6f13 	cmp.w	r5, r3, lsr #24
7e1d5844:	f1a2 3c01 	sub.w	ip, r2, #16843009	; 0x1010101
7e1d5848:	ea2c 0c02 	bic.w	ip, ip, r2
7e1d584c:	d10d      	bne.n	7e1d586a <strcmp+0x17a>
7e1d584e:	f01c 3c80 	ands.w	ip, ip, #2155905152	; 0x80808080
7e1d5852:	bf08      	it	eq
7e1d5854:	f851 3b04 	ldreq.w	r3, [r1], #4
7e1d5858:	d10a      	bne.n	7e1d5870 <strcmp+0x180>
7e1d585a:	ea85 0502 	eor.w	r5, r5, r2
7e1d585e:	ebb5 2f03 	cmp.w	r5, r3, lsl #8
7e1d5862:	d10a      	bne.n	7e1d587a <strcmp+0x18a>
7e1d5864:	f850 2b04 	ldr.w	r2, [r0], #4
7e1d5868:	e7e8      	b.n	7e1d583c <strcmp+0x14c>
7e1d586a:	ea4f 6313 	mov.w	r3, r3, lsr #24
7e1d586e:	e00d      	b.n	7e1d588c <strcmp+0x19c>
7e1d5870:	f012 0fff 	tst.w	r2, #255	; 0xff
7e1d5874:	d006      	beq.n	7e1d5884 <strcmp+0x194>
7e1d5876:	f851 3b04 	ldr.w	r3, [r1], #4
7e1d587a:	ea4f 2512 	mov.w	r5, r2, lsr #8
7e1d587e:	f023 437f 	bic.w	r3, r3, #4278190080	; 0xff000000
7e1d5882:	e003      	b.n	7e1d588c <strcmp+0x19c>
7e1d5884:	f04f 0000 	mov.w	r0, #0
7e1d5888:	bc20      	pop	{r5}
7e1d588a:	4770      	bx	lr
7e1d588c:	f005 02ff 	and.w	r2, r5, #255	; 0xff
7e1d5890:	f003 00ff 	and.w	r0, r3, #255	; 0xff
7e1d5894:	2801      	cmp	r0, #1
7e1d5896:	bf28      	it	cs
7e1d5898:	4290      	cmpcs	r0, r2
7e1d589a:	bf04      	itt	eq
7e1d589c:	0a2d      	lsreq	r5, r5, #8
7e1d589e:	0a1b      	lsreq	r3, r3, #8
7e1d58a0:	d0f4      	beq.n	7e1d588c <strcmp+0x19c>
7e1d58a2:	eba2 0000 	sub.w	r0, r2, r0
7e1d58a6:	bc20      	pop	{r5}
7e1d58a8:	4770      	bx	lr
7e1d58aa:	bf00      	nop

7e1d58ac <strcpy>:
7e1d58ac:	ea80 0201 	eor.w	r2, r0, r1
7e1d58b0:	4684      	mov	ip, r0
7e1d58b2:	f012 0f03 	tst.w	r2, #3
7e1d58b6:	d14f      	bne.n	7e1d5958 <strcpy+0xac>
7e1d58b8:	f011 0f03 	tst.w	r1, #3
7e1d58bc:	d132      	bne.n	7e1d5924 <strcpy+0x78>
7e1d58be:	f84d 4d04 	str.w	r4, [sp, #-4]!
7e1d58c2:	f011 0f04 	tst.w	r1, #4
7e1d58c6:	f851 3b04 	ldr.w	r3, [r1], #4
7e1d58ca:	d00b      	beq.n	7e1d58e4 <strcpy+0x38>
7e1d58cc:	f1a3 3201 	sub.w	r2, r3, #16843009	; 0x1010101
7e1d58d0:	439a      	bics	r2, r3
7e1d58d2:	f012 3f80 	tst.w	r2, #2155905152	; 0x80808080
7e1d58d6:	bf04      	itt	eq
7e1d58d8:	f84c 3b04 	streq.w	r3, [ip], #4
7e1d58dc:	f851 3b04 	ldreq.w	r3, [r1], #4
7e1d58e0:	d116      	bne.n	7e1d5910 <strcpy+0x64>
7e1d58e2:	bf00      	nop
7e1d58e4:	f851 4b04 	ldr.w	r4, [r1], #4
7e1d58e8:	f1a3 3201 	sub.w	r2, r3, #16843009	; 0x1010101
7e1d58ec:	439a      	bics	r2, r3
7e1d58ee:	f012 3f80 	tst.w	r2, #2155905152	; 0x80808080
7e1d58f2:	f1a4 3201 	sub.w	r2, r4, #16843009	; 0x1010101
7e1d58f6:	d10b      	bne.n	7e1d5910 <strcpy+0x64>
7e1d58f8:	f84c 3b04 	str.w	r3, [ip], #4
7e1d58fc:	43a2      	bics	r2, r4
7e1d58fe:	f012 3f80 	tst.w	r2, #2155905152	; 0x80808080
7e1d5902:	bf04      	itt	eq
7e1d5904:	f851 3b04 	ldreq.w	r3, [r1], #4
7e1d5908:	f84c 4b04 	streq.w	r4, [ip], #4
7e1d590c:	d0ea      	beq.n	7e1d58e4 <strcpy+0x38>
7e1d590e:	4623      	mov	r3, r4
7e1d5910:	f80c 3b01 	strb.w	r3, [ip], #1
7e1d5914:	f013 0fff 	tst.w	r3, #255	; 0xff
7e1d5918:	ea4f 2333 	mov.w	r3, r3, ror #8
7e1d591c:	d1f8      	bne.n	7e1d5910 <strcpy+0x64>
7e1d591e:	f85d 4b04 	ldr.w	r4, [sp], #4
7e1d5922:	4770      	bx	lr
7e1d5924:	f011 0f01 	tst.w	r1, #1
7e1d5928:	d006      	beq.n	7e1d5938 <strcpy+0x8c>
7e1d592a:	f811 2b01 	ldrb.w	r2, [r1], #1
7e1d592e:	f80c 2b01 	strb.w	r2, [ip], #1
7e1d5932:	2a00      	cmp	r2, #0
7e1d5934:	bf08      	it	eq
7e1d5936:	4770      	bxeq	lr
7e1d5938:	f011 0f02 	tst.w	r1, #2
7e1d593c:	d0bf      	beq.n	7e1d58be <strcpy+0x12>
7e1d593e:	f831 2b02 	ldrh.w	r2, [r1], #2
7e1d5942:	f012 0fff 	tst.w	r2, #255	; 0xff
7e1d5946:	bf16      	itet	ne
7e1d5948:	f82c 2b02 	strhne.w	r2, [ip], #2
7e1d594c:	f88c 2000 	strbeq.w	r2, [ip]
7e1d5950:	f412 4f7f 	tstne.w	r2, #65280	; 0xff00
7e1d5954:	d1b3      	bne.n	7e1d58be <strcpy+0x12>
7e1d5956:	4770      	bx	lr
7e1d5958:	f811 2b01 	ldrb.w	r2, [r1], #1
7e1d595c:	f80c 2b01 	strb.w	r2, [ip], #1
7e1d5960:	2a00      	cmp	r2, #0
7e1d5962:	d1f9      	bne.n	7e1d5958 <strcpy+0xac>
7e1d5964:	4770      	bx	lr
7e1d5966:	bf00      	nop

7e1d5968 <strlen>:
7e1d5968:	f020 0103 	bic.w	r1, r0, #3
7e1d596c:	f010 0003 	ands.w	r0, r0, #3
7e1d5970:	f1c0 0000 	rsb	r0, r0, #0
7e1d5974:	f851 3b04 	ldr.w	r3, [r1], #4
7e1d5978:	f100 0c04 	add.w	ip, r0, #4
7e1d597c:	ea4f 0ccc 	mov.w	ip, ip, lsl #3
7e1d5980:	f06f 0200 	mvn.w	r2, #0
7e1d5984:	bf1c      	itt	ne
7e1d5986:	fa22 f20c 	lsrne.w	r2, r2, ip
7e1d598a:	4313      	orrne	r3, r2
7e1d598c:	f04f 0c01 	mov.w	ip, #1
7e1d5990:	ea4c 2c0c 	orr.w	ip, ip, ip, lsl #8
7e1d5994:	ea4c 4c0c 	orr.w	ip, ip, ip, lsl #16
7e1d5998:	eba3 020c 	sub.w	r2, r3, ip
7e1d599c:	ea22 0203 	bic.w	r2, r2, r3
7e1d59a0:	ea12 12cc 	ands.w	r2, r2, ip, lsl #7
7e1d59a4:	bf04      	itt	eq
7e1d59a6:	f851 3b04 	ldreq.w	r3, [r1], #4
7e1d59aa:	3004      	addeq	r0, #4
7e1d59ac:	d0f4      	beq.n	7e1d5998 <strlen+0x30>
7e1d59ae:	f1c2 0100 	rsb	r1, r2, #0
7e1d59b2:	ea02 0201 	and.w	r2, r2, r1
7e1d59b6:	fab2 f282 	clz	r2, r2
7e1d59ba:	f1c2 021f 	rsb	r2, r2, #31
7e1d59be:	eb00 00d2 	add.w	r0, r0, r2, lsr #3
7e1d59c2:	4770      	bx	lr

7e1d59c4 <strncmp>:
7e1d59c4:	2a00      	cmp	r2, #0
7e1d59c6:	d049      	beq.n	7e1d5a5c <strncmp+0x98>
7e1d59c8:	ea40 0301 	orr.w	r3, r0, r1
7e1d59cc:	f013 0303 	ands.w	r3, r3, #3
7e1d59d0:	b4f0      	push	{r4, r5, r6, r7}
7e1d59d2:	d125      	bne.n	7e1d5a20 <strncmp+0x5c>
7e1d59d4:	2a03      	cmp	r2, #3
7e1d59d6:	d923      	bls.n	7e1d5a20 <strncmp+0x5c>
7e1d59d8:	6804      	ldr	r4, [r0, #0]
7e1d59da:	680d      	ldr	r5, [r1, #0]
7e1d59dc:	42ac      	cmp	r4, r5
7e1d59de:	d11f      	bne.n	7e1d5a20 <strncmp+0x5c>
7e1d59e0:	3a04      	subs	r2, #4
7e1d59e2:	d038      	beq.n	7e1d5a56 <strncmp+0x92>
7e1d59e4:	f1a4 3501 	sub.w	r5, r4, #16843009	; 0x1010101
7e1d59e8:	ea25 0404 	bic.w	r4, r5, r4
7e1d59ec:	f014 3f80 	tst.w	r4, #2155905152	; 0x80808080
7e1d59f0:	d131      	bne.n	7e1d5a56 <strncmp+0x92>
7e1d59f2:	1d07      	adds	r7, r0, #4
7e1d59f4:	1d0d      	adds	r5, r1, #4
7e1d59f6:	e00d      	b.n	7e1d5a14 <strncmp+0x50>
7e1d59f8:	f857 3b04 	ldr.w	r3, [r7], #4
7e1d59fc:	680e      	ldr	r6, [r1, #0]
7e1d59fe:	f1a3 3401 	sub.w	r4, r3, #16843009	; 0x1010101
7e1d5a02:	42b3      	cmp	r3, r6
7e1d5a04:	ea24 0403 	bic.w	r4, r4, r3
7e1d5a08:	d10a      	bne.n	7e1d5a20 <strncmp+0x5c>
7e1d5a0a:	3a04      	subs	r2, #4
7e1d5a0c:	d023      	beq.n	7e1d5a56 <strncmp+0x92>
7e1d5a0e:	f014 3f80 	tst.w	r4, #2155905152	; 0x80808080
7e1d5a12:	d120      	bne.n	7e1d5a56 <strncmp+0x92>
7e1d5a14:	2a03      	cmp	r2, #3
7e1d5a16:	4629      	mov	r1, r5
7e1d5a18:	4638      	mov	r0, r7
7e1d5a1a:	f105 0504 	add.w	r5, r5, #4
7e1d5a1e:	d8eb      	bhi.n	7e1d59f8 <strncmp+0x34>
7e1d5a20:	7804      	ldrb	r4, [r0, #0]
7e1d5a22:	780e      	ldrb	r6, [r1, #0]
7e1d5a24:	42a6      	cmp	r6, r4
7e1d5a26:	d11b      	bne.n	7e1d5a60 <strncmp+0x9c>
7e1d5a28:	2a01      	cmp	r2, #1
7e1d5a2a:	bf18      	it	ne
7e1d5a2c:	2e00      	cmpne	r6, #0
7e1d5a2e:	d012      	beq.n	7e1d5a56 <strncmp+0x92>
7e1d5a30:	4605      	mov	r5, r0
7e1d5a32:	f815 4f01 	ldrb.w	r4, [r5, #1]!
7e1d5a36:	f811 6f01 	ldrb.w	r6, [r1, #1]!
7e1d5a3a:	42b4      	cmp	r4, r6
7e1d5a3c:	ea6f 0305 	mvn.w	r3, r5
7e1d5a40:	4413      	add	r3, r2
7e1d5a42:	d10d      	bne.n	7e1d5a60 <strncmp+0x9c>
7e1d5a44:	42d8      	cmn	r0, r3
7e1d5a46:	bf0c      	ite	eq
7e1d5a48:	2301      	moveq	r3, #1
7e1d5a4a:	2300      	movne	r3, #0
7e1d5a4c:	2c00      	cmp	r4, #0
7e1d5a4e:	bf08      	it	eq
7e1d5a50:	2301      	moveq	r3, #1
7e1d5a52:	2b00      	cmp	r3, #0
7e1d5a54:	d0ed      	beq.n	7e1d5a32 <strncmp+0x6e>
7e1d5a56:	2000      	movs	r0, #0
7e1d5a58:	bcf0      	pop	{r4, r5, r6, r7}
7e1d5a5a:	4770      	bx	lr
7e1d5a5c:	4610      	mov	r0, r2
7e1d5a5e:	4770      	bx	lr
7e1d5a60:	1ba0      	subs	r0, r4, r6
7e1d5a62:	bcf0      	pop	{r4, r5, r6, r7}
7e1d5a64:	4770      	bx	lr
7e1d5a66:	bf00      	nop

7e1d5a68 <strncpy>:
7e1d5a68:	2a03      	cmp	r2, #3
7e1d5a6a:	ea40 0301 	orr.w	r3, r0, r1
7e1d5a6e:	b470      	push	{r4, r5, r6}
7e1d5a70:	f3c3 0401 	ubfx	r4, r3, #0, #2
7e1d5a74:	bf94      	ite	ls
7e1d5a76:	2500      	movls	r5, #0
7e1d5a78:	2501      	movhi	r5, #1
7e1d5a7a:	2c00      	cmp	r4, #0
7e1d5a7c:	4606      	mov	r6, r0
7e1d5a7e:	bf18      	it	ne
7e1d5a80:	2500      	movne	r5, #0
7e1d5a82:	b9a5      	cbnz	r5, 7e1d5aae <strncpy+0x46>
7e1d5a84:	b18a      	cbz	r2, 7e1d5aaa <strncpy+0x42>
7e1d5a86:	780c      	ldrb	r4, [r1, #0]
7e1d5a88:	4633      	mov	r3, r6
7e1d5a8a:	1e55      	subs	r5, r2, #1
7e1d5a8c:	f803 4b01 	strb.w	r4, [r3], #1
7e1d5a90:	b1fc      	cbz	r4, 7e1d5ad2 <strncpy+0x6a>
7e1d5a92:	4432      	add	r2, r6
7e1d5a94:	442e      	add	r6, r5
7e1d5a96:	e004      	b.n	7e1d5aa2 <strncpy+0x3a>
7e1d5a98:	f811 4f01 	ldrb.w	r4, [r1, #1]!
7e1d5a9c:	f803 4b01 	strb.w	r4, [r3], #1
7e1d5aa0:	b1bc      	cbz	r4, 7e1d5ad2 <strncpy+0x6a>
7e1d5aa2:	429a      	cmp	r2, r3
7e1d5aa4:	eba6 0503 	sub.w	r5, r6, r3
7e1d5aa8:	d1f6      	bne.n	7e1d5a98 <strncpy+0x30>
7e1d5aaa:	bc70      	pop	{r4, r5, r6}
7e1d5aac:	4770      	bx	lr
7e1d5aae:	460b      	mov	r3, r1
7e1d5ab0:	4619      	mov	r1, r3
7e1d5ab2:	f853 5b04 	ldr.w	r5, [r3], #4
7e1d5ab6:	f1a5 3401 	sub.w	r4, r5, #16843009	; 0x1010101
7e1d5aba:	ea24 0405 	bic.w	r4, r4, r5
7e1d5abe:	f014 3f80 	tst.w	r4, #2155905152	; 0x80808080
7e1d5ac2:	d1e0      	bne.n	7e1d5a86 <strncpy+0x1e>
7e1d5ac4:	3a04      	subs	r2, #4
7e1d5ac6:	f846 5b04 	str.w	r5, [r6], #4
7e1d5aca:	2a03      	cmp	r2, #3
7e1d5acc:	4619      	mov	r1, r3
7e1d5ace:	d8ef      	bhi.n	7e1d5ab0 <strncpy+0x48>
7e1d5ad0:	e7d8      	b.n	7e1d5a84 <strncpy+0x1c>
7e1d5ad2:	2d00      	cmp	r5, #0
7e1d5ad4:	d0e9      	beq.n	7e1d5aaa <strncpy+0x42>
7e1d5ad6:	441d      	add	r5, r3
7e1d5ad8:	2200      	movs	r2, #0
7e1d5ada:	f803 2b01 	strb.w	r2, [r3], #1
7e1d5ade:	42ab      	cmp	r3, r5
7e1d5ae0:	d1fb      	bne.n	7e1d5ada <strncpy+0x72>
7e1d5ae2:	bc70      	pop	{r4, r5, r6}
7e1d5ae4:	4770      	bx	lr
7e1d5ae6:	bf00      	nop

7e1d5ae8 <strrchr>:
7e1d5ae8:	b171      	cbz	r1, 7e1d5b08 <strrchr+0x20>
7e1d5aea:	b538      	push	{r3, r4, r5, lr}
7e1d5aec:	4603      	mov	r3, r0
7e1d5aee:	460c      	mov	r4, r1
7e1d5af0:	2500      	movs	r5, #0
7e1d5af2:	e000      	b.n	7e1d5af6 <strrchr+0xe>
7e1d5af4:	4605      	mov	r5, r0
7e1d5af6:	4618      	mov	r0, r3
7e1d5af8:	4621      	mov	r1, r4
7e1d5afa:	f7ff fd87 	bl	7e1d560c <strchr>
7e1d5afe:	1c43      	adds	r3, r0, #1
7e1d5b00:	2800      	cmp	r0, #0
7e1d5b02:	d1f7      	bne.n	7e1d5af4 <strrchr+0xc>
7e1d5b04:	4628      	mov	r0, r5
7e1d5b06:	bd38      	pop	{r3, r4, r5, pc}
7e1d5b08:	f7ff bd80 	b.w	7e1d560c <strchr>

7e1d5b0c <two_way_long_needle>:
7e1d5b0c:	e92d 4ff0 	stmdb	sp!, {r4, r5, r6, r7, r8, r9, sl, fp, lr}
7e1d5b10:	2501      	movs	r5, #1
7e1d5b12:	f2ad 4d1c 	subw	sp, sp, #1052	; 0x41c
7e1d5b16:	4688      	mov	r8, r1
7e1d5b18:	4616      	mov	r6, r2
7e1d5b1a:	4607      	mov	r7, r0
7e1d5b1c:	461c      	mov	r4, r3
7e1d5b1e:	462a      	mov	r2, r5
7e1d5b20:	2100      	movs	r1, #0
7e1d5b22:	f04f 3cff 	mov.w	ip, #4294967295
7e1d5b26:	1853      	adds	r3, r2, r1
7e1d5b28:	eb06 000c 	add.w	r0, r6, ip
7e1d5b2c:	429c      	cmp	r4, r3
7e1d5b2e:	d90e      	bls.n	7e1d5b4e <two_way_long_needle+0x42>
7e1d5b30:	5c80      	ldrb	r0, [r0, r2]
7e1d5b32:	f816 e003 	ldrb.w	lr, [r6, r3]
7e1d5b36:	4586      	cmp	lr, r0
7e1d5b38:	f080 80d3 	bcs.w	7e1d5ce2 <two_way_long_needle+0x1d6>
7e1d5b3c:	eba3 050c 	sub.w	r5, r3, ip
7e1d5b40:	4619      	mov	r1, r3
7e1d5b42:	2201      	movs	r2, #1
7e1d5b44:	1853      	adds	r3, r2, r1
7e1d5b46:	429c      	cmp	r4, r3
7e1d5b48:	eb06 000c 	add.w	r0, r6, ip
7e1d5b4c:	d8f0      	bhi.n	7e1d5b30 <two_way_long_needle+0x24>
7e1d5b4e:	f04f 0e01 	mov.w	lr, #1
7e1d5b52:	2100      	movs	r1, #0
7e1d5b54:	4672      	mov	r2, lr
7e1d5b56:	f04f 30ff 	mov.w	r0, #4294967295
7e1d5b5a:	1853      	adds	r3, r2, r1
7e1d5b5c:	eb06 0900 	add.w	r9, r6, r0
7e1d5b60:	429c      	cmp	r4, r3
7e1d5b62:	d90f      	bls.n	7e1d5b84 <two_way_long_needle+0x78>
7e1d5b64:	f819 9002 	ldrb.w	r9, [r9, r2]
7e1d5b68:	f816 a003 	ldrb.w	sl, [r6, r3]
7e1d5b6c:	45ca      	cmp	sl, r9
7e1d5b6e:	f240 80be 	bls.w	7e1d5cee <two_way_long_needle+0x1e2>
7e1d5b72:	eba3 0e00 	sub.w	lr, r3, r0
7e1d5b76:	4619      	mov	r1, r3
7e1d5b78:	2201      	movs	r2, #1
7e1d5b7a:	1853      	adds	r3, r2, r1
7e1d5b7c:	429c      	cmp	r4, r3
7e1d5b7e:	eb06 0900 	add.w	r9, r6, r0
7e1d5b82:	d8ef      	bhi.n	7e1d5b64 <two_way_long_needle+0x58>
7e1d5b84:	3001      	adds	r0, #1
7e1d5b86:	f10c 0c01 	add.w	ip, ip, #1
7e1d5b8a:	4560      	cmp	r0, ip
7e1d5b8c:	ab05      	add	r3, sp, #20
7e1d5b8e:	bf34      	ite	cc
7e1d5b90:	462a      	movcc	r2, r5
7e1d5b92:	4672      	movcs	r2, lr
7e1d5b94:	9203      	str	r2, [sp, #12]
7e1d5b96:	bf34      	ite	cc
7e1d5b98:	4662      	movcc	r2, ip
7e1d5b9a:	4602      	movcs	r2, r0
7e1d5b9c:	9202      	str	r2, [sp, #8]
7e1d5b9e:	f20d 4214 	addw	r2, sp, #1044	; 0x414
7e1d5ba2:	f843 4f04 	str.w	r4, [r3, #4]!
7e1d5ba6:	4293      	cmp	r3, r2
7e1d5ba8:	d1fb      	bne.n	7e1d5ba2 <two_way_long_needle+0x96>
7e1d5baa:	1e63      	subs	r3, r4, #1
7e1d5bac:	9300      	str	r3, [sp, #0]
7e1d5bae:	2c00      	cmp	r4, #0
7e1d5bb0:	f000 8128 	beq.w	7e1d5e04 <two_way_long_needle+0x2f8>
7e1d5bb4:	9b00      	ldr	r3, [sp, #0]
7e1d5bb6:	1e72      	subs	r2, r6, #1
7e1d5bb8:	ad06      	add	r5, sp, #24
7e1d5bba:	9501      	str	r5, [sp, #4]
7e1d5bbc:	1998      	adds	r0, r3, r6
7e1d5bbe:	f812 1f01 	ldrb.w	r1, [r2, #1]!
7e1d5bc2:	4282      	cmp	r2, r0
7e1d5bc4:	ea6f 0302 	mvn.w	r3, r2
7e1d5bc8:	4423      	add	r3, r4
7e1d5bca:	4433      	add	r3, r6
7e1d5bcc:	f845 3021 	str.w	r3, [r5, r1, lsl #2]
7e1d5bd0:	d1f5      	bne.n	7e1d5bbe <two_way_long_needle+0xb2>
7e1d5bd2:	e9dd 2302 	ldrd	r2, r3, [sp, #8]
7e1d5bd6:	4630      	mov	r0, r6
7e1d5bd8:	18f1      	adds	r1, r6, r3
7e1d5bda:	f7ff f997 	bl	7e1d4f0c <memcmp>
7e1d5bde:	2800      	cmp	r0, #0
7e1d5be0:	f040 809a 	bne.w	7e1d5d18 <two_way_long_needle+0x20c>
7e1d5be4:	9b02      	ldr	r3, [sp, #8]
7e1d5be6:	4681      	mov	r9, r0
7e1d5be8:	4605      	mov	r5, r0
7e1d5bea:	3b01      	subs	r3, #1
7e1d5bec:	9305      	str	r3, [sp, #20]
7e1d5bee:	18f3      	adds	r3, r6, r3
7e1d5bf0:	9304      	str	r3, [sp, #16]
7e1d5bf2:	9b00      	ldr	r3, [sp, #0]
7e1d5bf4:	eb07 0a05 	add.w	sl, r7, r5
7e1d5bf8:	9a01      	ldr	r2, [sp, #4]
7e1d5bfa:	f81a 3003 	ldrb.w	r3, [sl, r3]
7e1d5bfe:	f852 3023 	ldr.w	r3, [r2, r3, lsl #2]
7e1d5c02:	b1f3      	cbz	r3, 7e1d5c42 <two_way_long_needle+0x136>
7e1d5c04:	9a03      	ldr	r2, [sp, #12]
7e1d5c06:	f1b9 0f00 	cmp.w	r9, #0
7e1d5c0a:	bf18      	it	ne
7e1d5c0c:	4293      	cmpne	r3, r2
7e1d5c0e:	f04f 0900 	mov.w	r9, #0
7e1d5c12:	bf3c      	itt	cc
7e1d5c14:	4613      	movcc	r3, r2
7e1d5c16:	1ae3      	subcc	r3, r4, r3
7e1d5c18:	441d      	add	r5, r3
7e1d5c1a:	eba8 0304 	sub.w	r3, r8, r4
7e1d5c1e:	42ab      	cmp	r3, r5
7e1d5c20:	d2e7      	bcs.n	7e1d5bf2 <two_way_long_needle+0xe6>
7e1d5c22:	eb07 0008 	add.w	r0, r7, r8
7e1d5c26:	f444 6100 	orr.w	r1, r4, #2048	; 0x800
7e1d5c2a:	f005 fa05 	bl	7e1db038 <strnlen>
7e1d5c2e:	4480      	add	r8, r0
7e1d5c30:	eba8 0304 	sub.w	r3, r8, r4
7e1d5c34:	42ab      	cmp	r3, r5
7e1d5c36:	d2dc      	bcs.n	7e1d5bf2 <two_way_long_needle+0xe6>
7e1d5c38:	2000      	movs	r0, #0
7e1d5c3a:	f20d 4d1c 	addw	sp, sp, #1052	; 0x41c
7e1d5c3e:	e8bd 8ff0 	ldmia.w	sp!, {r4, r5, r6, r7, r8, r9, sl, fp, pc}
7e1d5c42:	9b02      	ldr	r3, [sp, #8]
7e1d5c44:	454b      	cmp	r3, r9
7e1d5c46:	bf38      	it	cc
7e1d5c48:	464b      	movcc	r3, r9
7e1d5c4a:	469c      	mov	ip, r3
7e1d5c4c:	9b00      	ldr	r3, [sp, #0]
7e1d5c4e:	459c      	cmp	ip, r3
7e1d5c50:	d219      	bcs.n	7e1d5c86 <two_way_long_needle+0x17a>
7e1d5c52:	eb05 010c 	add.w	r1, r5, ip
7e1d5c56:	f816 000c 	ldrb.w	r0, [r6, ip]
7e1d5c5a:	187a      	adds	r2, r7, r1
7e1d5c5c:	eb06 030c 	add.w	r3, r6, ip
7e1d5c60:	5c79      	ldrb	r1, [r7, r1]
7e1d5c62:	4281      	cmp	r1, r0
7e1d5c64:	d135      	bne.n	7e1d5cd2 <two_way_long_needle+0x1c6>
7e1d5c66:	f1a4 0e02 	sub.w	lr, r4, #2
7e1d5c6a:	f1c6 0b01 	rsb	fp, r6, #1
7e1d5c6e:	44b6      	add	lr, r6
7e1d5c70:	e005      	b.n	7e1d5c7e <two_way_long_needle+0x172>
7e1d5c72:	f813 0f01 	ldrb.w	r0, [r3, #1]!
7e1d5c76:	f812 1f01 	ldrb.w	r1, [r2, #1]!
7e1d5c7a:	4288      	cmp	r0, r1
7e1d5c7c:	d129      	bne.n	7e1d5cd2 <two_way_long_needle+0x1c6>
7e1d5c7e:	4573      	cmp	r3, lr
7e1d5c80:	eb0b 0c03 	add.w	ip, fp, r3
7e1d5c84:	d1f5      	bne.n	7e1d5c72 <two_way_long_needle+0x166>
7e1d5c86:	9b02      	ldr	r3, [sp, #8]
7e1d5c88:	454b      	cmp	r3, r9
7e1d5c8a:	f240 80af 	bls.w	7e1d5dec <two_way_long_needle+0x2e0>
7e1d5c8e:	9b05      	ldr	r3, [sp, #20]
7e1d5c90:	18ea      	adds	r2, r5, r3
7e1d5c92:	9b04      	ldr	r3, [sp, #16]
7e1d5c94:	7819      	ldrb	r1, [r3, #0]
7e1d5c96:	18bb      	adds	r3, r7, r2
7e1d5c98:	5cba      	ldrb	r2, [r7, r2]
7e1d5c9a:	428a      	cmp	r2, r1
7e1d5c9c:	bf02      	ittt	eq
7e1d5c9e:	eb05 0c09 	addeq.w	ip, r5, r9
7e1d5ca2:	44bc      	addeq	ip, r7
7e1d5ca4:	9a04      	ldreq	r2, [sp, #16]
7e1d5ca6:	d006      	beq.n	7e1d5cb6 <two_way_long_needle+0x1aa>
7e1d5ca8:	e0a0      	b.n	7e1d5dec <two_way_long_needle+0x2e0>
7e1d5caa:	f812 0d01 	ldrb.w	r0, [r2, #-1]!
7e1d5cae:	f813 1d01 	ldrb.w	r1, [r3, #-1]!
7e1d5cb2:	4288      	cmp	r0, r1
7e1d5cb4:	d103      	bne.n	7e1d5cbe <two_way_long_needle+0x1b2>
7e1d5cb6:	4563      	cmp	r3, ip
7e1d5cb8:	eba3 0e0a 	sub.w	lr, r3, sl
7e1d5cbc:	d1f5      	bne.n	7e1d5caa <two_way_long_needle+0x19e>
7e1d5cbe:	f109 0901 	add.w	r9, r9, #1
7e1d5cc2:	45f1      	cmp	r9, lr
7e1d5cc4:	f200 8099 	bhi.w	7e1d5dfa <two_way_long_needle+0x2ee>
7e1d5cc8:	9b03      	ldr	r3, [sp, #12]
7e1d5cca:	441d      	add	r5, r3
7e1d5ccc:	eba4 0903 	sub.w	r9, r4, r3
7e1d5cd0:	e7a3      	b.n	7e1d5c1a <two_way_long_needle+0x10e>
7e1d5cd2:	9b02      	ldr	r3, [sp, #8]
7e1d5cd4:	f04f 0900 	mov.w	r9, #0
7e1d5cd8:	f1c3 0301 	rsb	r3, r3, #1
7e1d5cdc:	441d      	add	r5, r3
7e1d5cde:	4465      	add	r5, ip
7e1d5ce0:	e79b      	b.n	7e1d5c1a <two_way_long_needle+0x10e>
7e1d5ce2:	d00b      	beq.n	7e1d5cfc <two_way_long_needle+0x1f0>
7e1d5ce4:	2501      	movs	r5, #1
7e1d5ce6:	468c      	mov	ip, r1
7e1d5ce8:	462a      	mov	r2, r5
7e1d5cea:	4429      	add	r1, r5
7e1d5cec:	e71b      	b.n	7e1d5b26 <two_way_long_needle+0x1a>
7e1d5cee:	d00c      	beq.n	7e1d5d0a <two_way_long_needle+0x1fe>
7e1d5cf0:	f04f 0e01 	mov.w	lr, #1
7e1d5cf4:	4608      	mov	r0, r1
7e1d5cf6:	4672      	mov	r2, lr
7e1d5cf8:	4471      	add	r1, lr
7e1d5cfa:	e72e      	b.n	7e1d5b5a <two_way_long_needle+0x4e>
7e1d5cfc:	42aa      	cmp	r2, r5
7e1d5cfe:	f102 0201 	add.w	r2, r2, #1
7e1d5d02:	bf04      	itt	eq
7e1d5d04:	4619      	moveq	r1, r3
7e1d5d06:	2201      	moveq	r2, #1
7e1d5d08:	e70d      	b.n	7e1d5b26 <two_way_long_needle+0x1a>
7e1d5d0a:	4572      	cmp	r2, lr
7e1d5d0c:	f102 0201 	add.w	r2, r2, #1
7e1d5d10:	bf04      	itt	eq
7e1d5d12:	4619      	moveq	r1, r3
7e1d5d14:	2201      	moveq	r2, #1
7e1d5d16:	e720      	b.n	7e1d5b5a <two_way_long_needle+0x4e>
7e1d5d18:	9a02      	ldr	r2, [sp, #8]
7e1d5d1a:	2500      	movs	r5, #0
7e1d5d1c:	1aa3      	subs	r3, r4, r2
7e1d5d1e:	eb06 0b02 	add.w	fp, r6, r2
7e1d5d22:	4293      	cmp	r3, r2
7e1d5d24:	f102 30ff 	add.w	r0, r2, #4294967295
7e1d5d28:	eb06 0100 	add.w	r1, r6, r0
7e1d5d2c:	9004      	str	r0, [sp, #16]
7e1d5d2e:	bf38      	it	cc
7e1d5d30:	4613      	movcc	r3, r2
7e1d5d32:	9103      	str	r1, [sp, #12]
7e1d5d34:	3301      	adds	r3, #1
7e1d5d36:	9305      	str	r3, [sp, #20]
7e1d5d38:	9a00      	ldr	r2, [sp, #0]
7e1d5d3a:	eb07 0e05 	add.w	lr, r7, r5
7e1d5d3e:	9901      	ldr	r1, [sp, #4]
7e1d5d40:	f81e 3002 	ldrb.w	r3, [lr, r2]
7e1d5d44:	f851 3023 	ldr.w	r3, [r1, r3, lsl #2]
7e1d5d48:	b183      	cbz	r3, 7e1d5d6c <two_way_long_needle+0x260>
7e1d5d4a:	441d      	add	r5, r3
7e1d5d4c:	eba8 0304 	sub.w	r3, r8, r4
7e1d5d50:	429d      	cmp	r5, r3
7e1d5d52:	d9f1      	bls.n	7e1d5d38 <two_way_long_needle+0x22c>
7e1d5d54:	eb07 0008 	add.w	r0, r7, r8
7e1d5d58:	f444 6100 	orr.w	r1, r4, #2048	; 0x800
7e1d5d5c:	f005 f96c 	bl	7e1db038 <strnlen>
7e1d5d60:	4480      	add	r8, r0
7e1d5d62:	eba8 0304 	sub.w	r3, r8, r4
7e1d5d66:	429d      	cmp	r5, r3
7e1d5d68:	d9e6      	bls.n	7e1d5d38 <two_way_long_needle+0x22c>
7e1d5d6a:	e765      	b.n	7e1d5c38 <two_way_long_needle+0x12c>
7e1d5d6c:	9b02      	ldr	r3, [sp, #8]
7e1d5d6e:	4293      	cmp	r3, r2
7e1d5d70:	d21a      	bcs.n	7e1d5da8 <two_way_long_needle+0x29c>
7e1d5d72:	442b      	add	r3, r5
7e1d5d74:	f89b 1000 	ldrb.w	r1, [fp]
7e1d5d78:	18fa      	adds	r2, r7, r3
7e1d5d7a:	5cfb      	ldrb	r3, [r7, r3]
7e1d5d7c:	4299      	cmp	r1, r3
7e1d5d7e:	bf18      	it	ne
7e1d5d80:	f8dd a008 	ldrne.w	sl, [sp, #8]
7e1d5d84:	d12a      	bne.n	7e1d5ddc <two_way_long_needle+0x2d0>
7e1d5d86:	f1a4 0c02 	sub.w	ip, r4, #2
7e1d5d8a:	f1c6 0901 	rsb	r9, r6, #1
7e1d5d8e:	44b4      	add	ip, r6
7e1d5d90:	465b      	mov	r3, fp
7e1d5d92:	e005      	b.n	7e1d5da0 <two_way_long_needle+0x294>
7e1d5d94:	f813 0f01 	ldrb.w	r0, [r3, #1]!
7e1d5d98:	f812 1f01 	ldrb.w	r1, [r2, #1]!
7e1d5d9c:	4288      	cmp	r0, r1
7e1d5d9e:	d11d      	bne.n	7e1d5ddc <two_way_long_needle+0x2d0>
7e1d5da0:	4563      	cmp	r3, ip
7e1d5da2:	eb09 0a03 	add.w	sl, r9, r3
7e1d5da6:	d1f5      	bne.n	7e1d5d94 <two_way_long_needle+0x288>
7e1d5da8:	9b04      	ldr	r3, [sp, #16]
7e1d5daa:	1c5a      	adds	r2, r3, #1
7e1d5dac:	d011      	beq.n	7e1d5dd2 <two_way_long_needle+0x2c6>
7e1d5dae:	9a03      	ldr	r2, [sp, #12]
7e1d5db0:	442b      	add	r3, r5
7e1d5db2:	7811      	ldrb	r1, [r2, #0]
7e1d5db4:	18fa      	adds	r2, r7, r3
7e1d5db6:	5cfb      	ldrb	r3, [r7, r3]
7e1d5db8:	4299      	cmp	r1, r3
7e1d5dba:	bf08      	it	eq
7e1d5dbc:	9b03      	ldreq	r3, [sp, #12]
7e1d5dbe:	d006      	beq.n	7e1d5dce <two_way_long_needle+0x2c2>
7e1d5dc0:	e012      	b.n	7e1d5de8 <two_way_long_needle+0x2dc>
7e1d5dc2:	f813 0d01 	ldrb.w	r0, [r3, #-1]!
7e1d5dc6:	f812 1d01 	ldrb.w	r1, [r2, #-1]!
7e1d5dca:	4288      	cmp	r0, r1
7e1d5dcc:	d10c      	bne.n	7e1d5de8 <two_way_long_needle+0x2dc>
7e1d5dce:	42b3      	cmp	r3, r6
7e1d5dd0:	d1f7      	bne.n	7e1d5dc2 <two_way_long_needle+0x2b6>
7e1d5dd2:	4670      	mov	r0, lr
7e1d5dd4:	f20d 4d1c 	addw	sp, sp, #1052	; 0x41c
7e1d5dd8:	e8bd 8ff0 	ldmia.w	sp!, {r4, r5, r6, r7, r8, r9, sl, fp, pc}
7e1d5ddc:	9b02      	ldr	r3, [sp, #8]
7e1d5dde:	f1c3 0301 	rsb	r3, r3, #1
7e1d5de2:	441d      	add	r5, r3
7e1d5de4:	4455      	add	r5, sl
7e1d5de6:	e7b1      	b.n	7e1d5d4c <two_way_long_needle+0x240>
7e1d5de8:	9b05      	ldr	r3, [sp, #20]
7e1d5dea:	e7ae      	b.n	7e1d5d4a <two_way_long_needle+0x23e>
7e1d5dec:	f8dd e008 	ldr.w	lr, [sp, #8]
7e1d5df0:	f109 0901 	add.w	r9, r9, #1
7e1d5df4:	45f1      	cmp	r9, lr
7e1d5df6:	f67f af67 	bls.w	7e1d5cc8 <two_way_long_needle+0x1bc>
7e1d5dfa:	4650      	mov	r0, sl
7e1d5dfc:	f20d 4d1c 	addw	sp, sp, #1052	; 0x41c
7e1d5e00:	e8bd 8ff0 	ldmia.w	sp!, {r4, r5, r6, r7, r8, r9, sl, fp, pc}
7e1d5e04:	ab06      	add	r3, sp, #24
7e1d5e06:	9301      	str	r3, [sp, #4]
7e1d5e08:	e6e3      	b.n	7e1d5bd2 <two_way_long_needle+0xc6>
7e1d5e0a:	bf00      	nop

7e1d5e0c <strstr>:
7e1d5e0c:	e92d 41f0 	stmdb	sp!, {r4, r5, r6, r7, r8, lr}
7e1d5e10:	460e      	mov	r6, r1
7e1d5e12:	7809      	ldrb	r1, [r1, #0]
7e1d5e14:	b090      	sub	sp, #64	; 0x40
7e1d5e16:	4604      	mov	r4, r0
7e1d5e18:	2900      	cmp	r1, #0
7e1d5e1a:	d05a      	beq.n	7e1d5ed2 <strstr+0xc6>
7e1d5e1c:	7875      	ldrb	r5, [r6, #1]
7e1d5e1e:	2d00      	cmp	r5, #0
7e1d5e20:	f000 8095 	beq.w	7e1d5f4e <strstr+0x142>
7e1d5e24:	78b3      	ldrb	r3, [r6, #2]
7e1d5e26:	2b00      	cmp	r3, #0
7e1d5e28:	d057      	beq.n	7e1d5eda <strstr+0xce>
7e1d5e2a:	78f2      	ldrb	r2, [r6, #3]
7e1d5e2c:	2a00      	cmp	r2, #0
7e1d5e2e:	f000 8095 	beq.w	7e1d5f5c <strstr+0x150>
7e1d5e32:	7933      	ldrb	r3, [r6, #4]
7e1d5e34:	2b00      	cmp	r3, #0
7e1d5e36:	d068      	beq.n	7e1d5f0a <strstr+0xfe>
7e1d5e38:	4630      	mov	r0, r6
7e1d5e3a:	f7ff fd95 	bl	7e1d5968 <strlen>
7e1d5e3e:	4680      	mov	r8, r0
7e1d5e40:	4620      	mov	r0, r4
7e1d5e42:	f448 7100 	orr.w	r1, r8, #512	; 0x200
7e1d5e46:	f005 f8f7 	bl	7e1db038 <strnlen>
7e1d5e4a:	4580      	cmp	r8, r0
7e1d5e4c:	d858      	bhi.n	7e1d5f00 <strstr+0xf4>
7e1d5e4e:	f1b8 0ffe 	cmp.w	r8, #254	; 0xfe
7e1d5e52:	f200 8099 	bhi.w	7e1d5f88 <strstr+0x17c>
7e1d5e56:	eba0 0708 	sub.w	r7, r0, r8
7e1d5e5a:	2240      	movs	r2, #64	; 0x40
7e1d5e5c:	f108 0101 	add.w	r1, r8, #1
7e1d5e60:	4668      	mov	r0, sp
7e1d5e62:	4427      	add	r7, r4
7e1d5e64:	f7ff f960 	bl	7e1d5128 <memset>
7e1d5e68:	f1b8 0f00 	cmp.w	r8, #0
7e1d5e6c:	d012      	beq.n	7e1d5e94 <strstr+0x88>
7e1d5e6e:	1e73      	subs	r3, r6, #1
7e1d5e70:	fa5f f588 	uxtb.w	r5, r8
7e1d5e74:	eb03 0008 	add.w	r0, r3, r8
7e1d5e78:	f813 2f01 	ldrb.w	r2, [r3, #1]!
7e1d5e7c:	f10d 0c40 	add.w	ip, sp, #64	; 0x40
7e1d5e80:	f002 023f 	and.w	r2, r2, #63	; 0x3f
7e1d5e84:	4283      	cmp	r3, r0
7e1d5e86:	4462      	add	r2, ip
7e1d5e88:	eba6 0103 	sub.w	r1, r6, r3
7e1d5e8c:	4429      	add	r1, r5
7e1d5e8e:	f802 1c40 	strb.w	r1, [r2, #-64]
7e1d5e92:	d1f1      	bne.n	7e1d5e78 <strstr+0x6c>
7e1d5e94:	3c01      	subs	r4, #1
7e1d5e96:	aa10      	add	r2, sp, #64	; 0x40
7e1d5e98:	f814 3008 	ldrb.w	r3, [r4, r8]
7e1d5e9c:	f003 033f 	and.w	r3, r3, #63	; 0x3f
7e1d5ea0:	4413      	add	r3, r2
7e1d5ea2:	f813 3c40 	ldrb.w	r3, [r3, #-64]
7e1d5ea6:	441c      	add	r4, r3
7e1d5ea8:	42a7      	cmp	r7, r4
7e1d5eaa:	d203      	bcs.n	7e1d5eb4 <strstr+0xa8>
7e1d5eac:	e041      	b.n	7e1d5f32 <strstr+0x126>
7e1d5eae:	442c      	add	r4, r5
7e1d5eb0:	42a7      	cmp	r7, r4
7e1d5eb2:	d33e      	bcc.n	7e1d5f32 <strstr+0x126>
7e1d5eb4:	f814 5008 	ldrb.w	r5, [r4, r8]
7e1d5eb8:	ab10      	add	r3, sp, #64	; 0x40
7e1d5eba:	4642      	mov	r2, r8
7e1d5ebc:	4631      	mov	r1, r6
7e1d5ebe:	f005 053f 	and.w	r5, r5, #63	; 0x3f
7e1d5ec2:	4620      	mov	r0, r4
7e1d5ec4:	441d      	add	r5, r3
7e1d5ec6:	f815 5c40 	ldrb.w	r5, [r5, #-64]
7e1d5eca:	f7ff f81f 	bl	7e1d4f0c <memcmp>
7e1d5ece:	2800      	cmp	r0, #0
7e1d5ed0:	d1ed      	bne.n	7e1d5eae <strstr+0xa2>
7e1d5ed2:	4620      	mov	r0, r4
7e1d5ed4:	b010      	add	sp, #64	; 0x40
7e1d5ed6:	e8bd 81f0 	ldmia.w	sp!, {r4, r5, r6, r7, r8, pc}
7e1d5eda:	7802      	ldrb	r2, [r0, #0]
7e1d5edc:	ea45 4101 	orr.w	r1, r5, r1, lsl #16
7e1d5ee0:	b90a      	cbnz	r2, 7e1d5ee6 <strstr+0xda>
7e1d5ee2:	e00d      	b.n	7e1d5f00 <strstr+0xf4>
7e1d5ee4:	4604      	mov	r4, r0
7e1d5ee6:	ea42 4303 	orr.w	r3, r2, r3, lsl #16
7e1d5eea:	7862      	ldrb	r2, [r4, #1]
7e1d5eec:	1c60      	adds	r0, r4, #1
7e1d5eee:	4299      	cmp	r1, r3
7e1d5ef0:	bf18      	it	ne
7e1d5ef2:	2a00      	cmpne	r2, #0
7e1d5ef4:	d1f6      	bne.n	7e1d5ee4 <strstr+0xd8>
7e1d5ef6:	4299      	cmp	r1, r3
7e1d5ef8:	bf08      	it	eq
7e1d5efa:	f104 34ff 	addeq.w	r4, r4, #4294967295
7e1d5efe:	d0e8      	beq.n	7e1d5ed2 <strstr+0xc6>
7e1d5f00:	2400      	movs	r4, #0
7e1d5f02:	4620      	mov	r0, r4
7e1d5f04:	b010      	add	sp, #64	; 0x40
7e1d5f06:	e8bd 81f0 	ldmia.w	sp!, {r4, r5, r6, r7, r8, pc}
7e1d5f0a:	7802      	ldrb	r2, [r0, #0]
7e1d5f0c:	2a00      	cmp	r2, #0
7e1d5f0e:	d0f7      	beq.n	7e1d5f00 <strstr+0xf4>
7e1d5f10:	6830      	ldr	r0, [r6, #0]
7e1d5f12:	ba00      	rev	r0, r0
7e1d5f14:	e000      	b.n	7e1d5f18 <strstr+0x10c>
7e1d5f16:	460c      	mov	r4, r1
7e1d5f18:	ea42 2303 	orr.w	r3, r2, r3, lsl #8
7e1d5f1c:	7862      	ldrb	r2, [r4, #1]
7e1d5f1e:	1c61      	adds	r1, r4, #1
7e1d5f20:	2a00      	cmp	r2, #0
7e1d5f22:	bf18      	it	ne
7e1d5f24:	4298      	cmpne	r0, r3
7e1d5f26:	d1f6      	bne.n	7e1d5f16 <strstr+0x10a>
7e1d5f28:	4298      	cmp	r0, r3
7e1d5f2a:	bf08      	it	eq
7e1d5f2c:	3c03      	subeq	r4, #3
7e1d5f2e:	d0d0      	beq.n	7e1d5ed2 <strstr+0xc6>
7e1d5f30:	e7e6      	b.n	7e1d5f00 <strstr+0xf4>
7e1d5f32:	f817 3008 	ldrb.w	r3, [r7, r8]
7e1d5f36:	eb07 0008 	add.w	r0, r7, r8
7e1d5f3a:	2b00      	cmp	r3, #0
7e1d5f3c:	d0e0      	beq.n	7e1d5f00 <strstr+0xf4>
7e1d5f3e:	f44f 6100 	mov.w	r1, #2048	; 0x800
7e1d5f42:	f005 f879 	bl	7e1db038 <strnlen>
7e1d5f46:	4407      	add	r7, r0
7e1d5f48:	42bc      	cmp	r4, r7
7e1d5f4a:	d9a3      	bls.n	7e1d5e94 <strstr+0x88>
7e1d5f4c:	e7d8      	b.n	7e1d5f00 <strstr+0xf4>
7e1d5f4e:	f7ff fb5d 	bl	7e1d560c <strchr>
7e1d5f52:	4604      	mov	r4, r0
7e1d5f54:	4620      	mov	r0, r4
7e1d5f56:	b010      	add	sp, #64	; 0x40
7e1d5f58:	e8bd 81f0 	ldmia.w	sp!, {r4, r5, r6, r7, r8, pc}
7e1d5f5c:	7800      	ldrb	r0, [r0, #0]
7e1d5f5e:	042d      	lsls	r5, r5, #16
7e1d5f60:	ea45 6501 	orr.w	r5, r5, r1, lsl #24
7e1d5f64:	ea45 2303 	orr.w	r3, r5, r3, lsl #8
7e1d5f68:	b908      	cbnz	r0, 7e1d5f6e <strstr+0x162>
7e1d5f6a:	e7c9      	b.n	7e1d5f00 <strstr+0xf4>
7e1d5f6c:	460c      	mov	r4, r1
7e1d5f6e:	4302      	orrs	r2, r0
7e1d5f70:	7860      	ldrb	r0, [r4, #1]
7e1d5f72:	1c61      	adds	r1, r4, #1
7e1d5f74:	0212      	lsls	r2, r2, #8
7e1d5f76:	4293      	cmp	r3, r2
7e1d5f78:	bf18      	it	ne
7e1d5f7a:	2800      	cmpne	r0, #0
7e1d5f7c:	d1f6      	bne.n	7e1d5f6c <strstr+0x160>
7e1d5f7e:	4293      	cmp	r3, r2
7e1d5f80:	bf08      	it	eq
7e1d5f82:	3c02      	subeq	r4, #2
7e1d5f84:	d0a5      	beq.n	7e1d5ed2 <strstr+0xc6>
7e1d5f86:	e7bb      	b.n	7e1d5f00 <strstr+0xf4>
7e1d5f88:	4601      	mov	r1, r0
7e1d5f8a:	4643      	mov	r3, r8
7e1d5f8c:	4620      	mov	r0, r4
7e1d5f8e:	4632      	mov	r2, r6
7e1d5f90:	f7ff fdbc 	bl	7e1d5b0c <two_way_long_needle>
7e1d5f94:	4604      	mov	r4, r0
7e1d5f96:	e79c      	b.n	7e1d5ed2 <strstr+0xc6>

7e1d5f98 <sulp>:
7e1d5f98:	e92d 41f0 	stmdb	sp!, {r4, r5, r6, r7, r8, lr}
7e1d5f9c:	460d      	mov	r5, r1
7e1d5f9e:	4690      	mov	r8, r2
7e1d5fa0:	f004 febe 	bl	7e1dad20 <__ulp>
7e1d5fa4:	4606      	mov	r6, r0
7e1d5fa6:	460f      	mov	r7, r1
7e1d5fa8:	f1b8 0f00 	cmp.w	r8, #0
7e1d5fac:	d011      	beq.n	7e1d5fd2 <sulp+0x3a>
7e1d5fae:	f3c5 530a 	ubfx	r3, r5, #20, #11
7e1d5fb2:	f1c3 036b 	rsb	r3, r3, #107	; 0x6b
7e1d5fb6:	2b00      	cmp	r3, #0
7e1d5fb8:	dd0b      	ble.n	7e1d5fd2 <sulp+0x3a>
7e1d5fba:	051b      	lsls	r3, r3, #20
7e1d5fbc:	2400      	movs	r4, #0
7e1d5fbe:	f103 557f 	add.w	r5, r3, #1069547520	; 0x3fc00000
7e1d5fc2:	4622      	mov	r2, r4
7e1d5fc4:	f505 1540 	add.w	r5, r5, #3145728	; 0x300000
7e1d5fc8:	462b      	mov	r3, r5
7e1d5fca:	f005 facd 	bl	7e1db568 <__aeabi_dmul>
7e1d5fce:	4606      	mov	r6, r0
7e1d5fd0:	460f      	mov	r7, r1
7e1d5fd2:	4630      	mov	r0, r6
7e1d5fd4:	4639      	mov	r1, r7
7e1d5fd6:	e8bd 81f0 	ldmia.w	sp!, {r4, r5, r6, r7, r8, pc}
7e1d5fda:	bf00      	nop
7e1d5fdc:	0000      	movs	r0, r0
	...

7e1d5fe0 <_strtod_l>:
7e1d5fe0:	e92d 4ff0 	stmdb	sp!, {r4, r5, r6, r7, r8, r9, sl, fp, lr}
7e1d5fe4:	f64a 4484 	movw	r4, #44164	; 0xac84
7e1d5fe8:	f2c8 042d 	movt	r4, #32813	; 0x802d
7e1d5fec:	b0a3      	sub	sp, #140	; 0x8c
7e1d5fee:	460f      	mov	r7, r1
7e1d5ff0:	2100      	movs	r1, #0
7e1d5ff2:	f8d4 a000 	ldr.w	sl, [r4]
7e1d5ff6:	461c      	mov	r4, r3
7e1d5ff8:	9008      	str	r0, [sp, #32]
7e1d5ffa:	2000      	movs	r0, #0
7e1d5ffc:	e9cd 0104 	strd	r0, r1, [sp, #16]
7e1d6000:	2300      	movs	r3, #0
7e1d6002:	4650      	mov	r0, sl
7e1d6004:	931e      	str	r3, [sp, #120]	; 0x78
7e1d6006:	9206      	str	r2, [sp, #24]
7e1d6008:	f7ff fcae 	bl	7e1d5968 <strlen>
7e1d600c:	463b      	mov	r3, r7
7e1d600e:	971d      	str	r7, [sp, #116]	; 0x74
7e1d6010:	4683      	mov	fp, r0
7e1d6012:	461d      	mov	r5, r3
7e1d6014:	f813 6b01 	ldrb.w	r6, [r3], #1
7e1d6018:	2e2d      	cmp	r6, #45	; 0x2d
7e1d601a:	f200 821c 	bhi.w	7e1d6456 <_strtod_l+0x476>
7e1d601e:	e8df f016 	tbh	[pc, r6, lsl #1]
7e1d6022:	0040      	.short	0x0040
7e1d6024:	021a021a 	.word	0x021a021a
7e1d6028:	021a021a 	.word	0x021a021a
7e1d602c:	021a021a 	.word	0x021a021a
7e1d6030:	021a021a 	.word	0x021a021a
7e1d6034:	02180218 	.word	0x02180218
7e1d6038:	02180218 	.word	0x02180218
7e1d603c:	021a0218 	.word	0x021a0218
7e1d6040:	021a021a 	.word	0x021a021a
7e1d6044:	021a021a 	.word	0x021a021a
7e1d6048:	021a021a 	.word	0x021a021a
7e1d604c:	021a021a 	.word	0x021a021a
7e1d6050:	021a021a 	.word	0x021a021a
7e1d6054:	021a021a 	.word	0x021a021a
7e1d6058:	021a021a 	.word	0x021a021a
7e1d605c:	021a021a 	.word	0x021a021a
7e1d6060:	0218021a 	.word	0x0218021a
7e1d6064:	021a021a 	.word	0x021a021a
7e1d6068:	021a021a 	.word	0x021a021a
7e1d606c:	021a021a 	.word	0x021a021a
7e1d6070:	021a021a 	.word	0x021a021a
7e1d6074:	021a021a 	.word	0x021a021a
7e1d6078:	021a0215 	.word	0x021a0215
7e1d607c:	004d      	.short	0x004d
7e1d607e:	f04f 0e00 	mov.w	lr, #0
7e1d6082:	2101      	movs	r1, #1
7e1d6084:	46f0      	mov	r8, lr
7e1d6086:	46f1      	mov	r9, lr
7e1d6088:	f8cd e01c 	str.w	lr, [sp, #28]
7e1d608c:	f026 0320 	bic.w	r3, r6, #32
7e1d6090:	2b45      	cmp	r3, #69	; 0x45
7e1d6092:	f040 8441 	bne.w	7e1d6918 <_strtod_l+0x938>
7e1d6096:	9a09      	ldr	r2, [sp, #36]	; 0x24
7e1d6098:	ea44 0300 	orr.w	r3, r4, r0
7e1d609c:	4313      	orrs	r3, r2
7e1d609e:	f040 81f9 	bne.w	7e1d6494 <_strtod_l+0x4b4>
7e1d60a2:	9b06      	ldr	r3, [sp, #24]
7e1d60a4:	b10b      	cbz	r3, 7e1d60aa <_strtod_l+0xca>
7e1d60a6:	9b06      	ldr	r3, [sp, #24]
7e1d60a8:	601f      	str	r7, [r3, #0]
7e1d60aa:	f04f 0a00 	mov.w	sl, #0
7e1d60ae:	f04f 0b00 	mov.w	fp, #0
7e1d60b2:	4650      	mov	r0, sl
7e1d60b4:	4659      	mov	r1, fp
7e1d60b6:	b023      	add	sp, #140	; 0x8c
7e1d60b8:	e8bd 8ff0 	ldmia.w	sp!, {r4, r5, r6, r7, r8, r9, sl, fp, pc}
7e1d60bc:	2301      	movs	r3, #1
7e1d60be:	930e      	str	r3, [sp, #56]	; 0x38
7e1d60c0:	1c6b      	adds	r3, r5, #1
7e1d60c2:	931d      	str	r3, [sp, #116]	; 0x74
7e1d60c4:	786e      	ldrb	r6, [r5, #1]
7e1d60c6:	2e00      	cmp	r6, #0
7e1d60c8:	d0eb      	beq.n	7e1d60a2 <_strtod_l+0xc2>
7e1d60ca:	2e30      	cmp	r6, #48	; 0x30
7e1d60cc:	461d      	mov	r5, r3
7e1d60ce:	bf1c      	itt	ne
7e1d60d0:	2300      	movne	r3, #0
7e1d60d2:	9309      	strne	r3, [sp, #36]	; 0x24
7e1d60d4:	f000 81c8 	beq.w	7e1d6468 <_strtod_l+0x488>
7e1d60d8:	f1a6 0330 	sub.w	r3, r6, #48	; 0x30
7e1d60dc:	2b09      	cmp	r3, #9
7e1d60de:	f200 8494 	bhi.w	7e1d6a0a <_strtod_l+0xa2a>
7e1d60e2:	f04f 0800 	mov.w	r8, #0
7e1d60e6:	4628      	mov	r0, r5
7e1d60e8:	46c1      	mov	r9, r8
7e1d60ea:	4644      	mov	r4, r8
7e1d60ec:	220a      	movs	r2, #10
7e1d60ee:	3001      	adds	r0, #1
7e1d60f0:	2c08      	cmp	r4, #8
7e1d60f2:	901d      	str	r0, [sp, #116]	; 0x74
7e1d60f4:	f104 0401 	add.w	r4, r4, #1
7e1d60f8:	7806      	ldrb	r6, [r0, #0]
7e1d60fa:	bfd4      	ite	le
7e1d60fc:	fb02 3909 	mlale	r9, r2, r9, r3
7e1d6100:	fb02 3808 	mlagt	r8, r2, r8, r3
7e1d6104:	f1a6 0330 	sub.w	r3, r6, #48	; 0x30
7e1d6108:	2b09      	cmp	r3, #9
7e1d610a:	d9f0      	bls.n	7e1d60ee <_strtod_l+0x10e>
7e1d610c:	4651      	mov	r1, sl
7e1d610e:	465a      	mov	r2, fp
7e1d6110:	f7ff fc58 	bl	7e1d59c4 <strncmp>
7e1d6114:	2800      	cmp	r0, #0
7e1d6116:	f000 827b 	beq.w	7e1d6610 <_strtod_l+0x630>
7e1d611a:	f026 0620 	bic.w	r6, r6, #32
7e1d611e:	2e45      	cmp	r6, #69	; 0x45
7e1d6120:	f000 81b4 	beq.w	7e1d648c <_strtod_l+0x4ac>
7e1d6124:	2300      	movs	r3, #0
7e1d6126:	46a3      	mov	fp, r4
7e1d6128:	469a      	mov	sl, r3
7e1d612a:	9307      	str	r3, [sp, #28]
7e1d612c:	4648      	mov	r0, r9
7e1d612e:	465e      	mov	r6, fp
7e1d6130:	f005 f9a0 	bl	7e1db474 <__aeabi_ui2d>
7e1d6134:	2c00      	cmp	r4, #0
7e1d6136:	bf08      	it	eq
7e1d6138:	465c      	moveq	r4, fp
7e1d613a:	2e10      	cmp	r6, #16
7e1d613c:	9b07      	ldr	r3, [sp, #28]
7e1d613e:	bfa8      	it	ge
7e1d6140:	2610      	movge	r6, #16
7e1d6142:	f1bb 0f09 	cmp.w	fp, #9
7e1d6146:	ebaa 0303 	sub.w	r3, sl, r3
7e1d614a:	930f      	str	r3, [sp, #60]	; 0x3c
7e1d614c:	e9cd 0104 	strd	r0, r1, [sp, #16]
7e1d6150:	dd16      	ble.n	7e1d6180 <_strtod_l+0x1a0>
7e1d6152:	f64a 43c8 	movw	r3, #44232	; 0xacc8
7e1d6156:	f2c8 032d 	movt	r3, #32813	; 0x802d
7e1d615a:	eb03 03c6 	add.w	r3, r3, r6, lsl #3
7e1d615e:	e953 2312 	ldrd	r2, r3, [r3, #-72]	; 0x48
7e1d6162:	f005 fa01 	bl	7e1db568 <__aeabi_dmul>
7e1d6166:	e9cd 0104 	strd	r0, r1, [sp, #16]
7e1d616a:	4640      	mov	r0, r8
7e1d616c:	f005 f982 	bl	7e1db474 <__aeabi_ui2d>
7e1d6170:	4602      	mov	r2, r0
7e1d6172:	460b      	mov	r3, r1
7e1d6174:	e9dd 0104 	ldrd	r0, r1, [sp, #16]
7e1d6178:	f005 f840 	bl	7e1db1fc <__adddf3>
7e1d617c:	e9cd 0104 	strd	r0, r1, [sp, #16]
7e1d6180:	f1bb 0f0f 	cmp.w	fp, #15
7e1d6184:	f300 8264 	bgt.w	7e1d6650 <_strtod_l+0x670>
7e1d6188:	9b0f      	ldr	r3, [sp, #60]	; 0x3c
7e1d618a:	2b00      	cmp	r3, #0
7e1d618c:	f000 8418 	beq.w	7e1d69c0 <_strtod_l+0x9e0>
7e1d6190:	9b0f      	ldr	r3, [sp, #60]	; 0x3c
7e1d6192:	f340 84c7 	ble.w	7e1d6b24 <_strtod_l+0xb44>
7e1d6196:	2b16      	cmp	r3, #22
7e1d6198:	f340 8576 	ble.w	7e1d6c88 <_strtod_l+0xca8>
7e1d619c:	9a0f      	ldr	r2, [sp, #60]	; 0x3c
7e1d619e:	f1cb 0325 	rsb	r3, fp, #37	; 0x25
7e1d61a2:	4293      	cmp	r3, r2
7e1d61a4:	f280 8598 	bge.w	7e1d6cd8 <_strtod_l+0xcf8>
7e1d61a8:	9a0f      	ldr	r2, [sp, #60]	; 0x3c
7e1d61aa:	ebab 0306 	sub.w	r3, fp, r6
7e1d61ae:	189e      	adds	r6, r3, r2
7e1d61b0:	f016 010f 	ands.w	r1, r6, #15
7e1d61b4:	d00d      	beq.n	7e1d61d2 <_strtod_l+0x1f2>
7e1d61b6:	f64a 43c8 	movw	r3, #44232	; 0xacc8
7e1d61ba:	f2c8 032d 	movt	r3, #32813	; 0x802d
7e1d61be:	eb03 01c1 	add.w	r1, r3, r1, lsl #3
7e1d61c2:	e9dd 2304 	ldrd	r2, r3, [sp, #16]
7e1d61c6:	e9d1 0100 	ldrd	r0, r1, [r1]
7e1d61ca:	f005 f9cd 	bl	7e1db568 <__aeabi_dmul>
7e1d61ce:	e9cd 0104 	strd	r0, r1, [sp, #16]
7e1d61d2:	f036 060f 	bics.w	r6, r6, #15
7e1d61d6:	f040 83a2 	bne.w	7e1d691e <_strtod_l+0x93e>
7e1d61da:	2300      	movs	r3, #0
7e1d61dc:	9309      	str	r3, [sp, #36]	; 0x24
7e1d61de:	4622      	mov	r2, r4
7e1d61e0:	9c08      	ldr	r4, [sp, #32]
7e1d61e2:	f8cd 9000 	str.w	r9, [sp]
7e1d61e6:	465b      	mov	r3, fp
7e1d61e8:	4629      	mov	r1, r5
7e1d61ea:	4620      	mov	r0, r4
7e1d61ec:	f004 fb02 	bl	7e1da7f4 <__s2b>
7e1d61f0:	9013      	str	r0, [sp, #76]	; 0x4c
7e1d61f2:	2800      	cmp	r0, #0
7e1d61f4:	f000 8509 	beq.w	7e1d6c0a <_strtod_l+0xc2a>
7e1d61f8:	9a0f      	ldr	r2, [sp, #60]	; 0x3c
7e1d61fa:	9b07      	ldr	r3, [sp, #28]
7e1d61fc:	2a00      	cmp	r2, #0
7e1d61fe:	eba3 030a 	sub.w	r3, r3, sl
7e1d6202:	ea22 72e2 	bic.w	r2, r2, r2, asr #31
7e1d6206:	bfa8      	it	ge
7e1d6208:	2300      	movge	r3, #0
7e1d620a:	9310      	str	r3, [sp, #64]	; 0x40
7e1d620c:	2300      	movs	r3, #0
7e1d620e:	9212      	str	r2, [sp, #72]	; 0x48
7e1d6210:	4699      	mov	r9, r3
7e1d6212:	9307      	str	r3, [sp, #28]
7e1d6214:	9d13      	ldr	r5, [sp, #76]	; 0x4c
7e1d6216:	4620      	mov	r0, r4
7e1d6218:	6869      	ldr	r1, [r5, #4]
7e1d621a:	f004 fa73 	bl	7e1da704 <_Balloc>
7e1d621e:	4683      	mov	fp, r0
7e1d6220:	2800      	cmp	r0, #0
7e1d6222:	f000 82ce 	beq.w	7e1d67c2 <_strtod_l+0x7e2>
7e1d6226:	692a      	ldr	r2, [r5, #16]
7e1d6228:	f105 010c 	add.w	r1, r5, #12
7e1d622c:	e9dd 5604 	ldrd	r5, r6, [sp, #16]
7e1d6230:	300c      	adds	r0, #12
7e1d6232:	3202      	adds	r2, #2
7e1d6234:	0092      	lsls	r2, r2, #2
7e1d6236:	e9cd 560a 	strd	r5, r6, [sp, #40]	; 0x28
7e1d623a:	f7fe fe97 	bl	7e1d4f6c <memcpy>
7e1d623e:	a920      	add	r1, sp, #128	; 0x80
7e1d6240:	462a      	mov	r2, r5
7e1d6242:	9101      	str	r1, [sp, #4]
7e1d6244:	4633      	mov	r3, r6
7e1d6246:	a91f      	add	r1, sp, #124	; 0x7c
7e1d6248:	4620      	mov	r0, r4
7e1d624a:	9100      	str	r1, [sp, #0]
7e1d624c:	f004 fdea 	bl	7e1dae24 <__d2b>
7e1d6250:	901e      	str	r0, [sp, #120]	; 0x78
7e1d6252:	2800      	cmp	r0, #0
7e1d6254:	f000 82a9 	beq.w	7e1d67aa <_strtod_l+0x7ca>
7e1d6258:	2101      	movs	r1, #1
7e1d625a:	4620      	mov	r0, r4
7e1d625c:	f004 fb64 	bl	7e1da928 <__i2b>
7e1d6260:	4681      	mov	r9, r0
7e1d6262:	2800      	cmp	r0, #0
7e1d6264:	f000 82ad 	beq.w	7e1d67c2 <_strtod_l+0x7e2>
7e1d6268:	9b1f      	ldr	r3, [sp, #124]	; 0x7c
7e1d626a:	9d20      	ldr	r5, [sp, #128]	; 0x80
7e1d626c:	2b00      	cmp	r3, #0
7e1d626e:	bfa9      	itett	ge
7e1d6270:	9a10      	ldrge	r2, [sp, #64]	; 0x40
7e1d6272:	9a12      	ldrlt	r2, [sp, #72]	; 0x48
7e1d6274:	189f      	addge	r7, r3, r2
7e1d6276:	9e12      	ldrge	r6, [sp, #72]	; 0x48
7e1d6278:	bfb8      	it	lt
7e1d627a:	1ad6      	sublt	r6, r2, r3
7e1d627c:	9a09      	ldr	r2, [sp, #36]	; 0x24
7e1d627e:	bfb8      	it	lt
7e1d6280:	9f10      	ldrlt	r7, [sp, #64]	; 0x40
7e1d6282:	1a9b      	subs	r3, r3, r2
7e1d6284:	f64f 4202 	movw	r2, #64514	; 0xfc02
7e1d6288:	442b      	add	r3, r5
7e1d628a:	f6cf 72ff 	movt	r2, #65535	; 0xffff
7e1d628e:	3b01      	subs	r3, #1
7e1d6290:	f1c5 0536 	rsb	r5, r5, #54	; 0x36
7e1d6294:	4293      	cmp	r3, r2
7e1d6296:	f280 824c 	bge.w	7e1d6732 <_strtod_l+0x752>
7e1d629a:	1ad2      	subs	r2, r2, r3
7e1d629c:	2a1f      	cmp	r2, #31
7e1d629e:	eba5 0502 	sub.w	r5, r5, r2
7e1d62a2:	bfcb      	itete	gt
7e1d62a4:	f64f 38e2 	movwgt	r8, #64482	; 0xfbe2
7e1d62a8:	2301      	movle	r3, #1
7e1d62aa:	f6cf 78ff 	movtgt	r8, #65535	; 0xffff
7e1d62ae:	4093      	lslle	r3, r2
7e1d62b0:	bfc3      	ittte	gt
7e1d62b2:	eba8 0803 	subgt.w	r8, r8, r3
7e1d62b6:	2301      	movgt	r3, #1
7e1d62b8:	fa03 f808 	lslgt.w	r8, r3, r8
7e1d62bc:	f04f 0800 	movle.w	r8, #0
7e1d62c0:	469a      	mov	sl, r3
7e1d62c2:	442e      	add	r6, r5
7e1d62c4:	9b09      	ldr	r3, [sp, #36]	; 0x24
7e1d62c6:	443d      	add	r5, r7
7e1d62c8:	42af      	cmp	r7, r5
7e1d62ca:	441e      	add	r6, r3
7e1d62cc:	463b      	mov	r3, r7
7e1d62ce:	bfa8      	it	ge
7e1d62d0:	462b      	movge	r3, r5
7e1d62d2:	42b3      	cmp	r3, r6
7e1d62d4:	bfa8      	it	ge
7e1d62d6:	4633      	movge	r3, r6
7e1d62d8:	2b00      	cmp	r3, #0
7e1d62da:	bfc2      	ittt	gt
7e1d62dc:	1aed      	subgt	r5, r5, r3
7e1d62de:	1af6      	subgt	r6, r6, r3
7e1d62e0:	1aff      	subgt	r7, r7, r3
7e1d62e2:	9b10      	ldr	r3, [sp, #64]	; 0x40
7e1d62e4:	2b00      	cmp	r3, #0
7e1d62e6:	f300 8240 	bgt.w	7e1d676a <_strtod_l+0x78a>
7e1d62ea:	2d00      	cmp	r5, #0
7e1d62ec:	f300 8254 	bgt.w	7e1d6798 <_strtod_l+0x7b8>
7e1d62f0:	9b0f      	ldr	r3, [sp, #60]	; 0x3c
7e1d62f2:	2b00      	cmp	r3, #0
7e1d62f4:	f300 825c 	bgt.w	7e1d67b0 <_strtod_l+0x7d0>
7e1d62f8:	2e00      	cmp	r6, #0
7e1d62fa:	f300 8285 	bgt.w	7e1d6808 <_strtod_l+0x828>
7e1d62fe:	2f00      	cmp	r7, #0
7e1d6300:	dd08      	ble.n	7e1d6314 <_strtod_l+0x334>
7e1d6302:	4649      	mov	r1, r9
7e1d6304:	463a      	mov	r2, r7
7e1d6306:	4620      	mov	r0, r4
7e1d6308:	f004 fc0a 	bl	7e1dab20 <__lshift>
7e1d630c:	4681      	mov	r9, r0
7e1d630e:	2800      	cmp	r0, #0
7e1d6310:	f000 8257 	beq.w	7e1d67c2 <_strtod_l+0x7e2>
7e1d6314:	465a      	mov	r2, fp
7e1d6316:	991e      	ldr	r1, [sp, #120]	; 0x78
7e1d6318:	4620      	mov	r0, r4
7e1d631a:	f004 fc7d 	bl	7e1dac18 <__mdiff>
7e1d631e:	9007      	str	r0, [sp, #28]
7e1d6320:	2800      	cmp	r0, #0
7e1d6322:	f000 824e 	beq.w	7e1d67c2 <_strtod_l+0x7e2>
7e1d6326:	9b07      	ldr	r3, [sp, #28]
7e1d6328:	2500      	movs	r5, #0
7e1d632a:	4649      	mov	r1, r9
7e1d632c:	68da      	ldr	r2, [r3, #12]
7e1d632e:	60dd      	str	r5, [r3, #12]
7e1d6330:	9211      	str	r2, [sp, #68]	; 0x44
7e1d6332:	f004 fc53 	bl	7e1dabdc <__mcmp>
7e1d6336:	42a8      	cmp	r0, r5
7e1d6338:	f2c0 8597 	blt.w	7e1d6e6a <_strtod_l+0xe8a>
7e1d633c:	9f05      	ldr	r7, [sp, #20]
7e1d633e:	f000 84e5 	beq.w	7e1d6d0c <_strtod_l+0xd2c>
7e1d6342:	4649      	mov	r1, r9
7e1d6344:	9807      	ldr	r0, [sp, #28]
7e1d6346:	f004 fdc3 	bl	7e1daed0 <__ratio>
7e1d634a:	2200      	movs	r2, #0
7e1d634c:	f04f 4380 	mov.w	r3, #1073741824	; 0x40000000
7e1d6350:	e9cd 010c 	strd	r0, r1, [sp, #48]	; 0x30
7e1d6354:	f005 fb84 	bl	7e1dba60 <__aeabi_dcmple>
7e1d6358:	2800      	cmp	r0, #0
7e1d635a:	f000 81ef 	beq.w	7e1d673c <_strtod_l+0x75c>
7e1d635e:	9b11      	ldr	r3, [sp, #68]	; 0x44
7e1d6360:	2b00      	cmp	r3, #0
7e1d6362:	f000 825b 	beq.w	7e1d681c <_strtod_l+0x83c>
7e1d6366:	46aa      	mov	sl, r5
7e1d6368:	2500      	movs	r5, #0
7e1d636a:	f6c3 75f0 	movt	r5, #16368	; 0x3ff0
7e1d636e:	2200      	movs	r2, #0
7e1d6370:	2300      	movs	r3, #0
7e1d6372:	f6c3 73f0 	movt	r3, #16368	; 0x3ff0
7e1d6376:	e9cd 230c 	strd	r2, r3, [sp, #48]	; 0x30
7e1d637a:	2600      	movs	r6, #0
7e1d637c:	f6c7 76f0 	movt	r6, #32752	; 0x7ff0
7e1d6380:	ea07 0806 	and.w	r8, r7, r6
7e1d6384:	2300      	movs	r3, #0
7e1d6386:	f6c7 73e0 	movt	r3, #32736	; 0x7fe0
7e1d638a:	4598      	cmp	r8, r3
7e1d638c:	f000 8272 	beq.w	7e1d6874 <_strtod_l+0x894>
7e1d6390:	f1b8 6fd4 	cmp.w	r8, #111149056	; 0x6a00000
7e1d6394:	9a09      	ldr	r2, [sp, #36]	; 0x24
7e1d6396:	bf8c      	ite	hi
7e1d6398:	2300      	movhi	r3, #0
7e1d639a:	2301      	movls	r3, #1
7e1d639c:	2a00      	cmp	r2, #0
7e1d639e:	bf08      	it	eq
7e1d63a0:	2300      	moveq	r3, #0
7e1d63a2:	b32b      	cbz	r3, 7e1d63f0 <_strtod_l+0x410>
7e1d63a4:	4650      	mov	r0, sl
7e1d63a6:	a3a8      	add	r3, pc, #672	; (adr r3, 7e1d6648 <_strtod_l+0x668>)
7e1d63a8:	e9d3 2300 	ldrd	r2, r3, [r3]
7e1d63ac:	4629      	mov	r1, r5
7e1d63ae:	f005 fb57 	bl	7e1dba60 <__aeabi_dcmple>
7e1d63b2:	b1b8      	cbz	r0, 7e1d63e4 <_strtod_l+0x404>
7e1d63b4:	4650      	mov	r0, sl
7e1d63b6:	4629      	mov	r1, r5
7e1d63b8:	f005 fbae 	bl	7e1dbb18 <__aeabi_d2uiz>
7e1d63bc:	2800      	cmp	r0, #0
7e1d63be:	f000 82a6 	beq.w	7e1d690e <_strtod_l+0x92e>
7e1d63c2:	f005 f857 	bl	7e1db474 <__aeabi_ui2d>
7e1d63c6:	4682      	mov	sl, r0
7e1d63c8:	460d      	mov	r5, r1
7e1d63ca:	9b11      	ldr	r3, [sp, #68]	; 0x44
7e1d63cc:	2b00      	cmp	r3, #0
7e1d63ce:	f040 8384 	bne.w	7e1d6ada <_strtod_l+0xafa>
7e1d63d2:	f105 4300 	add.w	r3, r5, #2147483648	; 0x80000000
7e1d63d6:	f8cd a058 	str.w	sl, [sp, #88]	; 0x58
7e1d63da:	9317      	str	r3, [sp, #92]	; 0x5c
7e1d63dc:	e9dd 2316 	ldrd	r2, r3, [sp, #88]	; 0x58
7e1d63e0:	e9cd 230c 	strd	r2, r3, [sp, #48]	; 0x30
7e1d63e4:	9b0d      	ldr	r3, [sp, #52]	; 0x34
7e1d63e6:	f103 63d6 	add.w	r3, r3, #112197632	; 0x6b00000
7e1d63ea:	eba3 0308 	sub.w	r3, r3, r8
7e1d63ee:	930d      	str	r3, [sp, #52]	; 0x34
7e1d63f0:	e9dd 010a 	ldrd	r0, r1, [sp, #40]	; 0x28
7e1d63f4:	e9dd 670c 	ldrd	r6, r7, [sp, #48]	; 0x30
7e1d63f8:	f004 fc92 	bl	7e1dad20 <__ulp>
7e1d63fc:	4602      	mov	r2, r0
7e1d63fe:	460b      	mov	r3, r1
7e1d6400:	4630      	mov	r0, r6
7e1d6402:	4639      	mov	r1, r7
7e1d6404:	f005 f8b0 	bl	7e1db568 <__aeabi_dmul>
7e1d6408:	e9dd 230a 	ldrd	r2, r3, [sp, #40]	; 0x28
7e1d640c:	f004 fef6 	bl	7e1db1fc <__adddf3>
7e1d6410:	460e      	mov	r6, r1
7e1d6412:	e9cd 0104 	strd	r0, r1, [sp, #16]
7e1d6416:	2300      	movs	r3, #0
7e1d6418:	9a09      	ldr	r2, [sp, #36]	; 0x24
7e1d641a:	f6c7 73f0 	movt	r3, #32752	; 0x7ff0
7e1d641e:	4033      	ands	r3, r6
7e1d6420:	4543      	cmp	r3, r8
7e1d6422:	bf08      	it	eq
7e1d6424:	2a00      	cmpeq	r2, #0
7e1d6426:	f000 82ce 	beq.w	7e1d69c6 <_strtod_l+0x9e6>
7e1d642a:	991e      	ldr	r1, [sp, #120]	; 0x78
7e1d642c:	4620      	mov	r0, r4
7e1d642e:	f004 f98f 	bl	7e1da750 <_Bfree>
7e1d6432:	4659      	mov	r1, fp
7e1d6434:	4620      	mov	r0, r4
7e1d6436:	f004 f98b 	bl	7e1da750 <_Bfree>
7e1d643a:	4649      	mov	r1, r9
7e1d643c:	4620      	mov	r0, r4
7e1d643e:	f004 f987 	bl	7e1da750 <_Bfree>
7e1d6442:	9907      	ldr	r1, [sp, #28]
7e1d6444:	4620      	mov	r0, r4
7e1d6446:	f004 f983 	bl	7e1da750 <_Bfree>
7e1d644a:	e6e3      	b.n	7e1d6214 <_strtod_l+0x234>
7e1d644c:	2300      	movs	r3, #0
7e1d644e:	930e      	str	r3, [sp, #56]	; 0x38
7e1d6450:	e636      	b.n	7e1d60c0 <_strtod_l+0xe0>
7e1d6452:	931d      	str	r3, [sp, #116]	; 0x74
7e1d6454:	e5dd      	b.n	7e1d6012 <_strtod_l+0x32>
7e1d6456:	2e30      	cmp	r6, #48	; 0x30
7e1d6458:	f04f 0300 	mov.w	r3, #0
7e1d645c:	930e      	str	r3, [sp, #56]	; 0x38
7e1d645e:	bf1c      	itt	ne
7e1d6460:	2300      	movne	r3, #0
7e1d6462:	9309      	strne	r3, [sp, #36]	; 0x24
7e1d6464:	f47f ae38 	bne.w	7e1d60d8 <_strtod_l+0xf8>
7e1d6468:	786b      	ldrb	r3, [r5, #1]
7e1d646a:	2b58      	cmp	r3, #88	; 0x58
7e1d646c:	f000 8313 	beq.w	7e1d6a96 <_strtod_l+0xab6>
7e1d6470:	2b78      	cmp	r3, #120	; 0x78
7e1d6472:	f000 8310 	beq.w	7e1d6a96 <_strtod_l+0xab6>
7e1d6476:	3501      	adds	r5, #1
7e1d6478:	951d      	str	r5, [sp, #116]	; 0x74
7e1d647a:	782e      	ldrb	r6, [r5, #0]
7e1d647c:	2e30      	cmp	r6, #48	; 0x30
7e1d647e:	d0fa      	beq.n	7e1d6476 <_strtod_l+0x496>
7e1d6480:	2e00      	cmp	r6, #0
7e1d6482:	f000 80af 	beq.w	7e1d65e4 <_strtod_l+0x604>
7e1d6486:	2301      	movs	r3, #1
7e1d6488:	9309      	str	r3, [sp, #36]	; 0x24
7e1d648a:	e625      	b.n	7e1d60d8 <_strtod_l+0xf8>
7e1d648c:	2000      	movs	r0, #0
7e1d648e:	46a6      	mov	lr, r4
7e1d6490:	4601      	mov	r1, r0
7e1d6492:	9007      	str	r0, [sp, #28]
7e1d6494:	9f1d      	ldr	r7, [sp, #116]	; 0x74
7e1d6496:	1c7b      	adds	r3, r7, #1
7e1d6498:	931d      	str	r3, [sp, #116]	; 0x74
7e1d649a:	787e      	ldrb	r6, [r7, #1]
7e1d649c:	2e2b      	cmp	r6, #43	; 0x2b
7e1d649e:	f000 82f7 	beq.w	7e1d6a90 <_strtod_l+0xab0>
7e1d64a2:	2e2d      	cmp	r6, #45	; 0x2d
7e1d64a4:	bf18      	it	ne
7e1d64a6:	f04f 0b00 	movne.w	fp, #0
7e1d64aa:	d104      	bne.n	7e1d64b6 <_strtod_l+0x4d6>
7e1d64ac:	f04f 0b01 	mov.w	fp, #1
7e1d64b0:	1cbb      	adds	r3, r7, #2
7e1d64b2:	931d      	str	r3, [sp, #116]	; 0x74
7e1d64b4:	78be      	ldrb	r6, [r7, #2]
7e1d64b6:	f1a6 0330 	sub.w	r3, r6, #48	; 0x30
7e1d64ba:	2b09      	cmp	r3, #9
7e1d64bc:	bf84      	itt	hi
7e1d64be:	971d      	strhi	r7, [sp, #116]	; 0x74
7e1d64c0:	f04f 0a00 	movhi.w	sl, #0
7e1d64c4:	d832      	bhi.n	7e1d652c <_strtod_l+0x54c>
7e1d64c6:	2e30      	cmp	r6, #48	; 0x30
7e1d64c8:	d105      	bne.n	7e1d64d6 <_strtod_l+0x4f6>
7e1d64ca:	9b1d      	ldr	r3, [sp, #116]	; 0x74
7e1d64cc:	3301      	adds	r3, #1
7e1d64ce:	931d      	str	r3, [sp, #116]	; 0x74
7e1d64d0:	781e      	ldrb	r6, [r3, #0]
7e1d64d2:	2e30      	cmp	r6, #48	; 0x30
7e1d64d4:	d0fa      	beq.n	7e1d64cc <_strtod_l+0x4ec>
7e1d64d6:	f1a6 0331 	sub.w	r3, r6, #49	; 0x31
7e1d64da:	2b08      	cmp	r3, #8
7e1d64dc:	f200 821c 	bhi.w	7e1d6918 <_strtod_l+0x938>
7e1d64e0:	9a1d      	ldr	r2, [sp, #116]	; 0x74
7e1d64e2:	f1a6 0a30 	sub.w	sl, r6, #48	; 0x30
7e1d64e6:	1c53      	adds	r3, r2, #1
7e1d64e8:	931d      	str	r3, [sp, #116]	; 0x74
7e1d64ea:	7856      	ldrb	r6, [r2, #1]
7e1d64ec:	920a      	str	r2, [sp, #40]	; 0x28
7e1d64ee:	f1a6 0230 	sub.w	r2, r6, #48	; 0x30
7e1d64f2:	2a09      	cmp	r2, #9
7e1d64f4:	d815      	bhi.n	7e1d6522 <_strtod_l+0x542>
7e1d64f6:	f04f 0c0a 	mov.w	ip, #10
7e1d64fa:	3301      	adds	r3, #1
7e1d64fc:	931d      	str	r3, [sp, #116]	; 0x74
7e1d64fe:	fb0c 6a0a 	mla	sl, ip, sl, r6
7e1d6502:	781e      	ldrb	r6, [r3, #0]
7e1d6504:	f1a6 0230 	sub.w	r2, r6, #48	; 0x30
7e1d6508:	2a09      	cmp	r2, #9
7e1d650a:	f1aa 0a30 	sub.w	sl, sl, #48	; 0x30
7e1d650e:	d9f4      	bls.n	7e1d64fa <_strtod_l+0x51a>
7e1d6510:	9a0a      	ldr	r2, [sp, #40]	; 0x28
7e1d6512:	1a9b      	subs	r3, r3, r2
7e1d6514:	f644 621f 	movw	r2, #19999	; 0x4e1f
7e1d6518:	4592      	cmp	sl, r2
7e1d651a:	bfd8      	it	le
7e1d651c:	2b08      	cmple	r3, #8
7e1d651e:	bfc8      	it	gt
7e1d6520:	4692      	movgt	sl, r2
7e1d6522:	f1bb 0f00 	cmp.w	fp, #0
7e1d6526:	d001      	beq.n	7e1d652c <_strtod_l+0x54c>
7e1d6528:	f1ca 0a00 	rsb	sl, sl, #0
7e1d652c:	2c00      	cmp	r4, #0
7e1d652e:	f040 850a 	bne.w	7e1d6f46 <_strtod_l+0xf66>
7e1d6532:	9b09      	ldr	r3, [sp, #36]	; 0x24
7e1d6534:	4303      	orrs	r3, r0
7e1d6536:	d155      	bne.n	7e1d65e4 <_strtod_l+0x604>
7e1d6538:	2900      	cmp	r1, #0
7e1d653a:	f47f adb2 	bne.w	7e1d60a2 <_strtod_l+0xc2>
7e1d653e:	3e49      	subs	r6, #73	; 0x49
7e1d6540:	2e25      	cmp	r6, #37	; 0x25
7e1d6542:	f63f adae 	bhi.w	7e1d60a2 <_strtod_l+0xc2>
7e1d6546:	a301      	add	r3, pc, #4	; (adr r3, 7e1d654c <_strtod_l+0x56c>)
7e1d6548:	f853 f026 	ldr.w	pc, [r3, r6, lsl #2]
7e1d654c:	7e1d696f 	.word	0x7e1d696f
7e1d6550:	7e1d60a3 	.word	0x7e1d60a3
7e1d6554:	7e1d60a3 	.word	0x7e1d60a3
7e1d6558:	7e1d60a3 	.word	0x7e1d60a3
7e1d655c:	7e1d60a3 	.word	0x7e1d60a3
7e1d6560:	7e1d693f 	.word	0x7e1d693f
7e1d6564:	7e1d60a3 	.word	0x7e1d60a3
7e1d6568:	7e1d60a3 	.word	0x7e1d60a3
7e1d656c:	7e1d60a3 	.word	0x7e1d60a3
7e1d6570:	7e1d60a3 	.word	0x7e1d60a3
7e1d6574:	7e1d60a3 	.word	0x7e1d60a3
7e1d6578:	7e1d60a3 	.word	0x7e1d60a3
7e1d657c:	7e1d60a3 	.word	0x7e1d60a3
7e1d6580:	7e1d60a3 	.word	0x7e1d60a3
7e1d6584:	7e1d60a3 	.word	0x7e1d60a3
7e1d6588:	7e1d60a3 	.word	0x7e1d60a3
7e1d658c:	7e1d60a3 	.word	0x7e1d60a3
7e1d6590:	7e1d60a3 	.word	0x7e1d60a3
7e1d6594:	7e1d60a3 	.word	0x7e1d60a3
7e1d6598:	7e1d60a3 	.word	0x7e1d60a3
7e1d659c:	7e1d60a3 	.word	0x7e1d60a3
7e1d65a0:	7e1d60a3 	.word	0x7e1d60a3
7e1d65a4:	7e1d60a3 	.word	0x7e1d60a3
7e1d65a8:	7e1d60a3 	.word	0x7e1d60a3
7e1d65ac:	7e1d60a3 	.word	0x7e1d60a3
7e1d65b0:	7e1d60a3 	.word	0x7e1d60a3
7e1d65b4:	7e1d60a3 	.word	0x7e1d60a3
7e1d65b8:	7e1d60a3 	.word	0x7e1d60a3
7e1d65bc:	7e1d60a3 	.word	0x7e1d60a3
7e1d65c0:	7e1d60a3 	.word	0x7e1d60a3
7e1d65c4:	7e1d60a3 	.word	0x7e1d60a3
7e1d65c8:	7e1d60a3 	.word	0x7e1d60a3
7e1d65cc:	7e1d696f 	.word	0x7e1d696f
7e1d65d0:	7e1d60a3 	.word	0x7e1d60a3
7e1d65d4:	7e1d60a3 	.word	0x7e1d60a3
7e1d65d8:	7e1d60a3 	.word	0x7e1d60a3
7e1d65dc:	7e1d60a3 	.word	0x7e1d60a3
7e1d65e0:	7e1d693f 	.word	0x7e1d693f
7e1d65e4:	f04f 0a00 	mov.w	sl, #0
7e1d65e8:	f04f 0b00 	mov.w	fp, #0
7e1d65ec:	9a06      	ldr	r2, [sp, #24]
7e1d65ee:	b10a      	cbz	r2, 7e1d65f4 <_strtod_l+0x614>
7e1d65f0:	9b1d      	ldr	r3, [sp, #116]	; 0x74
7e1d65f2:	6013      	str	r3, [r2, #0]
7e1d65f4:	9b0e      	ldr	r3, [sp, #56]	; 0x38
7e1d65f6:	2b00      	cmp	r3, #0
7e1d65f8:	f43f ad5b 	beq.w	7e1d60b2 <_strtod_l+0xd2>
7e1d65fc:	f10b 4300 	add.w	r3, fp, #2147483648	; 0x80000000
7e1d6600:	4651      	mov	r1, sl
7e1d6602:	468a      	mov	sl, r1
7e1d6604:	469b      	mov	fp, r3
7e1d6606:	4650      	mov	r0, sl
7e1d6608:	4659      	mov	r1, fp
7e1d660a:	b023      	add	sp, #140	; 0x8c
7e1d660c:	e8bd 8ff0 	ldmia.w	sp!, {r4, r5, r6, r7, r8, r9, sl, fp, pc}
7e1d6610:	9b1d      	ldr	r3, [sp, #116]	; 0x74
7e1d6612:	46a6      	mov	lr, r4
7e1d6614:	9007      	str	r0, [sp, #28]
7e1d6616:	eb03 020b 	add.w	r2, r3, fp
7e1d661a:	921d      	str	r2, [sp, #116]	; 0x74
7e1d661c:	f813 600b 	ldrb.w	r6, [r3, fp]
7e1d6620:	f1a6 0230 	sub.w	r2, r6, #48	; 0x30
7e1d6624:	2a09      	cmp	r2, #9
7e1d6626:	bf88      	it	hi
7e1d6628:	2101      	movhi	r1, #1
7e1d662a:	f63f ad2f 	bhi.w	7e1d608c <_strtod_l+0xac>
7e1d662e:	3001      	adds	r0, #1
7e1d6630:	4692      	mov	sl, r2
7e1d6632:	9e1d      	ldr	r6, [sp, #116]	; 0x74
7e1d6634:	2a00      	cmp	r2, #0
7e1d6636:	f040 8255 	bne.w	7e1d6ae4 <_strtod_l+0xb04>
7e1d663a:	1c73      	adds	r3, r6, #1
7e1d663c:	931d      	str	r3, [sp, #116]	; 0x74
7e1d663e:	7876      	ldrb	r6, [r6, #1]
7e1d6640:	e7ee      	b.n	7e1d6620 <_strtod_l+0x640>
7e1d6642:	bf00      	nop
7e1d6644:	f3af 8000 	nop.w
7e1d6648:	ffc00000 	.word	0xffc00000
7e1d664c:	41dfffff 	.word	0x41dfffff
7e1d6650:	9a0f      	ldr	r2, [sp, #60]	; 0x3c
7e1d6652:	ebab 0306 	sub.w	r3, fp, r6
7e1d6656:	189e      	adds	r6, r3, r2
7e1d6658:	2e00      	cmp	r6, #0
7e1d665a:	f73f ada9 	bgt.w	7e1d61b0 <_strtod_l+0x1d0>
7e1d665e:	f43f adbc 	beq.w	7e1d61da <_strtod_l+0x1fa>
7e1d6662:	4276      	negs	r6, r6
7e1d6664:	f016 020f 	ands.w	r2, r6, #15
7e1d6668:	d00d      	beq.n	7e1d6686 <_strtod_l+0x6a6>
7e1d666a:	f64a 43c8 	movw	r3, #44232	; 0xacc8
7e1d666e:	f2c8 032d 	movt	r3, #32813	; 0x802d
7e1d6672:	eb03 03c2 	add.w	r3, r3, r2, lsl #3
7e1d6676:	e9dd 0104 	ldrd	r0, r1, [sp, #16]
7e1d667a:	e9d3 2300 	ldrd	r2, r3, [r3]
7e1d667e:	f005 f89d 	bl	7e1db7bc <__aeabi_ddiv>
7e1d6682:	e9cd 0104 	strd	r0, r1, [sp, #16]
7e1d6686:	1136      	asrs	r6, r6, #4
7e1d6688:	f43f ada7 	beq.w	7e1d61da <_strtod_l+0x1fa>
7e1d668c:	2e1f      	cmp	r6, #31
7e1d668e:	dc48      	bgt.n	7e1d6722 <_strtod_l+0x742>
7e1d6690:	f016 0310 	ands.w	r3, r6, #16
7e1d6694:	f64a 27e8 	movw	r7, #43752	; 0xaae8
7e1d6698:	f2c8 072d 	movt	r7, #32813	; 0x802d
7e1d669c:	f04f 0c00 	mov.w	ip, #0
7e1d66a0:	4619      	mov	r1, r3
7e1d66a2:	e9dd 2304 	ldrd	r2, r3, [sp, #16]
7e1d66a6:	bf18      	it	ne
7e1d66a8:	216a      	movne	r1, #106	; 0x6a
7e1d66aa:	9109      	str	r1, [sp, #36]	; 0x24
7e1d66ac:	f016 0f01 	tst.w	r6, #1
7e1d66b0:	4610      	mov	r0, r2
7e1d66b2:	4619      	mov	r1, r3
7e1d66b4:	d007      	beq.n	7e1d66c6 <_strtod_l+0x6e6>
7e1d66b6:	e9d7 2300 	ldrd	r2, r3, [r7]
7e1d66ba:	f004 ff55 	bl	7e1db568 <__aeabi_dmul>
7e1d66be:	f04f 0c01 	mov.w	ip, #1
7e1d66c2:	4602      	mov	r2, r0
7e1d66c4:	460b      	mov	r3, r1
7e1d66c6:	1076      	asrs	r6, r6, #1
7e1d66c8:	f107 0708 	add.w	r7, r7, #8
7e1d66cc:	d1ee      	bne.n	7e1d66ac <_strtod_l+0x6cc>
7e1d66ce:	f1bc 0f00 	cmp.w	ip, #0
7e1d66d2:	d001      	beq.n	7e1d66d8 <_strtod_l+0x6f8>
7e1d66d4:	e9cd 2304 	strd	r2, r3, [sp, #16]
7e1d66d8:	9b09      	ldr	r3, [sp, #36]	; 0x24
7e1d66da:	b1cb      	cbz	r3, 7e1d6710 <_strtod_l+0x730>
7e1d66dc:	e9dd 1204 	ldrd	r1, r2, [sp, #16]
7e1d66e0:	f3c2 530a 	ubfx	r3, r2, #20, #11
7e1d66e4:	f1c3 036b 	rsb	r3, r3, #107	; 0x6b
7e1d66e8:	2b00      	cmp	r3, #0
7e1d66ea:	dd11      	ble.n	7e1d6710 <_strtod_l+0x730>
7e1d66ec:	2b1f      	cmp	r3, #31
7e1d66ee:	f340 840b 	ble.w	7e1d6f08 <_strtod_l+0xf28>
7e1d66f2:	2b34      	cmp	r3, #52	; 0x34
7e1d66f4:	f04f 0100 	mov.w	r1, #0
7e1d66f8:	bfd8      	it	le
7e1d66fa:	3b20      	suble	r3, #32
7e1d66fc:	9104      	str	r1, [sp, #16]
7e1d66fe:	bfd7      	itett	le
7e1d6700:	f04f 31ff 	movle.w	r1, #4294967295
7e1d6704:	f04f 735c 	movgt.w	r3, #57671680	; 0x3700000
7e1d6708:	fa01 f303 	lslle.w	r3, r1, r3
7e1d670c:	4013      	andle	r3, r2
7e1d670e:	9305      	str	r3, [sp, #20]
7e1d6710:	2200      	movs	r2, #0
7e1d6712:	2300      	movs	r3, #0
7e1d6714:	e9dd 0104 	ldrd	r0, r1, [sp, #16]
7e1d6718:	f005 f98e 	bl	7e1dba38 <__aeabi_dcmpeq>
7e1d671c:	2800      	cmp	r0, #0
7e1d671e:	f43f ad5e 	beq.w	7e1d61de <_strtod_l+0x1fe>
7e1d6722:	9a08      	ldr	r2, [sp, #32]
7e1d6724:	2322      	movs	r3, #34	; 0x22
7e1d6726:	f04f 0a00 	mov.w	sl, #0
7e1d672a:	f04f 0b00 	mov.w	fp, #0
7e1d672e:	6013      	str	r3, [r2, #0]
7e1d6730:	e75c      	b.n	7e1d65ec <_strtod_l+0x60c>
7e1d6732:	2301      	movs	r3, #1
7e1d6734:	f04f 0800 	mov.w	r8, #0
7e1d6738:	469a      	mov	sl, r3
7e1d673a:	e5c2      	b.n	7e1d62c2 <_strtod_l+0x2e2>
7e1d673c:	e9dd 010c 	ldrd	r0, r1, [sp, #48]	; 0x30
7e1d6740:	2200      	movs	r2, #0
7e1d6742:	2300      	movs	r3, #0
7e1d6744:	f6c3 73e0 	movt	r3, #16352	; 0x3fe0
7e1d6748:	f004 ff0e 	bl	7e1db568 <__aeabi_dmul>
7e1d674c:	9b11      	ldr	r3, [sp, #68]	; 0x44
7e1d674e:	4682      	mov	sl, r0
7e1d6750:	460d      	mov	r5, r1
7e1d6752:	2b00      	cmp	r3, #0
7e1d6754:	f040 8089 	bne.w	7e1d686a <_strtod_l+0x88a>
7e1d6758:	f101 4300 	add.w	r3, r1, #2147483648	; 0x80000000
7e1d675c:	9014      	str	r0, [sp, #80]	; 0x50
7e1d675e:	9315      	str	r3, [sp, #84]	; 0x54
7e1d6760:	e9dd 2314 	ldrd	r2, r3, [sp, #80]	; 0x50
7e1d6764:	e9cd 230c 	strd	r2, r3, [sp, #48]	; 0x30
7e1d6768:	e607      	b.n	7e1d637a <_strtod_l+0x39a>
7e1d676a:	4649      	mov	r1, r9
7e1d676c:	461a      	mov	r2, r3
7e1d676e:	4620      	mov	r0, r4
7e1d6770:	f004 f984 	bl	7e1daa7c <__pow5mult>
7e1d6774:	4681      	mov	r9, r0
7e1d6776:	b320      	cbz	r0, 7e1d67c2 <_strtod_l+0x7e2>
7e1d6778:	4601      	mov	r1, r0
7e1d677a:	9a1e      	ldr	r2, [sp, #120]	; 0x78
7e1d677c:	4620      	mov	r0, r4
7e1d677e:	f004 f8dd 	bl	7e1da93c <__multiply>
7e1d6782:	b1f0      	cbz	r0, 7e1d67c2 <_strtod_l+0x7e2>
7e1d6784:	900c      	str	r0, [sp, #48]	; 0x30
7e1d6786:	4620      	mov	r0, r4
7e1d6788:	991e      	ldr	r1, [sp, #120]	; 0x78
7e1d678a:	f003 ffe1 	bl	7e1da750 <_Bfree>
7e1d678e:	9b0c      	ldr	r3, [sp, #48]	; 0x30
7e1d6790:	2d00      	cmp	r5, #0
7e1d6792:	931e      	str	r3, [sp, #120]	; 0x78
7e1d6794:	f77f adac 	ble.w	7e1d62f0 <_strtod_l+0x310>
7e1d6798:	462a      	mov	r2, r5
7e1d679a:	991e      	ldr	r1, [sp, #120]	; 0x78
7e1d679c:	4620      	mov	r0, r4
7e1d679e:	f004 f9bf 	bl	7e1dab20 <__lshift>
7e1d67a2:	901e      	str	r0, [sp, #120]	; 0x78
7e1d67a4:	2800      	cmp	r0, #0
7e1d67a6:	f47f ada3 	bne.w	7e1d62f0 <_strtod_l+0x310>
7e1d67aa:	465e      	mov	r6, fp
7e1d67ac:	4605      	mov	r5, r0
7e1d67ae:	e00a      	b.n	7e1d67c6 <_strtod_l+0x7e6>
7e1d67b0:	4659      	mov	r1, fp
7e1d67b2:	9a12      	ldr	r2, [sp, #72]	; 0x48
7e1d67b4:	4620      	mov	r0, r4
7e1d67b6:	f004 f961 	bl	7e1daa7c <__pow5mult>
7e1d67ba:	4683      	mov	fp, r0
7e1d67bc:	2800      	cmp	r0, #0
7e1d67be:	f47f ad9b 	bne.w	7e1d62f8 <_strtod_l+0x318>
7e1d67c2:	465e      	mov	r6, fp
7e1d67c4:	9d1e      	ldr	r5, [sp, #120]	; 0x78
7e1d67c6:	9a08      	ldr	r2, [sp, #32]
7e1d67c8:	2300      	movs	r3, #0
7e1d67ca:	f6c7 73f0 	movt	r3, #32752	; 0x7ff0
7e1d67ce:	9305      	str	r3, [sp, #20]
7e1d67d0:	2322      	movs	r3, #34	; 0x22
7e1d67d2:	6013      	str	r3, [r2, #0]
7e1d67d4:	2300      	movs	r3, #0
7e1d67d6:	9304      	str	r3, [sp, #16]
7e1d67d8:	e9dd ab04 	ldrd	sl, fp, [sp, #16]
7e1d67dc:	9c08      	ldr	r4, [sp, #32]
7e1d67de:	4629      	mov	r1, r5
7e1d67e0:	4620      	mov	r0, r4
7e1d67e2:	f003 ffb5 	bl	7e1da750 <_Bfree>
7e1d67e6:	4631      	mov	r1, r6
7e1d67e8:	4620      	mov	r0, r4
7e1d67ea:	f003 ffb1 	bl	7e1da750 <_Bfree>
7e1d67ee:	4649      	mov	r1, r9
7e1d67f0:	4620      	mov	r0, r4
7e1d67f2:	f003 ffad 	bl	7e1da750 <_Bfree>
7e1d67f6:	9913      	ldr	r1, [sp, #76]	; 0x4c
7e1d67f8:	4620      	mov	r0, r4
7e1d67fa:	f003 ffa9 	bl	7e1da750 <_Bfree>
7e1d67fe:	9907      	ldr	r1, [sp, #28]
7e1d6800:	4620      	mov	r0, r4
7e1d6802:	f003 ffa5 	bl	7e1da750 <_Bfree>
7e1d6806:	e6f1      	b.n	7e1d65ec <_strtod_l+0x60c>
7e1d6808:	4659      	mov	r1, fp
7e1d680a:	4632      	mov	r2, r6
7e1d680c:	4620      	mov	r0, r4
7e1d680e:	f004 f987 	bl	7e1dab20 <__lshift>
7e1d6812:	4683      	mov	fp, r0
7e1d6814:	2800      	cmp	r0, #0
7e1d6816:	f47f ad72 	bne.w	7e1d62fe <_strtod_l+0x31e>
7e1d681a:	e7d2      	b.n	7e1d67c2 <_strtod_l+0x7e2>
7e1d681c:	9b04      	ldr	r3, [sp, #16]
7e1d681e:	2b00      	cmp	r3, #0
7e1d6820:	d15f      	bne.n	7e1d68e2 <_strtod_l+0x902>
7e1d6822:	f3c7 0313 	ubfx	r3, r7, #0, #20
7e1d6826:	2b00      	cmp	r3, #0
7e1d6828:	d161      	bne.n	7e1d68ee <_strtod_l+0x90e>
7e1d682a:	e9dd 560c 	ldrd	r5, r6, [sp, #48]	; 0x30
7e1d682e:	2300      	movs	r3, #0
7e1d6830:	2200      	movs	r2, #0
7e1d6832:	f6c3 73f0 	movt	r3, #16368	; 0x3ff0
7e1d6836:	4628      	mov	r0, r5
7e1d6838:	4631      	mov	r1, r6
7e1d683a:	f005 f907 	bl	7e1dba4c <__aeabi_dcmplt>
7e1d683e:	2800      	cmp	r0, #0
7e1d6840:	f040 8232 	bne.w	7e1d6ca8 <_strtod_l+0xcc8>
7e1d6844:	4628      	mov	r0, r5
7e1d6846:	4631      	mov	r1, r6
7e1d6848:	2200      	movs	r2, #0
7e1d684a:	2300      	movs	r3, #0
7e1d684c:	f6c3 73e0 	movt	r3, #16352	; 0x3fe0
7e1d6850:	f004 fe8a 	bl	7e1db568 <__aeabi_dmul>
7e1d6854:	4682      	mov	sl, r0
7e1d6856:	460d      	mov	r5, r1
7e1d6858:	f101 4300 	add.w	r3, r1, #2147483648	; 0x80000000
7e1d685c:	901a      	str	r0, [sp, #104]	; 0x68
7e1d685e:	931b      	str	r3, [sp, #108]	; 0x6c
7e1d6860:	e9dd 231a 	ldrd	r2, r3, [sp, #104]	; 0x68
7e1d6864:	e9cd 230c 	strd	r2, r3, [sp, #48]	; 0x30
7e1d6868:	e587      	b.n	7e1d637a <_strtod_l+0x39a>
7e1d686a:	4602      	mov	r2, r0
7e1d686c:	460b      	mov	r3, r1
7e1d686e:	e9cd 2314 	strd	r2, r3, [sp, #80]	; 0x50
7e1d6872:	e775      	b.n	7e1d6760 <_strtod_l+0x780>
7e1d6874:	f1a7 7354 	sub.w	r3, r7, #55574528	; 0x3500000
7e1d6878:	9305      	str	r3, [sp, #20]
7e1d687a:	e9dd 2304 	ldrd	r2, r3, [sp, #16]
7e1d687e:	4610      	mov	r0, r2
7e1d6880:	4619      	mov	r1, r3
7e1d6882:	f004 fa4d 	bl	7e1dad20 <__ulp>
7e1d6886:	4602      	mov	r2, r0
7e1d6888:	460b      	mov	r3, r1
7e1d688a:	e9dd 010c 	ldrd	r0, r1, [sp, #48]	; 0x30
7e1d688e:	f004 fe6b 	bl	7e1db568 <__aeabi_dmul>
7e1d6892:	e9dd 2304 	ldrd	r2, r3, [sp, #16]
7e1d6896:	f004 fcb1 	bl	7e1db1fc <__adddf3>
7e1d689a:	f64f 72ff 	movw	r2, #65535	; 0xffff
7e1d689e:	f6c7 429f 	movt	r2, #31903	; 0x7c9f
7e1d68a2:	ea01 0306 	and.w	r3, r1, r6
7e1d68a6:	468c      	mov	ip, r1
7e1d68a8:	e9cd 0104 	strd	r0, r1, [sp, #16]
7e1d68ac:	4293      	cmp	r3, r2
7e1d68ae:	e9dd 010a 	ldrd	r0, r1, [sp, #40]	; 0x28
7e1d68b2:	4606      	mov	r6, r0
7e1d68b4:	460f      	mov	r7, r1
7e1d68b6:	e9cd 6718 	strd	r6, r7, [sp, #96]	; 0x60
7e1d68ba:	d924      	bls.n	7e1d6906 <_strtod_l+0x926>
7e1d68bc:	f64f 73ff 	movw	r3, #65535	; 0xffff
7e1d68c0:	f6c7 73ef 	movt	r3, #32751	; 0x7fef
7e1d68c4:	4299      	cmp	r1, r3
7e1d68c6:	d103      	bne.n	7e1d68d0 <_strtod_l+0x8f0>
7e1d68c8:	f1b0 3fff 	cmp.w	r0, #4294967295
7e1d68cc:	f43f af79 	beq.w	7e1d67c2 <_strtod_l+0x7e2>
7e1d68d0:	f64f 73ff 	movw	r3, #65535	; 0xffff
7e1d68d4:	f6c7 73ef 	movt	r3, #32751	; 0x7fef
7e1d68d8:	9305      	str	r3, [sp, #20]
7e1d68da:	f04f 33ff 	mov.w	r3, #4294967295
7e1d68de:	9304      	str	r3, [sp, #16]
7e1d68e0:	e5a3      	b.n	7e1d642a <_strtod_l+0x44a>
7e1d68e2:	9b04      	ldr	r3, [sp, #16]
7e1d68e4:	2b01      	cmp	r3, #1
7e1d68e6:	d102      	bne.n	7e1d68ee <_strtod_l+0x90e>
7e1d68e8:	2f00      	cmp	r7, #0
7e1d68ea:	f000 8319 	beq.w	7e1d6f20 <_strtod_l+0xf40>
7e1d68ee:	2200      	movs	r2, #0
7e1d68f0:	2300      	movs	r3, #0
7e1d68f2:	f6cb 73f0 	movt	r3, #49136	; 0xbff0
7e1d68f6:	e9cd 230c 	strd	r2, r3, [sp, #48]	; 0x30
7e1d68fa:	2300      	movs	r3, #0
7e1d68fc:	2500      	movs	r5, #0
7e1d68fe:	469a      	mov	sl, r3
7e1d6900:	f6c3 75f0 	movt	r5, #16368	; 0x3ff0
7e1d6904:	e539      	b.n	7e1d637a <_strtod_l+0x39a>
7e1d6906:	f10c 7654 	add.w	r6, ip, #55574528	; 0x3500000
7e1d690a:	9605      	str	r6, [sp, #20]
7e1d690c:	e583      	b.n	7e1d6416 <_strtod_l+0x436>
7e1d690e:	2500      	movs	r5, #0
7e1d6910:	4682      	mov	sl, r0
7e1d6912:	f6c3 75f0 	movt	r5, #16368	; 0x3ff0
7e1d6916:	e558      	b.n	7e1d63ca <_strtod_l+0x3ea>
7e1d6918:	f04f 0a00 	mov.w	sl, #0
7e1d691c:	e606      	b.n	7e1d652c <_strtod_l+0x54c>
7e1d691e:	f5b6 7f9a 	cmp.w	r6, #308	; 0x134
7e1d6922:	f340 8114 	ble.w	7e1d6b4e <_strtod_l+0xb6e>
7e1d6926:	9a08      	ldr	r2, [sp, #32]
7e1d6928:	2300      	movs	r3, #0
7e1d692a:	f6c7 73f0 	movt	r3, #32752	; 0x7ff0
7e1d692e:	9305      	str	r3, [sp, #20]
7e1d6930:	2322      	movs	r3, #34	; 0x22
7e1d6932:	6013      	str	r3, [r2, #0]
7e1d6934:	2300      	movs	r3, #0
7e1d6936:	9304      	str	r3, [sp, #16]
7e1d6938:	e9dd ab04 	ldrd	sl, fp, [sp, #16]
7e1d693c:	e656      	b.n	7e1d65ec <_strtod_l+0x60c>
7e1d693e:	f64a 21bc 	movw	r1, #43708	; 0xaabc
7e1d6942:	a81d      	add	r0, sp, #116	; 0x74
7e1d6944:	f2c8 012d 	movt	r1, #32813	; 0x802d
7e1d6948:	f003 fd98 	bl	7e1da47c <__match>
7e1d694c:	2800      	cmp	r0, #0
7e1d694e:	f43f aba8 	beq.w	7e1d60a2 <_strtod_l+0xc2>
7e1d6952:	9b1d      	ldr	r3, [sp, #116]	; 0x74
7e1d6954:	781b      	ldrb	r3, [r3, #0]
7e1d6956:	2b28      	cmp	r3, #40	; 0x28
7e1d6958:	f000 8257 	beq.w	7e1d6e0a <_strtod_l+0xe2a>
7e1d695c:	f64a 3044 	movw	r0, #43844	; 0xab44
7e1d6960:	f2c8 002d 	movt	r0, #32813	; 0x802d
7e1d6964:	f7fd fff2 	bl	7e1d494c <nan>
7e1d6968:	4682      	mov	sl, r0
7e1d696a:	468b      	mov	fp, r1
7e1d696c:	e63e      	b.n	7e1d65ec <_strtod_l+0x60c>
7e1d696e:	f64a 21b0 	movw	r1, #43696	; 0xaab0
7e1d6972:	a81d      	add	r0, sp, #116	; 0x74
7e1d6974:	f2c8 012d 	movt	r1, #32813	; 0x802d
7e1d6978:	f003 fd80 	bl	7e1da47c <__match>
7e1d697c:	2800      	cmp	r0, #0
7e1d697e:	f43f ab90 	beq.w	7e1d60a2 <_strtod_l+0xc2>
7e1d6982:	9b1d      	ldr	r3, [sp, #116]	; 0x74
7e1d6984:	f64a 21b4 	movw	r1, #43700	; 0xaab4
7e1d6988:	a81d      	add	r0, sp, #116	; 0x74
7e1d698a:	f2c8 012d 	movt	r1, #32813	; 0x802d
7e1d698e:	3b01      	subs	r3, #1
7e1d6990:	931d      	str	r3, [sp, #116]	; 0x74
7e1d6992:	f003 fd73 	bl	7e1da47c <__match>
7e1d6996:	b910      	cbnz	r0, 7e1d699e <_strtod_l+0x9be>
7e1d6998:	9b1d      	ldr	r3, [sp, #116]	; 0x74
7e1d699a:	3301      	adds	r3, #1
7e1d699c:	931d      	str	r3, [sp, #116]	; 0x74
7e1d699e:	2300      	movs	r3, #0
7e1d69a0:	f6c7 73f0 	movt	r3, #32752	; 0x7ff0
7e1d69a4:	9305      	str	r3, [sp, #20]
7e1d69a6:	e9dd ab04 	ldrd	sl, fp, [sp, #16]
7e1d69aa:	e61f      	b.n	7e1d65ec <_strtod_l+0x60c>
7e1d69ac:	2300      	movs	r3, #0
7e1d69ae:	f6c7 73f0 	movt	r3, #32752	; 0x7ff0
7e1d69b2:	9305      	str	r3, [sp, #20]
7e1d69b4:	0721      	lsls	r1, r4, #28
7e1d69b6:	bf42      	ittt	mi
7e1d69b8:	9b05      	ldrmi	r3, [sp, #20]
7e1d69ba:	f043 4300 	orrmi.w	r3, r3, #2147483648	; 0x80000000
7e1d69be:	9305      	strmi	r3, [sp, #20]
7e1d69c0:	e9dd ab04 	ldrd	sl, fp, [sp, #16]
7e1d69c4:	e612      	b.n	7e1d65ec <_strtod_l+0x60c>
7e1d69c6:	4650      	mov	r0, sl
7e1d69c8:	4629      	mov	r1, r5
7e1d69ca:	f005 fb15 	bl	7e1dbff8 <__aeabi_d2lz>
7e1d69ce:	f3c6 0613 	ubfx	r6, r6, #0, #20
7e1d69d2:	f004 fd9b 	bl	7e1db50c <__aeabi_l2d>
7e1d69d6:	4602      	mov	r2, r0
7e1d69d8:	460b      	mov	r3, r1
7e1d69da:	4650      	mov	r0, sl
7e1d69dc:	4629      	mov	r1, r5
7e1d69de:	f004 fc0b 	bl	7e1db1f8 <__aeabi_dsub>
7e1d69e2:	9b11      	ldr	r3, [sp, #68]	; 0x44
7e1d69e4:	9a04      	ldr	r2, [sp, #16]
7e1d69e6:	4313      	orrs	r3, r2
7e1d69e8:	4333      	orrs	r3, r6
7e1d69ea:	4607      	mov	r7, r0
7e1d69ec:	4688      	mov	r8, r1
7e1d69ee:	d13d      	bne.n	7e1d6a6c <_strtod_l+0xa8c>
7e1d69f0:	a3b3      	add	r3, pc, #716	; (adr r3, 7e1d6cc0 <_strtod_l+0xce0>)
7e1d69f2:	e9d3 2300 	ldrd	r2, r3, [r3]
7e1d69f6:	f005 f829 	bl	7e1dba4c <__aeabi_dcmplt>
7e1d69fa:	2800      	cmp	r0, #0
7e1d69fc:	f43f ad15 	beq.w	7e1d642a <_strtod_l+0x44a>
7e1d6a00:	465e      	mov	r6, fp
7e1d6a02:	9d1e      	ldr	r5, [sp, #120]	; 0x78
7e1d6a04:	e9dd ab04 	ldrd	sl, fp, [sp, #16]
7e1d6a08:	e6e8      	b.n	7e1d67dc <_strtod_l+0x7fc>
7e1d6a0a:	4651      	mov	r1, sl
7e1d6a0c:	465a      	mov	r2, fp
7e1d6a0e:	4628      	mov	r0, r5
7e1d6a10:	f7fe ffd8 	bl	7e1d59c4 <strncmp>
7e1d6a14:	4604      	mov	r4, r0
7e1d6a16:	2800      	cmp	r0, #0
7e1d6a18:	f040 8299 	bne.w	7e1d6f4e <_strtod_l+0xf6e>
7e1d6a1c:	9a1d      	ldr	r2, [sp, #116]	; 0x74
7e1d6a1e:	eb02 030b 	add.w	r3, r2, fp
7e1d6a22:	931d      	str	r3, [sp, #116]	; 0x74
7e1d6a24:	f812 600b 	ldrb.w	r6, [r2, fp]
7e1d6a28:	2e30      	cmp	r6, #48	; 0x30
7e1d6a2a:	bf18      	it	ne
7e1d6a2c:	4620      	movne	r0, r4
7e1d6a2e:	d107      	bne.n	7e1d6a40 <_strtod_l+0xa60>
7e1d6a30:	f1c3 0201 	rsb	r2, r3, #1
7e1d6a34:	1898      	adds	r0, r3, r2
7e1d6a36:	3301      	adds	r3, #1
7e1d6a38:	931d      	str	r3, [sp, #116]	; 0x74
7e1d6a3a:	781e      	ldrb	r6, [r3, #0]
7e1d6a3c:	2e30      	cmp	r6, #48	; 0x30
7e1d6a3e:	d0f9      	beq.n	7e1d6a34 <_strtod_l+0xa54>
7e1d6a40:	f1a6 0331 	sub.w	r3, r6, #49	; 0x31
7e1d6a44:	2b08      	cmp	r3, #8
7e1d6a46:	f63f ab1a 	bhi.w	7e1d607e <_strtod_l+0x9e>
7e1d6a4a:	9d1d      	ldr	r5, [sp, #116]	; 0x74
7e1d6a4c:	f04f 0900 	mov.w	r9, #0
7e1d6a50:	1c43      	adds	r3, r0, #1
7e1d6a52:	f1a6 0a30 	sub.w	sl, r6, #48	; 0x30
7e1d6a56:	9307      	str	r3, [sp, #28]
7e1d6a58:	46c8      	mov	r8, r9
7e1d6a5a:	2301      	movs	r3, #1
7e1d6a5c:	462e      	mov	r6, r5
7e1d6a5e:	220a      	movs	r2, #10
7e1d6a60:	46a6      	mov	lr, r4
7e1d6a62:	fb02 a909 	mla	r9, r2, r9, sl
7e1d6a66:	461c      	mov	r4, r3
7e1d6a68:	2000      	movs	r0, #0
7e1d6a6a:	e5e6      	b.n	7e1d663a <_strtod_l+0x65a>
7e1d6a6c:	a396      	add	r3, pc, #600	; (adr r3, 7e1d6cc8 <_strtod_l+0xce8>)
7e1d6a6e:	e9d3 2300 	ldrd	r2, r3, [r3]
7e1d6a72:	f004 ffeb 	bl	7e1dba4c <__aeabi_dcmplt>
7e1d6a76:	2800      	cmp	r0, #0
7e1d6a78:	d1c2      	bne.n	7e1d6a00 <_strtod_l+0xa20>
7e1d6a7a:	4638      	mov	r0, r7
7e1d6a7c:	4641      	mov	r1, r8
7e1d6a7e:	a394      	add	r3, pc, #592	; (adr r3, 7e1d6cd0 <_strtod_l+0xcf0>)
7e1d6a80:	e9d3 2300 	ldrd	r2, r3, [r3]
7e1d6a84:	f005 f800 	bl	7e1dba88 <__aeabi_dcmpgt>
7e1d6a88:	2800      	cmp	r0, #0
7e1d6a8a:	f43f acce 	beq.w	7e1d642a <_strtod_l+0x44a>
7e1d6a8e:	e7b7      	b.n	7e1d6a00 <_strtod_l+0xa20>
7e1d6a90:	f04f 0b00 	mov.w	fp, #0
7e1d6a94:	e50c      	b.n	7e1d64b0 <_strtod_l+0x4d0>
7e1d6a96:	9a0e      	ldr	r2, [sp, #56]	; 0x38
7e1d6a98:	ab1e      	add	r3, sp, #120	; 0x78
7e1d6a9a:	9402      	str	r4, [sp, #8]
7e1d6a9c:	a91d      	add	r1, sp, #116	; 0x74
7e1d6a9e:	9300      	str	r3, [sp, #0]
7e1d6aa0:	ab1f      	add	r3, sp, #124	; 0x7c
7e1d6aa2:	9201      	str	r2, [sp, #4]
7e1d6aa4:	f64a 22c0 	movw	r2, #43712	; 0xaac0
7e1d6aa8:	9808      	ldr	r0, [sp, #32]
7e1d6aaa:	f2c8 022d 	movt	r2, #32813	; 0x802d
7e1d6aae:	f003 fa39 	bl	7e1d9f24 <__gethex>
7e1d6ab2:	f010 0607 	ands.w	r6, r0, #7
7e1d6ab6:	4604      	mov	r4, r0
7e1d6ab8:	f43f ad94 	beq.w	7e1d65e4 <_strtod_l+0x604>
7e1d6abc:	2e06      	cmp	r6, #6
7e1d6abe:	f040 80b0 	bne.w	7e1d6c22 <_strtod_l+0xc42>
7e1d6ac2:	9b06      	ldr	r3, [sp, #24]
7e1d6ac4:	3501      	adds	r5, #1
7e1d6ac6:	2b00      	cmp	r3, #0
7e1d6ac8:	f43f aaef 	beq.w	7e1d60aa <_strtod_l+0xca>
7e1d6acc:	601d      	str	r5, [r3, #0]
7e1d6ace:	f04f 0a00 	mov.w	sl, #0
7e1d6ad2:	f04f 0b00 	mov.w	fp, #0
7e1d6ad6:	f7ff baec 	b.w	7e1d60b2 <_strtod_l+0xd2>
7e1d6ada:	4652      	mov	r2, sl
7e1d6adc:	462b      	mov	r3, r5
7e1d6ade:	e9cd 2316 	strd	r2, r3, [sp, #88]	; 0x58
7e1d6ae2:	e47b      	b.n	7e1d63dc <_strtod_l+0x3fc>
7e1d6ae4:	9b07      	ldr	r3, [sp, #28]
7e1d6ae6:	2801      	cmp	r0, #1
7e1d6ae8:	4403      	add	r3, r0
7e1d6aea:	9307      	str	r3, [sp, #28]
7e1d6aec:	f104 0301 	add.w	r3, r4, #1
7e1d6af0:	f000 8226 	beq.w	7e1d6f40 <_strtod_l+0xf60>
7e1d6af4:	4420      	add	r0, r4
7e1d6af6:	f04f 0c0a 	mov.w	ip, #10
7e1d6afa:	1e41      	subs	r1, r0, #1
7e1d6afc:	2c08      	cmp	r4, #8
7e1d6afe:	f104 0301 	add.w	r3, r4, #1
7e1d6b02:	bfd8      	it	le
7e1d6b04:	fb0c f909 	mulle.w	r9, ip, r9
7e1d6b08:	dd03      	ble.n	7e1d6b12 <_strtod_l+0xb32>
7e1d6b0a:	2b10      	cmp	r3, #16
7e1d6b0c:	bfd8      	it	le
7e1d6b0e:	fb0c f808 	mulle.w	r8, ip, r8
7e1d6b12:	4299      	cmp	r1, r3
7e1d6b14:	461c      	mov	r4, r3
7e1d6b16:	d1f1      	bne.n	7e1d6afc <_strtod_l+0xb1c>
7e1d6b18:	4604      	mov	r4, r0
7e1d6b1a:	2908      	cmp	r1, #8
7e1d6b1c:	dc6d      	bgt.n	7e1d6bfa <_strtod_l+0xc1a>
7e1d6b1e:	4623      	mov	r3, r4
7e1d6b20:	4674      	mov	r4, lr
7e1d6b22:	e79c      	b.n	7e1d6a5e <_strtod_l+0xa7e>
7e1d6b24:	3316      	adds	r3, #22
7e1d6b26:	f6ff ad93 	blt.w	7e1d6650 <_strtod_l+0x670>
7e1d6b2a:	9b07      	ldr	r3, [sp, #28]
7e1d6b2c:	e9dd 0104 	ldrd	r0, r1, [sp, #16]
7e1d6b30:	eba3 020a 	sub.w	r2, r3, sl
7e1d6b34:	f64a 43c8 	movw	r3, #44232	; 0xacc8
7e1d6b38:	f2c8 032d 	movt	r3, #32813	; 0x802d
7e1d6b3c:	eb03 03c2 	add.w	r3, r3, r2, lsl #3
7e1d6b40:	e9d3 2300 	ldrd	r2, r3, [r3]
7e1d6b44:	f004 fe3a 	bl	7e1db7bc <__aeabi_ddiv>
7e1d6b48:	4682      	mov	sl, r0
7e1d6b4a:	468b      	mov	fp, r1
7e1d6b4c:	e54e      	b.n	7e1d65ec <_strtod_l+0x60c>
7e1d6b4e:	1136      	asrs	r6, r6, #4
7e1d6b50:	f64a 43a0 	movw	r3, #44192	; 0xaca0
7e1d6b54:	2e01      	cmp	r6, #1
7e1d6b56:	f2c8 032d 	movt	r3, #32813	; 0x802d
7e1d6b5a:	f340 81b7 	ble.w	7e1d6ecc <_strtod_l+0xeec>
7e1d6b5e:	461f      	mov	r7, r3
7e1d6b60:	9309      	str	r3, [sp, #36]	; 0x24
7e1d6b62:	e9dd 2304 	ldrd	r2, r3, [sp, #16]
7e1d6b66:	f04f 0c00 	mov.w	ip, #0
7e1d6b6a:	46e0      	mov	r8, ip
7e1d6b6c:	f016 0f01 	tst.w	r6, #1
7e1d6b70:	4610      	mov	r0, r2
7e1d6b72:	4619      	mov	r1, r3
7e1d6b74:	ea4f 0666 	mov.w	r6, r6, asr #1
7e1d6b78:	f108 0801 	add.w	r8, r8, #1
7e1d6b7c:	d007      	beq.n	7e1d6b8e <_strtod_l+0xbae>
7e1d6b7e:	e9d7 2300 	ldrd	r2, r3, [r7]
7e1d6b82:	f004 fcf1 	bl	7e1db568 <__aeabi_dmul>
7e1d6b86:	f04f 0c01 	mov.w	ip, #1
7e1d6b8a:	4602      	mov	r2, r0
7e1d6b8c:	460b      	mov	r3, r1
7e1d6b8e:	2e01      	cmp	r6, #1
7e1d6b90:	f107 0708 	add.w	r7, r7, #8
7e1d6b94:	d1ea      	bne.n	7e1d6b6c <_strtod_l+0xb8c>
7e1d6b96:	f1bc 0f00 	cmp.w	ip, #0
7e1d6b9a:	d001      	beq.n	7e1d6ba0 <_strtod_l+0xbc0>
7e1d6b9c:	e9cd 2304 	strd	r2, r3, [sp, #16]
7e1d6ba0:	9b09      	ldr	r3, [sp, #36]	; 0x24
7e1d6ba2:	eb03 08c8 	add.w	r8, r3, r8, lsl #3
7e1d6ba6:	9b05      	ldr	r3, [sp, #20]
7e1d6ba8:	f1a3 7354 	sub.w	r3, r3, #55574528	; 0x3500000
7e1d6bac:	9305      	str	r3, [sp, #20]
7e1d6bae:	e9dd 2304 	ldrd	r2, r3, [sp, #16]
7e1d6bb2:	e9d8 0100 	ldrd	r0, r1, [r8]
7e1d6bb6:	f004 fcd7 	bl	7e1db568 <__aeabi_dmul>
7e1d6bba:	2300      	movs	r3, #0
7e1d6bbc:	f6c7 73f0 	movt	r3, #32752	; 0x7ff0
7e1d6bc0:	2200      	movs	r2, #0
7e1d6bc2:	f6c7 42a0 	movt	r2, #31904	; 0x7ca0
7e1d6bc6:	ea01 0603 	and.w	r6, r1, r3
7e1d6bca:	460f      	mov	r7, r1
7e1d6bcc:	4296      	cmp	r6, r2
7e1d6bce:	e9cd 0104 	strd	r0, r1, [sp, #16]
7e1d6bd2:	f200 8113 	bhi.w	7e1d6dfc <_strtod_l+0xe1c>
7e1d6bd6:	2300      	movs	r3, #0
7e1d6bd8:	f6c7 4390 	movt	r3, #31888	; 0x7c90
7e1d6bdc:	429e      	cmp	r6, r3
7e1d6bde:	f240 8106 	bls.w	7e1d6dee <_strtod_l+0xe0e>
7e1d6be2:	f64f 73ff 	movw	r3, #65535	; 0xffff
7e1d6be6:	f6c7 73ef 	movt	r3, #32751	; 0x7fef
7e1d6bea:	9305      	str	r3, [sp, #20]
7e1d6bec:	2300      	movs	r3, #0
7e1d6bee:	9309      	str	r3, [sp, #36]	; 0x24
7e1d6bf0:	f04f 33ff 	mov.w	r3, #4294967295
7e1d6bf4:	9304      	str	r3, [sp, #16]
7e1d6bf6:	f7ff baf2 	b.w	7e1d61de <_strtod_l+0x1fe>
7e1d6bfa:	2c10      	cmp	r4, #16
7e1d6bfc:	bfdd      	ittte	le
7e1d6bfe:	230a      	movle	r3, #10
7e1d6c00:	2000      	movle	r0, #0
7e1d6c02:	fb03 2808 	mlale	r8, r3, r8, r2
7e1d6c06:	2000      	movgt	r0, #0
7e1d6c08:	e517      	b.n	7e1d663a <_strtod_l+0x65a>
7e1d6c0a:	9a08      	ldr	r2, [sp, #32]
7e1d6c0c:	2300      	movs	r3, #0
7e1d6c0e:	f6c7 73f0 	movt	r3, #32752	; 0x7ff0
7e1d6c12:	9305      	str	r3, [sp, #20]
7e1d6c14:	2322      	movs	r3, #34	; 0x22
7e1d6c16:	6013      	str	r3, [r2, #0]
7e1d6c18:	9b13      	ldr	r3, [sp, #76]	; 0x4c
7e1d6c1a:	9304      	str	r3, [sp, #16]
7e1d6c1c:	e9dd ab04 	ldrd	sl, fp, [sp, #16]
7e1d6c20:	e4e4      	b.n	7e1d65ec <_strtod_l+0x60c>
7e1d6c22:	9a1e      	ldr	r2, [sp, #120]	; 0x78
7e1d6c24:	b13a      	cbz	r2, 7e1d6c36 <_strtod_l+0xc56>
7e1d6c26:	2135      	movs	r1, #53	; 0x35
7e1d6c28:	a820      	add	r0, sp, #128	; 0x80
7e1d6c2a:	f004 f97d 	bl	7e1daf28 <__copybits>
7e1d6c2e:	9808      	ldr	r0, [sp, #32]
7e1d6c30:	991e      	ldr	r1, [sp, #120]	; 0x78
7e1d6c32:	f003 fd8d 	bl	7e1da750 <_Bfree>
7e1d6c36:	3e01      	subs	r6, #1
7e1d6c38:	2e04      	cmp	r6, #4
7e1d6c3a:	f63f aebb 	bhi.w	7e1d69b4 <_strtod_l+0x9d4>
7e1d6c3e:	a301      	add	r3, pc, #4	; (adr r3, 7e1d6c44 <_strtod_l+0xc64>)
7e1d6c40:	f853 f026 	ldr.w	pc, [r3, r6, lsl #2]
7e1d6c44:	7e1d6c63 	.word	0x7e1d6c63
7e1d6c48:	7e1d6c59 	.word	0x7e1d6c59
7e1d6c4c:	7e1d69ad 	.word	0x7e1d69ad
7e1d6c50:	7e1d6c7b 	.word	0x7e1d6c7b
7e1d6c54:	7e1d6c63 	.word	0x7e1d6c63
7e1d6c58:	9b20      	ldr	r3, [sp, #128]	; 0x80
7e1d6c5a:	9304      	str	r3, [sp, #16]
7e1d6c5c:	9b21      	ldr	r3, [sp, #132]	; 0x84
7e1d6c5e:	9305      	str	r3, [sp, #20]
7e1d6c60:	e6a8      	b.n	7e1d69b4 <_strtod_l+0x9d4>
7e1d6c62:	9a1f      	ldr	r2, [sp, #124]	; 0x7c
7e1d6c64:	e9dd 1320 	ldrd	r1, r3, [sp, #128]	; 0x80
7e1d6c68:	f202 4233 	addw	r2, r2, #1075	; 0x433
7e1d6c6c:	f423 1380 	bic.w	r3, r3, #1048576	; 0x100000
7e1d6c70:	ea43 5302 	orr.w	r3, r3, r2, lsl #20
7e1d6c74:	9104      	str	r1, [sp, #16]
7e1d6c76:	9305      	str	r3, [sp, #20]
7e1d6c78:	e69c      	b.n	7e1d69b4 <_strtod_l+0x9d4>
7e1d6c7a:	f04f 33ff 	mov.w	r3, #4294967295
7e1d6c7e:	f06f 4000 	mvn.w	r0, #2147483648	; 0x80000000
7e1d6c82:	e9cd 3004 	strd	r3, r0, [sp, #16]
7e1d6c86:	e695      	b.n	7e1d69b4 <_strtod_l+0x9d4>
7e1d6c88:	9a0f      	ldr	r2, [sp, #60]	; 0x3c
7e1d6c8a:	f64a 43c8 	movw	r3, #44232	; 0xacc8
7e1d6c8e:	f2c8 032d 	movt	r3, #32813	; 0x802d
7e1d6c92:	eb03 01c2 	add.w	r1, r3, r2, lsl #3
7e1d6c96:	e9dd 2304 	ldrd	r2, r3, [sp, #16]
7e1d6c9a:	e9d1 0100 	ldrd	r0, r1, [r1]
7e1d6c9e:	f004 fc63 	bl	7e1db568 <__aeabi_dmul>
7e1d6ca2:	4682      	mov	sl, r0
7e1d6ca4:	468b      	mov	fp, r1
7e1d6ca6:	e4a1      	b.n	7e1d65ec <_strtod_l+0x60c>
7e1d6ca8:	2200      	movs	r2, #0
7e1d6caa:	2300      	movs	r3, #0
7e1d6cac:	f6cb 73e0 	movt	r3, #49120	; 0xbfe0
7e1d6cb0:	e9cd 231a 	strd	r2, r3, [sp, #104]	; 0x68
7e1d6cb4:	9b11      	ldr	r3, [sp, #68]	; 0x44
7e1d6cb6:	2500      	movs	r5, #0
7e1d6cb8:	f6c3 75e0 	movt	r5, #16352	; 0x3fe0
7e1d6cbc:	469a      	mov	sl, r3
7e1d6cbe:	e5cf      	b.n	7e1d6860 <_strtod_l+0x880>
7e1d6cc0:	94a03595 	.word	0x94a03595
7e1d6cc4:	3fcfffff 	.word	0x3fcfffff
7e1d6cc8:	94a03595 	.word	0x94a03595
7e1d6ccc:	3fdfffff 	.word	0x3fdfffff
7e1d6cd0:	35afe535 	.word	0x35afe535
7e1d6cd4:	3fe00000 	.word	0x3fe00000
7e1d6cd8:	f1cb 0b0f 	rsb	fp, fp, #15
7e1d6cdc:	f64a 44c8 	movw	r4, #44232	; 0xacc8
7e1d6ce0:	f2c8 042d 	movt	r4, #32813	; 0x802d
7e1d6ce4:	e9dd 2304 	ldrd	r2, r3, [sp, #16]
7e1d6ce8:	eb04 01cb 	add.w	r1, r4, fp, lsl #3
7e1d6cec:	e9d1 0100 	ldrd	r0, r1, [r1]
7e1d6cf0:	f004 fc3a 	bl	7e1db568 <__aeabi_dmul>
7e1d6cf4:	9b0f      	ldr	r3, [sp, #60]	; 0x3c
7e1d6cf6:	eba3 0b0b 	sub.w	fp, r3, fp
7e1d6cfa:	eb04 04cb 	add.w	r4, r4, fp, lsl #3
7e1d6cfe:	e9d4 2300 	ldrd	r2, r3, [r4]
7e1d6d02:	f004 fc31 	bl	7e1db568 <__aeabi_dmul>
7e1d6d06:	4682      	mov	sl, r0
7e1d6d08:	468b      	mov	fp, r1
7e1d6d0a:	e46f      	b.n	7e1d65ec <_strtod_l+0x60c>
7e1d6d0c:	9911      	ldr	r1, [sp, #68]	; 0x44
7e1d6d0e:	463b      	mov	r3, r7
7e1d6d10:	465e      	mov	r6, fp
7e1d6d12:	463c      	mov	r4, r7
7e1d6d14:	f64f 72ff 	movw	r2, #65535	; 0xffff
7e1d6d18:	4647      	mov	r7, r8
7e1d6d1a:	f3c3 0313 	ubfx	r3, r3, #0, #20
7e1d6d1e:	46d0      	mov	r8, sl
7e1d6d20:	f2c0 020f 	movt	r2, #15
7e1d6d24:	e9dd ab0a 	ldrd	sl, fp, [sp, #40]	; 0x28
7e1d6d28:	2900      	cmp	r1, #0
7e1d6d2a:	f000 8085 	beq.w	7e1d6e38 <_strtod_l+0xe58>
7e1d6d2e:	4293      	cmp	r3, r2
7e1d6d30:	d031      	beq.n	7e1d6d96 <_strtod_l+0xdb6>
7e1d6d32:	2f00      	cmp	r7, #0
7e1d6d34:	f000 80c4 	beq.w	7e1d6ec0 <_strtod_l+0xee0>
7e1d6d38:	4227      	tst	r7, r4
7e1d6d3a:	d010      	beq.n	7e1d6d5e <_strtod_l+0xd7e>
7e1d6d3c:	9b11      	ldr	r3, [sp, #68]	; 0x44
7e1d6d3e:	e9dd 0104 	ldrd	r0, r1, [sp, #16]
7e1d6d42:	9a09      	ldr	r2, [sp, #36]	; 0x24
7e1d6d44:	2b00      	cmp	r3, #0
7e1d6d46:	f000 80c5 	beq.w	7e1d6ed4 <_strtod_l+0xef4>
7e1d6d4a:	f7ff f925 	bl	7e1d5f98 <sulp>
7e1d6d4e:	4602      	mov	r2, r0
7e1d6d50:	460b      	mov	r3, r1
7e1d6d52:	4650      	mov	r0, sl
7e1d6d54:	4659      	mov	r1, fp
7e1d6d56:	f004 fa51 	bl	7e1db1fc <__adddf3>
7e1d6d5a:	4682      	mov	sl, r0
7e1d6d5c:	468b      	mov	fp, r1
7e1d6d5e:	9b09      	ldr	r3, [sp, #36]	; 0x24
7e1d6d60:	9d1e      	ldr	r5, [sp, #120]	; 0x78
7e1d6d62:	2b00      	cmp	r3, #0
7e1d6d64:	f43f ad3a 	beq.w	7e1d67dc <_strtod_l+0x7fc>
7e1d6d68:	2300      	movs	r3, #0
7e1d6d6a:	f6c3 1350 	movt	r3, #14672	; 0x3950
7e1d6d6e:	9319      	str	r3, [sp, #100]	; 0x64
7e1d6d70:	2300      	movs	r3, #0
7e1d6d72:	9318      	str	r3, [sp, #96]	; 0x60
7e1d6d74:	4650      	mov	r0, sl
7e1d6d76:	e9dd 2318 	ldrd	r2, r3, [sp, #96]	; 0x60
7e1d6d7a:	4659      	mov	r1, fp
7e1d6d7c:	f004 fbf4 	bl	7e1db568 <__aeabi_dmul>
7e1d6d80:	4603      	mov	r3, r0
7e1d6d82:	430b      	orrs	r3, r1
7e1d6d84:	460a      	mov	r2, r1
7e1d6d86:	4682      	mov	sl, r0
7e1d6d88:	bf04      	itt	eq
7e1d6d8a:	9a08      	ldreq	r2, [sp, #32]
7e1d6d8c:	2322      	moveq	r3, #34	; 0x22
7e1d6d8e:	468b      	mov	fp, r1
7e1d6d90:	bf08      	it	eq
7e1d6d92:	6013      	streq	r3, [r2, #0]
7e1d6d94:	e522      	b.n	7e1d67dc <_strtod_l+0x7fc>
7e1d6d96:	9b09      	ldr	r3, [sp, #36]	; 0x24
7e1d6d98:	9904      	ldr	r1, [sp, #16]
7e1d6d9a:	2b00      	cmp	r3, #0
7e1d6d9c:	f000 80bd 	beq.w	7e1d6f1a <_strtod_l+0xf3a>
7e1d6da0:	2300      	movs	r3, #0
7e1d6da2:	f6c7 73f0 	movt	r3, #32752	; 0x7ff0
7e1d6da6:	4023      	ands	r3, r4
7e1d6da8:	f1b3 6fd4 	cmp.w	r3, #111149056	; 0x6a00000
7e1d6dac:	f200 80b5 	bhi.w	7e1d6f1a <_strtod_l+0xf3a>
7e1d6db0:	0d1b      	lsrs	r3, r3, #20
7e1d6db2:	f04f 32ff 	mov.w	r2, #4294967295
7e1d6db6:	f1c3 036b 	rsb	r3, r3, #107	; 0x6b
7e1d6dba:	fa02 f303 	lsl.w	r3, r2, r3
7e1d6dbe:	4299      	cmp	r1, r3
7e1d6dc0:	d1b7      	bne.n	7e1d6d32 <_strtod_l+0xd52>
7e1d6dc2:	3101      	adds	r1, #1
7e1d6dc4:	d106      	bne.n	7e1d6dd4 <_strtod_l+0xdf4>
7e1d6dc6:	f64f 73ff 	movw	r3, #65535	; 0xffff
7e1d6dca:	f6c7 73ef 	movt	r3, #32751	; 0x7fef
7e1d6dce:	429c      	cmp	r4, r3
7e1d6dd0:	f43f acf8 	beq.w	7e1d67c4 <_strtod_l+0x7e4>
7e1d6dd4:	2300      	movs	r3, #0
7e1d6dd6:	f6c7 73f0 	movt	r3, #32752	; 0x7ff0
7e1d6dda:	4622      	mov	r2, r4
7e1d6ddc:	401a      	ands	r2, r3
7e1d6dde:	f502 1380 	add.w	r3, r2, #1048576	; 0x100000
7e1d6de2:	9305      	str	r3, [sp, #20]
7e1d6de4:	2300      	movs	r3, #0
7e1d6de6:	9304      	str	r3, [sp, #16]
7e1d6de8:	e9dd ab04 	ldrd	sl, fp, [sp, #16]
7e1d6dec:	e7b7      	b.n	7e1d6d5e <_strtod_l+0xd7e>
7e1d6dee:	f101 7354 	add.w	r3, r1, #55574528	; 0x3500000
7e1d6df2:	9305      	str	r3, [sp, #20]
7e1d6df4:	2300      	movs	r3, #0
7e1d6df6:	9309      	str	r3, [sp, #36]	; 0x24
7e1d6df8:	f7ff b9f1 	b.w	7e1d61de <_strtod_l+0x1fe>
7e1d6dfc:	2200      	movs	r2, #0
7e1d6dfe:	9204      	str	r2, [sp, #16]
7e1d6e00:	9a08      	ldr	r2, [sp, #32]
7e1d6e02:	9305      	str	r3, [sp, #20]
7e1d6e04:	2322      	movs	r3, #34	; 0x22
7e1d6e06:	6013      	str	r3, [r2, #0]
7e1d6e08:	e5da      	b.n	7e1d69c0 <_strtod_l+0x9e0>
7e1d6e0a:	a81d      	add	r0, sp, #116	; 0x74
7e1d6e0c:	f64a 21d4 	movw	r1, #43732	; 0xaad4
7e1d6e10:	aa20      	add	r2, sp, #128	; 0x80
7e1d6e12:	f2c8 012d 	movt	r1, #32813	; 0x802d
7e1d6e16:	f003 fb49 	bl	7e1da4ac <__hexnan>
7e1d6e1a:	2805      	cmp	r0, #5
7e1d6e1c:	f47f ad9e 	bne.w	7e1d695c <_strtod_l+0x97c>
7e1d6e20:	9b21      	ldr	r3, [sp, #132]	; 0x84
7e1d6e22:	f043 43ff 	orr.w	r3, r3, #2139095040	; 0x7f800000
7e1d6e26:	f443 03e0 	orr.w	r3, r3, #7340032	; 0x700000
7e1d6e2a:	9305      	str	r3, [sp, #20]
7e1d6e2c:	9b20      	ldr	r3, [sp, #128]	; 0x80
7e1d6e2e:	9304      	str	r3, [sp, #16]
7e1d6e30:	e9dd ab04 	ldrd	sl, fp, [sp, #16]
7e1d6e34:	f7ff bbda 	b.w	7e1d65ec <_strtod_l+0x60c>
7e1d6e38:	9a04      	ldr	r2, [sp, #16]
7e1d6e3a:	4313      	orrs	r3, r2
7e1d6e3c:	f47f af79 	bne.w	7e1d6d32 <_strtod_l+0xd52>
7e1d6e40:	9b09      	ldr	r3, [sp, #36]	; 0x24
7e1d6e42:	2b00      	cmp	r3, #0
7e1d6e44:	d16e      	bne.n	7e1d6f24 <_strtod_l+0xf44>
7e1d6e46:	f6c7 73f0 	movt	r3, #32752	; 0x7ff0
7e1d6e4a:	4622      	mov	r2, r4
7e1d6e4c:	401a      	ands	r2, r3
7e1d6e4e:	4613      	mov	r3, r2
7e1d6e50:	f5a3 1380 	sub.w	r3, r3, #1048576	; 0x100000
7e1d6e54:	ea6f 5313 	mvn.w	r3, r3, lsr #20
7e1d6e58:	ea6f 5303 	mvn.w	r3, r3, lsl #20
7e1d6e5c:	9305      	str	r3, [sp, #20]
7e1d6e5e:	f04f 33ff 	mov.w	r3, #4294967295
7e1d6e62:	9304      	str	r3, [sp, #16]
7e1d6e64:	e9dd ab04 	ldrd	sl, fp, [sp, #16]
7e1d6e68:	e779      	b.n	7e1d6d5e <_strtod_l+0xd7e>
7e1d6e6a:	9b11      	ldr	r3, [sp, #68]	; 0x44
7e1d6e6c:	465e      	mov	r6, fp
7e1d6e6e:	e9dd 0104 	ldrd	r0, r1, [sp, #16]
7e1d6e72:	e9dd ab0a 	ldrd	sl, fp, [sp, #40]	; 0x28
7e1d6e76:	4303      	orrs	r3, r0
7e1d6e78:	f47f af71 	bne.w	7e1d6d5e <_strtod_l+0xd7e>
7e1d6e7c:	f3c1 0313 	ubfx	r3, r1, #0, #20
7e1d6e80:	460c      	mov	r4, r1
7e1d6e82:	2b00      	cmp	r3, #0
7e1d6e84:	f47f af6b 	bne.w	7e1d6d5e <_strtod_l+0xd7e>
7e1d6e88:	f021 4300 	bic.w	r3, r1, #2147483648	; 0x80000000
7e1d6e8c:	0d1b      	lsrs	r3, r3, #20
7e1d6e8e:	051b      	lsls	r3, r3, #20
7e1d6e90:	f1b3 6fd6 	cmp.w	r3, #112197632	; 0x6b00000
7e1d6e94:	f67f af63 	bls.w	7e1d6d5e <_strtod_l+0xd7e>
7e1d6e98:	9a07      	ldr	r2, [sp, #28]
7e1d6e9a:	6953      	ldr	r3, [r2, #20]
7e1d6e9c:	b91b      	cbnz	r3, 7e1d6ea6 <_strtod_l+0xec6>
7e1d6e9e:	6913      	ldr	r3, [r2, #16]
7e1d6ea0:	2b01      	cmp	r3, #1
7e1d6ea2:	f77f af5c 	ble.w	7e1d6d5e <_strtod_l+0xd7e>
7e1d6ea6:	9907      	ldr	r1, [sp, #28]
7e1d6ea8:	2201      	movs	r2, #1
7e1d6eaa:	9808      	ldr	r0, [sp, #32]
7e1d6eac:	f003 fe38 	bl	7e1dab20 <__lshift>
7e1d6eb0:	4649      	mov	r1, r9
7e1d6eb2:	9007      	str	r0, [sp, #28]
7e1d6eb4:	f003 fe92 	bl	7e1dabdc <__mcmp>
7e1d6eb8:	2800      	cmp	r0, #0
7e1d6eba:	f77f af50 	ble.w	7e1d6d5e <_strtod_l+0xd7e>
7e1d6ebe:	e7bf      	b.n	7e1d6e40 <_strtod_l+0xe60>
7e1d6ec0:	9b04      	ldr	r3, [sp, #16]
7e1d6ec2:	ea18 0f03 	tst.w	r8, r3
7e1d6ec6:	f43f af4a 	beq.w	7e1d6d5e <_strtod_l+0xd7e>
7e1d6eca:	e737      	b.n	7e1d6d3c <_strtod_l+0xd5c>
7e1d6ecc:	9309      	str	r3, [sp, #36]	; 0x24
7e1d6ece:	f04f 0800 	mov.w	r8, #0
7e1d6ed2:	e665      	b.n	7e1d6ba0 <_strtod_l+0xbc0>
7e1d6ed4:	f7ff f860 	bl	7e1d5f98 <sulp>
7e1d6ed8:	4602      	mov	r2, r0
7e1d6eda:	460b      	mov	r3, r1
7e1d6edc:	4650      	mov	r0, sl
7e1d6ede:	4659      	mov	r1, fp
7e1d6ee0:	f004 f98a 	bl	7e1db1f8 <__aeabi_dsub>
7e1d6ee4:	2200      	movs	r2, #0
7e1d6ee6:	2300      	movs	r3, #0
7e1d6ee8:	4682      	mov	sl, r0
7e1d6eea:	468b      	mov	fp, r1
7e1d6eec:	f004 fda4 	bl	7e1dba38 <__aeabi_dcmpeq>
7e1d6ef0:	2800      	cmp	r0, #0
7e1d6ef2:	f43f af34 	beq.w	7e1d6d5e <_strtod_l+0xd7e>
7e1d6ef6:	9a08      	ldr	r2, [sp, #32]
7e1d6ef8:	2322      	movs	r3, #34	; 0x22
7e1d6efa:	9d1e      	ldr	r5, [sp, #120]	; 0x78
7e1d6efc:	f04f 0a00 	mov.w	sl, #0
7e1d6f00:	f04f 0b00 	mov.w	fp, #0
7e1d6f04:	6013      	str	r3, [r2, #0]
7e1d6f06:	e469      	b.n	7e1d67dc <_strtod_l+0x7fc>
7e1d6f08:	f04f 32ff 	mov.w	r2, #4294967295
7e1d6f0c:	fa02 f303 	lsl.w	r3, r2, r3
7e1d6f10:	9a04      	ldr	r2, [sp, #16]
7e1d6f12:	401a      	ands	r2, r3
7e1d6f14:	9204      	str	r2, [sp, #16]
7e1d6f16:	f7ff bbfb 	b.w	7e1d6710 <_strtod_l+0x730>
7e1d6f1a:	f04f 33ff 	mov.w	r3, #4294967295
7e1d6f1e:	e74e      	b.n	7e1d6dbe <_strtod_l+0xdde>
7e1d6f20:	465e      	mov	r6, fp
7e1d6f22:	e7e8      	b.n	7e1d6ef6 <_strtod_l+0xf16>
7e1d6f24:	2300      	movs	r3, #0
7e1d6f26:	f6c7 73f0 	movt	r3, #32752	; 0x7ff0
7e1d6f2a:	4622      	mov	r2, r4
7e1d6f2c:	401a      	ands	r2, r3
7e1d6f2e:	f1b2 6fd6 	cmp.w	r2, #112197632	; 0x6b00000
7e1d6f32:	4613      	mov	r3, r2
7e1d6f34:	dc8c      	bgt.n	7e1d6e50 <_strtod_l+0xe70>
7e1d6f36:	f1b2 7f5c 	cmp.w	r2, #57671680	; 0x3700000
7e1d6f3a:	dddc      	ble.n	7e1d6ef6 <_strtod_l+0xf16>
7e1d6f3c:	9d1e      	ldr	r5, [sp, #120]	; 0x78
7e1d6f3e:	e713      	b.n	7e1d6d68 <_strtod_l+0xd88>
7e1d6f40:	4621      	mov	r1, r4
7e1d6f42:	461c      	mov	r4, r3
7e1d6f44:	e5e9      	b.n	7e1d6b1a <_strtod_l+0xb3a>
7e1d6f46:	46a3      	mov	fp, r4
7e1d6f48:	4674      	mov	r4, lr
7e1d6f4a:	f7ff b8ef 	b.w	7e1d612c <_strtod_l+0x14c>
7e1d6f4e:	f04f 0e00 	mov.w	lr, #0
7e1d6f52:	f8cd e01c 	str.w	lr, [sp, #28]
7e1d6f56:	46f0      	mov	r8, lr
7e1d6f58:	46f1      	mov	r9, lr
7e1d6f5a:	4670      	mov	r0, lr
7e1d6f5c:	4674      	mov	r4, lr
7e1d6f5e:	4671      	mov	r1, lr
7e1d6f60:	f7ff b894 	b.w	7e1d608c <_strtod_l+0xac>

7e1d6f64 <strtod>:
7e1d6f64:	b410      	push	{r4}
7e1d6f66:	f24c 1428 	movw	r4, #49448	; 0xc128
7e1d6f6a:	f6c7 641d 	movt	r4, #32285	; 0x7e1d
7e1d6f6e:	460a      	mov	r2, r1
7e1d6f70:	f64c 136c 	movw	r3, #51564	; 0xc96c
7e1d6f74:	4601      	mov	r1, r0
7e1d6f76:	f6c7 631d 	movt	r3, #32285	; 0x7e1d
7e1d6f7a:	6820      	ldr	r0, [r4, #0]
7e1d6f7c:	bc10      	pop	{r4}
7e1d6f7e:	f7ff b82f 	b.w	7e1d5fe0 <_strtod_l>
7e1d6f82:	bf00      	nop

7e1d6f84 <_strtol_l.isra.0>:
7e1d6f84:	e92d 4ff0 	stmdb	sp!, {r4, r5, r6, r7, r8, r9, sl, fp, lr}
7e1d6f88:	b083      	sub	sp, #12
7e1d6f8a:	4692      	mov	sl, r2
7e1d6f8c:	469b      	mov	fp, r3
7e1d6f8e:	4688      	mov	r8, r1
7e1d6f90:	9001      	str	r0, [sp, #4]
7e1d6f92:	460b      	mov	r3, r1
7e1d6f94:	4a44      	ldr	r2, [pc, #272]	; (7e1d70a8 <_strtol_l.isra.0+0x124>)
7e1d6f96:	e000      	b.n	7e1d6f9a <_strtol_l.isra.0+0x16>
7e1d6f98:	4633      	mov	r3, r6
7e1d6f9a:	461e      	mov	r6, r3
7e1d6f9c:	f816 4b01 	ldrb.w	r4, [r6], #1
7e1d6fa0:	5d11      	ldrb	r1, [r2, r4]
7e1d6fa2:	f011 0108 	ands.w	r1, r1, #8
7e1d6fa6:	d1f7      	bne.n	7e1d6f98 <_strtol_l.isra.0+0x14>
7e1d6fa8:	2c2d      	cmp	r4, #45	; 0x2d
7e1d6faa:	d064      	beq.n	7e1d7076 <_strtol_l.isra.0+0xf2>
7e1d6fac:	2c2b      	cmp	r4, #43	; 0x2b
7e1d6fae:	460f      	mov	r7, r1
7e1d6fb0:	bf06      	itte	eq
7e1d6fb2:	7835      	ldrbeq	r5, [r6, #0]
7e1d6fb4:	1c9e      	addeq	r6, r3, #2
7e1d6fb6:	4625      	movne	r5, r4
7e1d6fb8:	f03b 0310 	bics.w	r3, fp, #16
7e1d6fbc:	d106      	bne.n	7e1d6fcc <_strtol_l.isra.0+0x48>
7e1d6fbe:	2d30      	cmp	r5, #48	; 0x30
7e1d6fc0:	d05d      	beq.n	7e1d707e <_strtol_l.isra.0+0xfa>
7e1d6fc2:	f1bb 0f00 	cmp.w	fp, #0
7e1d6fc6:	d101      	bne.n	7e1d6fcc <_strtol_l.isra.0+0x48>
7e1d6fc8:	f04f 0b0a 	mov.w	fp, #10
7e1d6fcc:	46d9      	mov	r9, fp
7e1d6fce:	2f00      	cmp	r7, #0
7e1d6fd0:	4649      	mov	r1, r9
7e1d6fd2:	bf14      	ite	ne
7e1d6fd4:	f04f 4200 	movne.w	r2, #2147483648	; 0x80000000
7e1d6fd8:	f06f 4200 	mvneq.w	r2, #2147483648	; 0x80000000
7e1d6fdc:	4610      	mov	r0, r2
7e1d6fde:	9200      	str	r2, [sp, #0]
7e1d6fe0:	f004 fffc 	bl	7e1dbfdc <__aeabi_uidivmod>
7e1d6fe4:	2300      	movs	r3, #0
7e1d6fe6:	9a00      	ldr	r2, [sp, #0]
7e1d6fe8:	4686      	mov	lr, r0
7e1d6fea:	4618      	mov	r0, r3
7e1d6fec:	e00e      	b.n	7e1d700c <_strtol_l.isra.0+0x88>
7e1d6fee:	ebae 0500 	sub.w	r5, lr, r0
7e1d6ff2:	42a1      	cmp	r1, r4
7e1d6ff4:	fab5 f585 	clz	r5, r5
7e1d6ff8:	ea4f 1555 	mov.w	r5, r5, lsr #5
7e1d6ffc:	bfa8      	it	ge
7e1d6ffe:	2500      	movge	r5, #0
7e1d7000:	b9f5      	cbnz	r5, 7e1d7040 <_strtol_l.isra.0+0xbc>
7e1d7002:	fb09 4000 	mla	r0, r9, r0, r4
7e1d7006:	2301      	movs	r3, #1
7e1d7008:	f816 5b01 	ldrb.w	r5, [r6], #1
7e1d700c:	f1a5 0430 	sub.w	r4, r5, #48	; 0x30
7e1d7010:	2c09      	cmp	r4, #9
7e1d7012:	d90c      	bls.n	7e1d702e <_strtol_l.isra.0+0xaa>
7e1d7014:	f1a5 0441 	sub.w	r4, r5, #65	; 0x41
7e1d7018:	2c19      	cmp	r4, #25
7e1d701a:	bf98      	it	ls
7e1d701c:	f1a5 0437 	subls.w	r4, r5, #55	; 0x37
7e1d7020:	d905      	bls.n	7e1d702e <_strtol_l.isra.0+0xaa>
7e1d7022:	f1a5 0461 	sub.w	r4, r5, #97	; 0x61
7e1d7026:	2c19      	cmp	r4, #25
7e1d7028:	d80d      	bhi.n	7e1d7046 <_strtol_l.isra.0+0xc2>
7e1d702a:	f1a5 0457 	sub.w	r4, r5, #87	; 0x57
7e1d702e:	45a3      	cmp	fp, r4
7e1d7030:	dd09      	ble.n	7e1d7046 <_strtol_l.isra.0+0xc2>
7e1d7032:	4586      	cmp	lr, r0
7e1d7034:	bf2c      	ite	cs
7e1d7036:	2500      	movcs	r5, #0
7e1d7038:	2501      	movcc	r5, #1
7e1d703a:	ea55 73d3 	orrs.w	r3, r5, r3, lsr #31
7e1d703e:	d0d6      	beq.n	7e1d6fee <_strtol_l.isra.0+0x6a>
7e1d7040:	f04f 33ff 	mov.w	r3, #4294967295
7e1d7044:	e7e0      	b.n	7e1d7008 <_strtol_l.isra.0+0x84>
7e1d7046:	1c59      	adds	r1, r3, #1
7e1d7048:	d00a      	beq.n	7e1d7060 <_strtol_l.isra.0+0xdc>
7e1d704a:	b107      	cbz	r7, 7e1d704e <_strtol_l.isra.0+0xca>
7e1d704c:	4240      	negs	r0, r0
7e1d704e:	f1ba 0f00 	cmp.w	sl, #0
7e1d7052:	d002      	beq.n	7e1d705a <_strtol_l.isra.0+0xd6>
7e1d7054:	bb2b      	cbnz	r3, 7e1d70a2 <_strtol_l.isra.0+0x11e>
7e1d7056:	f8ca 8000 	str.w	r8, [sl]
7e1d705a:	b003      	add	sp, #12
7e1d705c:	e8bd 8ff0 	ldmia.w	sp!, {r4, r5, r6, r7, r8, r9, sl, fp, pc}
7e1d7060:	9901      	ldr	r1, [sp, #4]
7e1d7062:	2322      	movs	r3, #34	; 0x22
7e1d7064:	4610      	mov	r0, r2
7e1d7066:	600b      	str	r3, [r1, #0]
7e1d7068:	f1ba 0f00 	cmp.w	sl, #0
7e1d706c:	d0f5      	beq.n	7e1d705a <_strtol_l.isra.0+0xd6>
7e1d706e:	f106 38ff 	add.w	r8, r6, #4294967295
7e1d7072:	4610      	mov	r0, r2
7e1d7074:	e7ef      	b.n	7e1d7056 <_strtol_l.isra.0+0xd2>
7e1d7076:	7835      	ldrb	r5, [r6, #0]
7e1d7078:	2701      	movs	r7, #1
7e1d707a:	1c9e      	adds	r6, r3, #2
7e1d707c:	e79c      	b.n	7e1d6fb8 <_strtol_l.isra.0+0x34>
7e1d707e:	7833      	ldrb	r3, [r6, #0]
7e1d7080:	f003 03df 	and.w	r3, r3, #223	; 0xdf
7e1d7084:	2b58      	cmp	r3, #88	; 0x58
7e1d7086:	d105      	bne.n	7e1d7094 <_strtol_l.isra.0+0x110>
7e1d7088:	f04f 0b10 	mov.w	fp, #16
7e1d708c:	7875      	ldrb	r5, [r6, #1]
7e1d708e:	46d9      	mov	r9, fp
7e1d7090:	3602      	adds	r6, #2
7e1d7092:	e79c      	b.n	7e1d6fce <_strtol_l.isra.0+0x4a>
7e1d7094:	f1bb 0f00 	cmp.w	fp, #0
7e1d7098:	d198      	bne.n	7e1d6fcc <_strtol_l.isra.0+0x48>
7e1d709a:	f04f 0b08 	mov.w	fp, #8
7e1d709e:	46d9      	mov	r9, fp
7e1d70a0:	e795      	b.n	7e1d6fce <_strtol_l.isra.0+0x4a>
7e1d70a2:	4602      	mov	r2, r0
7e1d70a4:	e7e3      	b.n	7e1d706e <_strtol_l.isra.0+0xea>
7e1d70a6:	bf00      	nop
7e1d70a8:	802da9ad 	.word	0x802da9ad

7e1d70ac <strtol>:
7e1d70ac:	b410      	push	{r4}
7e1d70ae:	f24c 1428 	movw	r4, #49448	; 0xc128
7e1d70b2:	f6c7 641d 	movt	r4, #32285	; 0x7e1d
7e1d70b6:	4613      	mov	r3, r2
7e1d70b8:	460a      	mov	r2, r1
7e1d70ba:	4601      	mov	r1, r0
7e1d70bc:	6820      	ldr	r0, [r4, #0]
7e1d70be:	bc10      	pop	{r4}
7e1d70c0:	f7ff bf60 	b.w	7e1d6f84 <_strtol_l.isra.0>

7e1d70c4 <_svfprintf_r>:
7e1d70c4:	e92d 4ff0 	stmdb	sp!, {r4, r5, r6, r7, r8, r9, sl, fp, lr}
7e1d70c8:	b0d7      	sub	sp, #348	; 0x15c
7e1d70ca:	460c      	mov	r4, r1
7e1d70cc:	4693      	mov	fp, r2
7e1d70ce:	910b      	str	r1, [sp, #44]	; 0x2c
7e1d70d0:	930d      	str	r3, [sp, #52]	; 0x34
7e1d70d2:	900a      	str	r0, [sp, #40]	; 0x28
7e1d70d4:	f003 fab6 	bl	7e1da644 <_localeconv_r>
7e1d70d8:	6803      	ldr	r3, [r0, #0]
7e1d70da:	4618      	mov	r0, r3
7e1d70dc:	931b      	str	r3, [sp, #108]	; 0x6c
7e1d70de:	f7fe fc43 	bl	7e1d5968 <strlen>
7e1d70e2:	89a3      	ldrh	r3, [r4, #12]
7e1d70e4:	061b      	lsls	r3, r3, #24
7e1d70e6:	901a      	str	r0, [sp, #104]	; 0x68
7e1d70e8:	d503      	bpl.n	7e1d70f2 <_svfprintf_r+0x2e>
7e1d70ea:	6923      	ldr	r3, [r4, #16]
7e1d70ec:	2b00      	cmp	r3, #0
7e1d70ee:	f000 87c4 	beq.w	7e1d807a <_svfprintf_r+0xfb6>
7e1d70f2:	2300      	movs	r3, #0
7e1d70f4:	2100      	movs	r1, #0
7e1d70f6:	2200      	movs	r2, #0
7e1d70f8:	f10d 09b4 	add.w	r9, sp, #180	; 0xb4
7e1d70fc:	e9cd 1216 	strd	r1, r2, [sp, #88]	; 0x58
7e1d7100:	f64a 3154 	movw	r1, #43860	; 0xab54
7e1d7104:	9315      	str	r3, [sp, #84]	; 0x54
7e1d7106:	f2c8 012d 	movt	r1, #32813	; 0x802d
7e1d710a:	931c      	str	r3, [sp, #112]	; 0x70
7e1d710c:	e9cd 1318 	strd	r1, r3, [sp, #96]	; 0x60
7e1d7110:	931f      	str	r3, [sp, #124]	; 0x7c
7e1d7112:	e9cd 331d 	strd	r3, r3, [sp, #116]	; 0x74
7e1d7116:	9308      	str	r3, [sp, #32]
7e1d7118:	e9cd 332b 	strd	r3, r3, [sp, #172]	; 0xac
7e1d711c:	f8cd 90a8 	str.w	r9, [sp, #168]	; 0xa8
7e1d7120:	f89b 3000 	ldrb.w	r3, [fp]
7e1d7124:	2b25      	cmp	r3, #37	; 0x25
7e1d7126:	bf18      	it	ne
7e1d7128:	2b00      	cmpne	r3, #0
7e1d712a:	f000 81b0 	beq.w	7e1d748e <_svfprintf_r+0x3ca>
7e1d712e:	465d      	mov	r5, fp
7e1d7130:	e000      	b.n	7e1d7134 <_svfprintf_r+0x70>
7e1d7132:	4625      	mov	r5, r4
7e1d7134:	786b      	ldrb	r3, [r5, #1]
7e1d7136:	1c6c      	adds	r4, r5, #1
7e1d7138:	2b00      	cmp	r3, #0
7e1d713a:	bf18      	it	ne
7e1d713c:	2b25      	cmpne	r3, #37	; 0x25
7e1d713e:	d1f8      	bne.n	7e1d7132 <_svfprintf_r+0x6e>
7e1d7140:	ebb4 060b 	subs.w	r6, r4, fp
7e1d7144:	d011      	beq.n	7e1d716a <_svfprintf_r+0xa6>
7e1d7146:	e9dd 322b 	ldrd	r3, r2, [sp, #172]	; 0xac
7e1d714a:	e9c9 b600 	strd	fp, r6, [r9]
7e1d714e:	3301      	adds	r3, #1
7e1d7150:	4432      	add	r2, r6
7e1d7152:	2b07      	cmp	r3, #7
7e1d7154:	e9cd 322b 	strd	r3, r2, [sp, #172]	; 0xac
7e1d7158:	bfd8      	it	le
7e1d715a:	f109 0908 	addle.w	r9, r9, #8
7e1d715e:	f300 80b8 	bgt.w	7e1d72d2 <_svfprintf_r+0x20e>
7e1d7162:	9b08      	ldr	r3, [sp, #32]
7e1d7164:	4433      	add	r3, r6
7e1d7166:	9308      	str	r3, [sp, #32]
7e1d7168:	786b      	ldrb	r3, [r5, #1]
7e1d716a:	2b00      	cmp	r3, #0
7e1d716c:	f001 8146 	beq.w	7e1d83fc <_svfprintf_r+0x1338>
7e1d7170:	7866      	ldrb	r6, [r4, #1]
7e1d7172:	2300      	movs	r3, #0
7e1d7174:	f104 0b01 	add.w	fp, r4, #1
7e1d7178:	469a      	mov	sl, r3
7e1d717a:	f04f 38ff 	mov.w	r8, #4294967295
7e1d717e:	250a      	movs	r5, #10
7e1d7180:	9309      	str	r3, [sp, #36]	; 0x24
7e1d7182:	f88d 308b 	strb.w	r3, [sp, #139]	; 0x8b
7e1d7186:	f10b 0b01 	add.w	fp, fp, #1
7e1d718a:	f1a6 0320 	sub.w	r3, r6, #32
7e1d718e:	2b5a      	cmp	r3, #90	; 0x5a
7e1d7190:	f200 8363 	bhi.w	7e1d785a <_svfprintf_r+0x796>
7e1d7194:	e8df f013 	tbh	[pc, r3, lsl #1]
7e1d7198:	03610311 	.word	0x03610311
7e1d719c:	030c0361 	.word	0x030c0361
7e1d71a0:	03610361 	.word	0x03610361
7e1d71a4:	02ed0361 	.word	0x02ed0361
7e1d71a8:	03610361 	.word	0x03610361
7e1d71ac:	032102de 	.word	0x032102de
7e1d71b0:	031c0361 	.word	0x031c0361
7e1d71b4:	03610327 	.word	0x03610327
7e1d71b8:	01d401e1 	.word	0x01d401e1
7e1d71bc:	01d401d4 	.word	0x01d401d4
7e1d71c0:	01d401d4 	.word	0x01d401d4
7e1d71c4:	01d401d4 	.word	0x01d401d4
7e1d71c8:	01d401d4 	.word	0x01d401d4
7e1d71cc:	03610361 	.word	0x03610361
7e1d71d0:	03610361 	.word	0x03610361
7e1d71d4:	03610361 	.word	0x03610361
7e1d71d8:	02950361 	.word	0x02950361
7e1d71dc:	02810361 	.word	0x02810361
7e1d71e0:	02950071 	.word	0x02950071
7e1d71e4:	02950295 	.word	0x02950295
7e1d71e8:	03610361 	.word	0x03610361
7e1d71ec:	03610361 	.word	0x03610361
7e1d71f0:	0361027c 	.word	0x0361027c
7e1d71f4:	00600361 	.word	0x00600361
7e1d71f8:	03610361 	.word	0x03610361
7e1d71fc:	02560361 	.word	0x02560361
7e1d7200:	02420361 	.word	0x02420361
7e1d7204:	03610361 	.word	0x03610361
7e1d7208:	03610217 	.word	0x03610217
7e1d720c:	03610361 	.word	0x03610361
7e1d7210:	03610361 	.word	0x03610361
7e1d7214:	03610361 	.word	0x03610361
7e1d7218:	02950361 	.word	0x02950361
7e1d721c:	02810361 	.word	0x02810361
7e1d7220:	02950073 	.word	0x02950073
7e1d7224:	02950295 	.word	0x02950295
7e1d7228:	0073020a 	.word	0x0073020a
7e1d722c:	0361005b 	.word	0x0361005b
7e1d7230:	036101fd 	.word	0x036101fd
7e1d7234:	006201e6 	.word	0x006201e6
7e1d7238:	005b022f 	.word	0x005b022f
7e1d723c:	02560361 	.word	0x02560361
7e1d7240:	00c1005d 	.word	0x00c1005d
7e1d7244:	03610361 	.word	0x03610361
7e1d7248:	036101b8 	.word	0x036101b8
7e1d724c:	005d      	.short	0x005d
7e1d724e:	f04a 0a20 	orr.w	sl, sl, #32
7e1d7252:	f89b 6000 	ldrb.w	r6, [fp]
7e1d7256:	e796      	b.n	7e1d7186 <_svfprintf_r+0xc2>
7e1d7258:	f04a 0a10 	orr.w	sl, sl, #16
7e1d725c:	f01a 0f20 	tst.w	sl, #32
7e1d7260:	f000 82eb 	beq.w	7e1d783a <_svfprintf_r+0x776>
7e1d7264:	9c0d      	ldr	r4, [sp, #52]	; 0x34
7e1d7266:	3407      	adds	r4, #7
7e1d7268:	f024 0307 	bic.w	r3, r4, #7
7e1d726c:	e8f3 4502 	ldrd	r4, r5, [r3], #8
7e1d7270:	930d      	str	r3, [sp, #52]	; 0x34
7e1d7272:	f42a 6780 	bic.w	r7, sl, #1024	; 0x400
7e1d7276:	2300      	movs	r3, #0
7e1d7278:	e05b      	b.n	7e1d7332 <_svfprintf_r+0x26e>
7e1d727a:	f04a 0a10 	orr.w	sl, sl, #16
7e1d727e:	f01a 0f20 	tst.w	sl, #32
7e1d7282:	f000 82c7 	beq.w	7e1d7814 <_svfprintf_r+0x750>
7e1d7286:	9c0d      	ldr	r4, [sp, #52]	; 0x34
7e1d7288:	3407      	adds	r4, #7
7e1d728a:	f024 0307 	bic.w	r3, r4, #7
7e1d728e:	4619      	mov	r1, r3
7e1d7290:	e8f1 2302 	ldrd	r2, r3, [r1], #8
7e1d7294:	4614      	mov	r4, r2
7e1d7296:	461d      	mov	r5, r3
7e1d7298:	910d      	str	r1, [sp, #52]	; 0x34
7e1d729a:	2a00      	cmp	r2, #0
7e1d729c:	f173 0300 	sbcs.w	r3, r3, #0
7e1d72a0:	f2c0 85be 	blt.w	7e1d7e20 <_svfprintf_r+0xd5c>
7e1d72a4:	f1b8 3fff 	cmp.w	r8, #4294967295
7e1d72a8:	f000 8567 	beq.w	7e1d7d7a <_svfprintf_r+0xcb6>
7e1d72ac:	ea54 0305 	orrs.w	r3, r4, r5
7e1d72b0:	f02a 0a80 	bic.w	sl, sl, #128	; 0x80
7e1d72b4:	bf14      	ite	ne
7e1d72b6:	2301      	movne	r3, #1
7e1d72b8:	2300      	moveq	r3, #0
7e1d72ba:	f1b8 0f00 	cmp.w	r8, #0
7e1d72be:	bf18      	it	ne
7e1d72c0:	2301      	movne	r3, #1
7e1d72c2:	2b00      	cmp	r3, #0
7e1d72c4:	f040 8559 	bne.w	7e1d7d7a <_svfprintf_r+0xcb6>
7e1d72c8:	4698      	mov	r8, r3
7e1d72ca:	ab56      	add	r3, sp, #344	; 0x158
7e1d72cc:	4647      	mov	r7, r8
7e1d72ce:	930e      	str	r3, [sp, #56]	; 0x38
7e1d72d0:	e054      	b.n	7e1d737c <_svfprintf_r+0x2b8>
7e1d72d2:	aa2a      	add	r2, sp, #168	; 0xa8
7e1d72d4:	e9dd 010a 	ldrd	r0, r1, [sp, #40]	; 0x28
7e1d72d8:	f003 fed0 	bl	7e1db07c <__ssprint_r>
7e1d72dc:	b980      	cbnz	r0, 7e1d7300 <_svfprintf_r+0x23c>
7e1d72de:	f10d 09b4 	add.w	r9, sp, #180	; 0xb4
7e1d72e2:	e73e      	b.n	7e1d7162 <_svfprintf_r+0x9e>
7e1d72e4:	aa2a      	add	r2, sp, #168	; 0xa8
7e1d72e6:	e9dd 010a 	ldrd	r0, r1, [sp, #40]	; 0x28
7e1d72ea:	f003 fec7 	bl	7e1db07c <__ssprint_r>
7e1d72ee:	2800      	cmp	r0, #0
7e1d72f0:	f000 80bc 	beq.w	7e1d746c <_svfprintf_r+0x3a8>
7e1d72f4:	9b0c      	ldr	r3, [sp, #48]	; 0x30
7e1d72f6:	b11b      	cbz	r3, 7e1d7300 <_svfprintf_r+0x23c>
7e1d72f8:	990c      	ldr	r1, [sp, #48]	; 0x30
7e1d72fa:	980a      	ldr	r0, [sp, #40]	; 0x28
7e1d72fc:	f002 fcc0 	bl	7e1d9c80 <_free_r>
7e1d7300:	9b0b      	ldr	r3, [sp, #44]	; 0x2c
7e1d7302:	899b      	ldrh	r3, [r3, #12]
7e1d7304:	f013 0f40 	tst.w	r3, #64	; 0x40
7e1d7308:	9b08      	ldr	r3, [sp, #32]
7e1d730a:	bf18      	it	ne
7e1d730c:	f04f 33ff 	movne.w	r3, #4294967295
7e1d7310:	9308      	str	r3, [sp, #32]
7e1d7312:	9808      	ldr	r0, [sp, #32]
7e1d7314:	b057      	add	sp, #348	; 0x15c
7e1d7316:	e8bd 8ff0 	ldmia.w	sp!, {r4, r5, r6, r7, r8, r9, sl, fp, pc}
7e1d731a:	4657      	mov	r7, sl
7e1d731c:	06bd      	lsls	r5, r7, #26
7e1d731e:	f140 8182 	bpl.w	7e1d7626 <_svfprintf_r+0x562>
7e1d7322:	9c0d      	ldr	r4, [sp, #52]	; 0x34
7e1d7324:	2301      	movs	r3, #1
7e1d7326:	3407      	adds	r4, #7
7e1d7328:	f024 0207 	bic.w	r2, r4, #7
7e1d732c:	e8f2 4502 	ldrd	r4, r5, [r2], #8
7e1d7330:	920d      	str	r2, [sp, #52]	; 0x34
7e1d7332:	2200      	movs	r2, #0
7e1d7334:	f88d 208b 	strb.w	r2, [sp, #139]	; 0x8b
7e1d7338:	f1b8 3fff 	cmp.w	r8, #4294967295
7e1d733c:	f000 839c 	beq.w	7e1d7a78 <_svfprintf_r+0x9b4>
7e1d7340:	ea54 0205 	orrs.w	r2, r4, r5
7e1d7344:	f027 0a80 	bic.w	sl, r7, #128	; 0x80
7e1d7348:	bf14      	ite	ne
7e1d734a:	2201      	movne	r2, #1
7e1d734c:	2200      	moveq	r2, #0
7e1d734e:	f1b8 0f00 	cmp.w	r8, #0
7e1d7352:	bf18      	it	ne
7e1d7354:	2201      	movne	r2, #1
7e1d7356:	2a00      	cmp	r2, #0
7e1d7358:	f040 838d 	bne.w	7e1d7a76 <_svfprintf_r+0x9b2>
7e1d735c:	2b00      	cmp	r3, #0
7e1d735e:	f040 8476 	bne.w	7e1d7c4e <_svfprintf_r+0xb8a>
7e1d7362:	f017 0701 	ands.w	r7, r7, #1
7e1d7366:	4698      	mov	r8, r3
7e1d7368:	bf04      	itt	eq
7e1d736a:	ab56      	addeq	r3, sp, #344	; 0x158
7e1d736c:	930e      	streq	r3, [sp, #56]	; 0x38
7e1d736e:	d005      	beq.n	7e1d737c <_svfprintf_r+0x2b8>
7e1d7370:	2330      	movs	r3, #48	; 0x30
7e1d7372:	f88d 3157 	strb.w	r3, [sp, #343]	; 0x157
7e1d7376:	f20d 1357 	addw	r3, sp, #343	; 0x157
7e1d737a:	930e      	str	r3, [sp, #56]	; 0x38
7e1d737c:	f89d 208b 	ldrb.w	r2, [sp, #139]	; 0x8b
7e1d7380:	45b8      	cmp	r8, r7
7e1d7382:	f04f 0300 	mov.w	r3, #0
7e1d7386:	930c      	str	r3, [sp, #48]	; 0x30
7e1d7388:	9312      	str	r3, [sp, #72]	; 0x48
7e1d738a:	e9cd 3313 	strd	r3, r3, [sp, #76]	; 0x4c
7e1d738e:	4643      	mov	r3, r8
7e1d7390:	bfb8      	it	lt
7e1d7392:	463b      	movlt	r3, r7
7e1d7394:	9307      	str	r3, [sp, #28]
7e1d7396:	b112      	cbz	r2, 7e1d739e <_svfprintf_r+0x2da>
7e1d7398:	9b07      	ldr	r3, [sp, #28]
7e1d739a:	3301      	adds	r3, #1
7e1d739c:	9307      	str	r3, [sp, #28]
7e1d739e:	f01a 0302 	ands.w	r3, sl, #2
7e1d73a2:	930f      	str	r3, [sp, #60]	; 0x3c
7e1d73a4:	9c2c      	ldr	r4, [sp, #176]	; 0xb0
7e1d73a6:	bf1e      	ittt	ne
7e1d73a8:	9b07      	ldrne	r3, [sp, #28]
7e1d73aa:	3302      	addne	r3, #2
7e1d73ac:	9307      	strne	r3, [sp, #28]
7e1d73ae:	f01a 0384 	ands.w	r3, sl, #132	; 0x84
7e1d73b2:	9310      	str	r3, [sp, #64]	; 0x40
7e1d73b4:	d104      	bne.n	7e1d73c0 <_svfprintf_r+0x2fc>
7e1d73b6:	9b09      	ldr	r3, [sp, #36]	; 0x24
7e1d73b8:	9907      	ldr	r1, [sp, #28]
7e1d73ba:	1a5d      	subs	r5, r3, r1
7e1d73bc:	2d00      	cmp	r5, #0
7e1d73be:	dc68      	bgt.n	7e1d7492 <_svfprintf_r+0x3ce>
7e1d73c0:	b18a      	cbz	r2, 7e1d73e6 <_svfprintf_r+0x322>
7e1d73c2:	9a2b      	ldr	r2, [sp, #172]	; 0xac
7e1d73c4:	f10d 018b 	add.w	r1, sp, #139	; 0x8b
7e1d73c8:	3401      	adds	r4, #1
7e1d73ca:	f8c9 1000 	str.w	r1, [r9]
7e1d73ce:	3201      	adds	r2, #1
7e1d73d0:	2101      	movs	r1, #1
7e1d73d2:	2a07      	cmp	r2, #7
7e1d73d4:	f8c9 1004 	str.w	r1, [r9, #4]
7e1d73d8:	942c      	str	r4, [sp, #176]	; 0xb0
7e1d73da:	bfd8      	it	le
7e1d73dc:	f109 0908 	addle.w	r9, r9, #8
7e1d73e0:	922b      	str	r2, [sp, #172]	; 0xac
7e1d73e2:	f300 83e4 	bgt.w	7e1d7bae <_svfprintf_r+0xaea>
7e1d73e6:	9b0f      	ldr	r3, [sp, #60]	; 0x3c
7e1d73e8:	b183      	cbz	r3, 7e1d740c <_svfprintf_r+0x348>
7e1d73ea:	9b2b      	ldr	r3, [sp, #172]	; 0xac
7e1d73ec:	aa23      	add	r2, sp, #140	; 0x8c
7e1d73ee:	3402      	adds	r4, #2
7e1d73f0:	f8c9 2000 	str.w	r2, [r9]
7e1d73f4:	3301      	adds	r3, #1
7e1d73f6:	2202      	movs	r2, #2
7e1d73f8:	2b07      	cmp	r3, #7
7e1d73fa:	f8c9 2004 	str.w	r2, [r9, #4]
7e1d73fe:	942c      	str	r4, [sp, #176]	; 0xb0
7e1d7400:	bfd8      	it	le
7e1d7402:	f109 0908 	addle.w	r9, r9, #8
7e1d7406:	932b      	str	r3, [sp, #172]	; 0xac
7e1d7408:	f300 83dd 	bgt.w	7e1d7bc6 <_svfprintf_r+0xb02>
7e1d740c:	9b10      	ldr	r3, [sp, #64]	; 0x40
7e1d740e:	2b80      	cmp	r3, #128	; 0x80
7e1d7410:	f000 8295 	beq.w	7e1d793e <_svfprintf_r+0x87a>
7e1d7414:	eba8 0507 	sub.w	r5, r8, r7
7e1d7418:	2d00      	cmp	r5, #0
7e1d741a:	f300 82e4 	bgt.w	7e1d79e6 <_svfprintf_r+0x922>
7e1d741e:	f41a 7f80 	tst.w	sl, #256	; 0x100
7e1d7422:	f040 8228 	bne.w	7e1d7876 <_svfprintf_r+0x7b2>
7e1d7426:	9b2b      	ldr	r3, [sp, #172]	; 0xac
7e1d7428:	443c      	add	r4, r7
7e1d742a:	9a0e      	ldr	r2, [sp, #56]	; 0x38
7e1d742c:	3301      	adds	r3, #1
7e1d742e:	942c      	str	r4, [sp, #176]	; 0xb0
7e1d7430:	2b07      	cmp	r3, #7
7e1d7432:	f8c9 7004 	str.w	r7, [r9, #4]
7e1d7436:	f8c9 2000 	str.w	r2, [r9]
7e1d743a:	932b      	str	r3, [sp, #172]	; 0xac
7e1d743c:	f300 83ab 	bgt.w	7e1d7b96 <_svfprintf_r+0xad2>
7e1d7440:	f109 0908 	add.w	r9, r9, #8
7e1d7444:	f01a 0f04 	tst.w	sl, #4
7e1d7448:	d005      	beq.n	7e1d7456 <_svfprintf_r+0x392>
7e1d744a:	9b09      	ldr	r3, [sp, #36]	; 0x24
7e1d744c:	9a07      	ldr	r2, [sp, #28]
7e1d744e:	1a9d      	subs	r5, r3, r2
7e1d7450:	2d00      	cmp	r5, #0
7e1d7452:	f300 83c4 	bgt.w	7e1d7bde <_svfprintf_r+0xb1a>
7e1d7456:	e9dd 3208 	ldrd	r3, r2, [sp, #32]
7e1d745a:	9907      	ldr	r1, [sp, #28]
7e1d745c:	428a      	cmp	r2, r1
7e1d745e:	bfac      	ite	ge
7e1d7460:	189b      	addge	r3, r3, r2
7e1d7462:	185b      	addlt	r3, r3, r1
7e1d7464:	9308      	str	r3, [sp, #32]
7e1d7466:	2c00      	cmp	r4, #0
7e1d7468:	f47f af3c 	bne.w	7e1d72e4 <_svfprintf_r+0x220>
7e1d746c:	2300      	movs	r3, #0
7e1d746e:	932b      	str	r3, [sp, #172]	; 0xac
7e1d7470:	9b0c      	ldr	r3, [sp, #48]	; 0x30
7e1d7472:	b11b      	cbz	r3, 7e1d747c <_svfprintf_r+0x3b8>
7e1d7474:	990c      	ldr	r1, [sp, #48]	; 0x30
7e1d7476:	980a      	ldr	r0, [sp, #40]	; 0x28
7e1d7478:	f002 fc02 	bl	7e1d9c80 <_free_r>
7e1d747c:	f89b 3000 	ldrb.w	r3, [fp]
7e1d7480:	f10d 09b4 	add.w	r9, sp, #180	; 0xb4
7e1d7484:	2b25      	cmp	r3, #37	; 0x25
7e1d7486:	bf18      	it	ne
7e1d7488:	2b00      	cmpne	r3, #0
7e1d748a:	f47f ae50 	bne.w	7e1d712e <_svfprintf_r+0x6a>
7e1d748e:	465c      	mov	r4, fp
7e1d7490:	e66b      	b.n	7e1d716a <_svfprintf_r+0xa6>
7e1d7492:	2d10      	cmp	r5, #16
7e1d7494:	9a2b      	ldr	r2, [sp, #172]	; 0xac
7e1d7496:	dd28      	ble.n	7e1d74ea <_svfprintf_r+0x426>
7e1d7498:	e9cd 6720 	strd	r6, r7, [sp, #128]	; 0x80
7e1d749c:	4621      	mov	r1, r4
7e1d749e:	2310      	movs	r3, #16
7e1d74a0:	e9dd 670a 	ldrd	r6, r7, [sp, #40]	; 0x28
7e1d74a4:	9c18      	ldr	r4, [sp, #96]	; 0x60
7e1d74a6:	e002      	b.n	7e1d74ae <_svfprintf_r+0x3ea>
7e1d74a8:	3d10      	subs	r5, #16
7e1d74aa:	2d10      	cmp	r5, #16
7e1d74ac:	dd1a      	ble.n	7e1d74e4 <_svfprintf_r+0x420>
7e1d74ae:	3201      	adds	r2, #1
7e1d74b0:	3110      	adds	r1, #16
7e1d74b2:	2a07      	cmp	r2, #7
7e1d74b4:	e9c9 4300 	strd	r4, r3, [r9]
7e1d74b8:	e9cd 212b 	strd	r2, r1, [sp, #172]	; 0xac
7e1d74bc:	f109 0908 	add.w	r9, r9, #8
7e1d74c0:	ddf2      	ble.n	7e1d74a8 <_svfprintf_r+0x3e4>
7e1d74c2:	aa2a      	add	r2, sp, #168	; 0xa8
7e1d74c4:	4639      	mov	r1, r7
7e1d74c6:	4630      	mov	r0, r6
7e1d74c8:	f10d 09b4 	add.w	r9, sp, #180	; 0xb4
7e1d74cc:	f003 fdd6 	bl	7e1db07c <__ssprint_r>
7e1d74d0:	2800      	cmp	r0, #0
7e1d74d2:	f47f af0f 	bne.w	7e1d72f4 <_svfprintf_r+0x230>
7e1d74d6:	3d10      	subs	r5, #16
7e1d74d8:	e9dd 212b 	ldrd	r2, r1, [sp, #172]	; 0xac
7e1d74dc:	2d10      	cmp	r5, #16
7e1d74de:	f04f 0310 	mov.w	r3, #16
7e1d74e2:	dce4      	bgt.n	7e1d74ae <_svfprintf_r+0x3ea>
7e1d74e4:	e9dd 6720 	ldrd	r6, r7, [sp, #128]	; 0x80
7e1d74e8:	460c      	mov	r4, r1
7e1d74ea:	3201      	adds	r2, #1
7e1d74ec:	9b18      	ldr	r3, [sp, #96]	; 0x60
7e1d74ee:	2a07      	cmp	r2, #7
7e1d74f0:	442c      	add	r4, r5
7e1d74f2:	e9cd 242b 	strd	r2, r4, [sp, #172]	; 0xac
7e1d74f6:	e9c9 3500 	strd	r3, r5, [r9]
7e1d74fa:	f300 86dd 	bgt.w	7e1d82b8 <_svfprintf_r+0x11f4>
7e1d74fe:	f109 0908 	add.w	r9, r9, #8
7e1d7502:	f89d 208b 	ldrb.w	r2, [sp, #139]	; 0x8b
7e1d7506:	e75b      	b.n	7e1d73c0 <_svfprintf_r+0x2fc>
7e1d7508:	f01a 0f20 	tst.w	sl, #32
7e1d750c:	f64a 3320 	movw	r3, #43808	; 0xab20
7e1d7510:	f2c8 032d 	movt	r3, #32813	; 0x802d
7e1d7514:	9319      	str	r3, [sp, #100]	; 0x64
7e1d7516:	d05e      	beq.n	7e1d75d6 <_svfprintf_r+0x512>
7e1d7518:	9c0d      	ldr	r4, [sp, #52]	; 0x34
7e1d751a:	3407      	adds	r4, #7
7e1d751c:	f024 0307 	bic.w	r3, r4, #7
7e1d7520:	e8f3 4502 	ldrd	r4, r5, [r3], #8
7e1d7524:	930d      	str	r3, [sp, #52]	; 0x34
7e1d7526:	ea54 0305 	orrs.w	r3, r4, r5
7e1d752a:	f00a 0301 	and.w	r3, sl, #1
7e1d752e:	bf08      	it	eq
7e1d7530:	2300      	moveq	r3, #0
7e1d7532:	2b00      	cmp	r3, #0
7e1d7534:	f040 84c2 	bne.w	7e1d7ebc <_svfprintf_r+0xdf8>
7e1d7538:	f42a 6780 	bic.w	r7, sl, #1024	; 0x400
7e1d753c:	2302      	movs	r3, #2
7e1d753e:	e6f8      	b.n	7e1d7332 <_svfprintf_r+0x26e>
7e1d7540:	f1a6 0330 	sub.w	r3, r6, #48	; 0x30
7e1d7544:	2200      	movs	r2, #0
7e1d7546:	f81b 6b01 	ldrb.w	r6, [fp], #1
7e1d754a:	fb05 3202 	mla	r2, r5, r2, r3
7e1d754e:	f1a6 0330 	sub.w	r3, r6, #48	; 0x30
7e1d7552:	2b09      	cmp	r3, #9
7e1d7554:	d9f7      	bls.n	7e1d7546 <_svfprintf_r+0x482>
7e1d7556:	9209      	str	r2, [sp, #36]	; 0x24
7e1d7558:	e617      	b.n	7e1d718a <_svfprintf_r+0xc6>
7e1d755a:	f04a 0a80 	orr.w	sl, sl, #128	; 0x80
7e1d755e:	f89b 6000 	ldrb.w	r6, [fp]
7e1d7562:	e610      	b.n	7e1d7186 <_svfprintf_r+0xc2>
7e1d7564:	9a0d      	ldr	r2, [sp, #52]	; 0x34
7e1d7566:	f01a 0f20 	tst.w	sl, #32
7e1d756a:	f852 3b04 	ldr.w	r3, [r2], #4
7e1d756e:	920d      	str	r2, [sp, #52]	; 0x34
7e1d7570:	f040 84b6 	bne.w	7e1d7ee0 <_svfprintf_r+0xe1c>
7e1d7574:	f01a 0f10 	tst.w	sl, #16
7e1d7578:	f040 86eb 	bne.w	7e1d8352 <_svfprintf_r+0x128e>
7e1d757c:	f01a 0f40 	tst.w	sl, #64	; 0x40
7e1d7580:	f041 8079 	bne.w	7e1d8676 <_svfprintf_r+0x15b2>
7e1d7584:	f41a 7f00 	tst.w	sl, #512	; 0x200
7e1d7588:	f000 86e3 	beq.w	7e1d8352 <_svfprintf_r+0x128e>
7e1d758c:	9a08      	ldr	r2, [sp, #32]
7e1d758e:	701a      	strb	r2, [r3, #0]
7e1d7590:	e5c6      	b.n	7e1d7120 <_svfprintf_r+0x5c>
7e1d7592:	f89b 6000 	ldrb.w	r6, [fp]
7e1d7596:	2e6c      	cmp	r6, #108	; 0x6c
7e1d7598:	bf09      	itett	eq
7e1d759a:	f04a 0a20 	orreq.w	sl, sl, #32
7e1d759e:	f04a 0a10 	orrne.w	sl, sl, #16
7e1d75a2:	f89b 6001 	ldrbeq.w	r6, [fp, #1]
7e1d75a6:	f10b 0b01 	addeq.w	fp, fp, #1
7e1d75aa:	e5ec      	b.n	7e1d7186 <_svfprintf_r+0xc2>
7e1d75ac:	f89b 6000 	ldrb.w	r6, [fp]
7e1d75b0:	2e68      	cmp	r6, #104	; 0x68
7e1d75b2:	bf09      	itett	eq
7e1d75b4:	f44a 7a00 	orreq.w	sl, sl, #512	; 0x200
7e1d75b8:	f04a 0a40 	orrne.w	sl, sl, #64	; 0x40
7e1d75bc:	f89b 6001 	ldrbeq.w	r6, [fp, #1]
7e1d75c0:	f10b 0b01 	addeq.w	fp, fp, #1
7e1d75c4:	e5df      	b.n	7e1d7186 <_svfprintf_r+0xc2>
7e1d75c6:	f01a 0f20 	tst.w	sl, #32
7e1d75ca:	f64a 3334 	movw	r3, #43828	; 0xab34
7e1d75ce:	f2c8 032d 	movt	r3, #32813	; 0x802d
7e1d75d2:	9319      	str	r3, [sp, #100]	; 0x64
7e1d75d4:	d1a0      	bne.n	7e1d7518 <_svfprintf_r+0x454>
7e1d75d6:	9a0d      	ldr	r2, [sp, #52]	; 0x34
7e1d75d8:	f01a 0f10 	tst.w	sl, #16
7e1d75dc:	f102 0304 	add.w	r3, r2, #4
7e1d75e0:	f040 8460 	bne.w	7e1d7ea4 <_svfprintf_r+0xde0>
7e1d75e4:	f01a 0f40 	tst.w	sl, #64	; 0x40
7e1d75e8:	9a0d      	ldr	r2, [sp, #52]	; 0x34
7e1d75ea:	f000 8457 	beq.w	7e1d7e9c <_svfprintf_r+0xdd8>
7e1d75ee:	8814      	ldrh	r4, [r2, #0]
7e1d75f0:	2500      	movs	r5, #0
7e1d75f2:	930d      	str	r3, [sp, #52]	; 0x34
7e1d75f4:	e797      	b.n	7e1d7526 <_svfprintf_r+0x462>
7e1d75f6:	9b0d      	ldr	r3, [sp, #52]	; 0x34
7e1d75f8:	f647 0230 	movw	r2, #30768	; 0x7830
7e1d75fc:	f64a 3120 	movw	r1, #43808	; 0xab20
7e1d7600:	f04a 0702 	orr.w	r7, sl, #2
7e1d7604:	f2c8 012d 	movt	r1, #32813	; 0x802d
7e1d7608:	f8ad 208c 	strh.w	r2, [sp, #140]	; 0x8c
7e1d760c:	f853 4b04 	ldr.w	r4, [r3], #4
7e1d7610:	2500      	movs	r5, #0
7e1d7612:	9119      	str	r1, [sp, #100]	; 0x64
7e1d7614:	2678      	movs	r6, #120	; 0x78
7e1d7616:	930d      	str	r3, [sp, #52]	; 0x34
7e1d7618:	2302      	movs	r3, #2
7e1d761a:	e68a      	b.n	7e1d7332 <_svfprintf_r+0x26e>
7e1d761c:	f04a 0710 	orr.w	r7, sl, #16
7e1d7620:	06bd      	lsls	r5, r7, #26
7e1d7622:	f53f ae7e 	bmi.w	7e1d7322 <_svfprintf_r+0x25e>
7e1d7626:	9b0d      	ldr	r3, [sp, #52]	; 0x34
7e1d7628:	06fc      	lsls	r4, r7, #27
7e1d762a:	f103 0204 	add.w	r2, r3, #4
7e1d762e:	f100 8451 	bmi.w	7e1d7ed4 <_svfprintf_r+0xe10>
7e1d7632:	0678      	lsls	r0, r7, #25
7e1d7634:	9b0d      	ldr	r3, [sp, #52]	; 0x34
7e1d7636:	f140 844a 	bpl.w	7e1d7ece <_svfprintf_r+0xe0a>
7e1d763a:	881c      	ldrh	r4, [r3, #0]
7e1d763c:	2500      	movs	r5, #0
7e1d763e:	2301      	movs	r3, #1
7e1d7640:	920d      	str	r2, [sp, #52]	; 0x34
7e1d7642:	e676      	b.n	7e1d7332 <_svfprintf_r+0x26e>
7e1d7644:	9c0d      	ldr	r4, [sp, #52]	; 0x34
7e1d7646:	2500      	movs	r5, #0
7e1d7648:	f88d 508b 	strb.w	r5, [sp, #139]	; 0x8b
7e1d764c:	f854 3b04 	ldr.w	r3, [r4], #4
7e1d7650:	930e      	str	r3, [sp, #56]	; 0x38
7e1d7652:	2b00      	cmp	r3, #0
7e1d7654:	f000 86df 	beq.w	7e1d8416 <_svfprintf_r+0x1352>
7e1d7658:	f1b8 3fff 	cmp.w	r8, #4294967295
7e1d765c:	f000 851c 	beq.w	7e1d8098 <_svfprintf_r+0xfd4>
7e1d7660:	4642      	mov	r2, r8
7e1d7662:	4629      	mov	r1, r5
7e1d7664:	980e      	ldr	r0, [sp, #56]	; 0x38
7e1d7666:	f003 f807 	bl	7e1da678 <memchr>
7e1d766a:	900c      	str	r0, [sp, #48]	; 0x30
7e1d766c:	2800      	cmp	r0, #0
7e1d766e:	f001 80e4 	beq.w	7e1d883a <_svfprintf_r+0x1776>
7e1d7672:	9b0c      	ldr	r3, [sp, #48]	; 0x30
7e1d7674:	46a8      	mov	r8, r5
7e1d7676:	9a0e      	ldr	r2, [sp, #56]	; 0x38
7e1d7678:	e9cd 540c 	strd	r5, r4, [sp, #48]	; 0x30
7e1d767c:	1a9f      	subs	r7, r3, r2
7e1d767e:	9512      	str	r5, [sp, #72]	; 0x48
7e1d7680:	e9cd 5513 	strd	r5, r5, [sp, #76]	; 0x4c
7e1d7684:	ea27 73e7 	bic.w	r3, r7, r7, asr #31
7e1d7688:	f89d 208b 	ldrb.w	r2, [sp, #139]	; 0x8b
7e1d768c:	9307      	str	r3, [sp, #28]
7e1d768e:	e682      	b.n	7e1d7396 <_svfprintf_r+0x2d2>
7e1d7690:	f04a 0a08 	orr.w	sl, sl, #8
7e1d7694:	f89b 6000 	ldrb.w	r6, [fp]
7e1d7698:	e575      	b.n	7e1d7186 <_svfprintf_r+0xc2>
7e1d769a:	9c0d      	ldr	r4, [sp, #52]	; 0x34
7e1d769c:	2300      	movs	r3, #0
7e1d769e:	461a      	mov	r2, r3
7e1d76a0:	4698      	mov	r8, r3
7e1d76a2:	2701      	movs	r7, #1
7e1d76a4:	f88d 308b 	strb.w	r3, [sp, #139]	; 0x8b
7e1d76a8:	f854 1b04 	ldr.w	r1, [r4], #4
7e1d76ac:	9707      	str	r7, [sp, #28]
7e1d76ae:	930c      	str	r3, [sp, #48]	; 0x30
7e1d76b0:	f88d 10f4 	strb.w	r1, [sp, #244]	; 0xf4
7e1d76b4:	940d      	str	r4, [sp, #52]	; 0x34
7e1d76b6:	ab3d      	add	r3, sp, #244	; 0xf4
7e1d76b8:	9212      	str	r2, [sp, #72]	; 0x48
7e1d76ba:	e9cd 2213 	strd	r2, r2, [sp, #76]	; 0x4c
7e1d76be:	930e      	str	r3, [sp, #56]	; 0x38
7e1d76c0:	e66d      	b.n	7e1d739e <_svfprintf_r+0x2da>
7e1d76c2:	9c0d      	ldr	r4, [sp, #52]	; 0x34
7e1d76c4:	f64f 73ff 	movw	r3, #65535	; 0xffff
7e1d76c8:	f04f 32ff 	mov.w	r2, #4294967295
7e1d76cc:	f6c7 73ef 	movt	r3, #32751	; 0x7fef
7e1d76d0:	3407      	adds	r4, #7
7e1d76d2:	f024 0107 	bic.w	r1, r4, #7
7e1d76d6:	e8f1 4502 	ldrd	r4, r5, [r1], #8
7e1d76da:	e9cd 4516 	strd	r4, r5, [sp, #88]	; 0x58
7e1d76de:	f025 4400 	bic.w	r4, r5, #2147483648	; 0x80000000
7e1d76e2:	9d16      	ldr	r5, [sp, #88]	; 0x58
7e1d76e4:	910d      	str	r1, [sp, #52]	; 0x34
7e1d76e6:	4621      	mov	r1, r4
7e1d76e8:	4628      	mov	r0, r5
7e1d76ea:	f004 f9d7 	bl	7e1dba9c <__aeabi_dcmpun>
7e1d76ee:	2800      	cmp	r0, #0
7e1d76f0:	f040 83fd 	bne.w	7e1d7eee <_svfprintf_r+0xe2a>
7e1d76f4:	f64f 73ff 	movw	r3, #65535	; 0xffff
7e1d76f8:	4628      	mov	r0, r5
7e1d76fa:	f04f 32ff 	mov.w	r2, #4294967295
7e1d76fe:	f6c7 73ef 	movt	r3, #32751	; 0x7fef
7e1d7702:	4621      	mov	r1, r4
7e1d7704:	f004 f9ac 	bl	7e1dba60 <__aeabi_dcmple>
7e1d7708:	2800      	cmp	r0, #0
7e1d770a:	f040 83f0 	bne.w	7e1d7eee <_svfprintf_r+0xe2a>
7e1d770e:	2200      	movs	r2, #0
7e1d7710:	2300      	movs	r3, #0
7e1d7712:	e9dd 0116 	ldrd	r0, r1, [sp, #88]	; 0x58
7e1d7716:	f004 f999 	bl	7e1dba4c <__aeabi_dcmplt>
7e1d771a:	f89d 208b 	ldrb.w	r2, [sp, #139]	; 0x8b
7e1d771e:	b110      	cbz	r0, 7e1d7726 <_svfprintf_r+0x662>
7e1d7720:	222d      	movs	r2, #45	; 0x2d
7e1d7722:	f88d 208b 	strb.w	r2, [sp, #139]	; 0x8b
7e1d7726:	f64a 3110 	movw	r1, #43792	; 0xab10
7e1d772a:	f64a 3314 	movw	r3, #43796	; 0xab14
7e1d772e:	f2c8 012d 	movt	r1, #32813	; 0x802d
7e1d7732:	f2c8 032d 	movt	r3, #32813	; 0x802d
7e1d7736:	2000      	movs	r0, #0
7e1d7738:	2703      	movs	r7, #3
7e1d773a:	2e47      	cmp	r6, #71	; 0x47
7e1d773c:	bfc8      	it	gt
7e1d773e:	4619      	movgt	r1, r3
7e1d7740:	9707      	str	r7, [sp, #28]
7e1d7742:	900c      	str	r0, [sp, #48]	; 0x30
7e1d7744:	f02a 0a80 	bic.w	sl, sl, #128	; 0x80
7e1d7748:	910e      	str	r1, [sp, #56]	; 0x38
7e1d774a:	4680      	mov	r8, r0
7e1d774c:	9012      	str	r0, [sp, #72]	; 0x48
7e1d774e:	e9cd 0013 	strd	r0, r0, [sp, #76]	; 0x4c
7e1d7752:	e620      	b.n	7e1d7396 <_svfprintf_r+0x2d2>
7e1d7754:	9b0d      	ldr	r3, [sp, #52]	; 0x34
7e1d7756:	f89b 6000 	ldrb.w	r6, [fp]
7e1d775a:	f853 2b04 	ldr.w	r2, [r3], #4
7e1d775e:	2a00      	cmp	r2, #0
7e1d7760:	9209      	str	r2, [sp, #36]	; 0x24
7e1d7762:	bfa8      	it	ge
7e1d7764:	930d      	strge	r3, [sp, #52]	; 0x34
7e1d7766:	f6bf ad0e 	bge.w	7e1d7186 <_svfprintf_r+0xc2>
7e1d776a:	4252      	negs	r2, r2
7e1d776c:	930d      	str	r3, [sp, #52]	; 0x34
7e1d776e:	9209      	str	r2, [sp, #36]	; 0x24
7e1d7770:	e030      	b.n	7e1d77d4 <_svfprintf_r+0x710>
7e1d7772:	9e0a      	ldr	r6, [sp, #40]	; 0x28
7e1d7774:	4630      	mov	r0, r6
7e1d7776:	f002 ff65 	bl	7e1da644 <_localeconv_r>
7e1d777a:	6843      	ldr	r3, [r0, #4]
7e1d777c:	4618      	mov	r0, r3
7e1d777e:	931e      	str	r3, [sp, #120]	; 0x78
7e1d7780:	f7fe f8f2 	bl	7e1d5968 <strlen>
7e1d7784:	4604      	mov	r4, r0
7e1d7786:	901d      	str	r0, [sp, #116]	; 0x74
7e1d7788:	4630      	mov	r0, r6
7e1d778a:	f002 ff5b 	bl	7e1da644 <_localeconv_r>
7e1d778e:	6883      	ldr	r3, [r0, #8]
7e1d7790:	2c00      	cmp	r4, #0
7e1d7792:	bf18      	it	ne
7e1d7794:	2b00      	cmpne	r3, #0
7e1d7796:	931f      	str	r3, [sp, #124]	; 0x7c
7e1d7798:	f43f ad5b 	beq.w	7e1d7252 <_svfprintf_r+0x18e>
7e1d779c:	9b1f      	ldr	r3, [sp, #124]	; 0x7c
7e1d779e:	f89b 6000 	ldrb.w	r6, [fp]
7e1d77a2:	781b      	ldrb	r3, [r3, #0]
7e1d77a4:	2b00      	cmp	r3, #0
7e1d77a6:	f43f acee 	beq.w	7e1d7186 <_svfprintf_r+0xc2>
7e1d77aa:	f44a 6a80 	orr.w	sl, sl, #1024	; 0x400
7e1d77ae:	e4ea      	b.n	7e1d7186 <_svfprintf_r+0xc2>
7e1d77b0:	f04a 0a01 	orr.w	sl, sl, #1
7e1d77b4:	f89b 6000 	ldrb.w	r6, [fp]
7e1d77b8:	e4e5      	b.n	7e1d7186 <_svfprintf_r+0xc2>
7e1d77ba:	f89d 308b 	ldrb.w	r3, [sp, #139]	; 0x8b
7e1d77be:	f89b 6000 	ldrb.w	r6, [fp]
7e1d77c2:	2b00      	cmp	r3, #0
7e1d77c4:	f47f acdf 	bne.w	7e1d7186 <_svfprintf_r+0xc2>
7e1d77c8:	2320      	movs	r3, #32
7e1d77ca:	f88d 308b 	strb.w	r3, [sp, #139]	; 0x8b
7e1d77ce:	e4da      	b.n	7e1d7186 <_svfprintf_r+0xc2>
7e1d77d0:	f89b 6000 	ldrb.w	r6, [fp]
7e1d77d4:	f04a 0a04 	orr.w	sl, sl, #4
7e1d77d8:	e4d5      	b.n	7e1d7186 <_svfprintf_r+0xc2>
7e1d77da:	232b      	movs	r3, #43	; 0x2b
7e1d77dc:	f89b 6000 	ldrb.w	r6, [fp]
7e1d77e0:	f88d 308b 	strb.w	r3, [sp, #139]	; 0x8b
7e1d77e4:	e4cf      	b.n	7e1d7186 <_svfprintf_r+0xc2>
7e1d77e6:	465a      	mov	r2, fp
7e1d77e8:	f812 6b01 	ldrb.w	r6, [r2], #1
7e1d77ec:	2e2a      	cmp	r6, #42	; 0x2a
7e1d77ee:	f001 8148 	beq.w	7e1d8a82 <_svfprintf_r+0x19be>
7e1d77f2:	f1a6 0330 	sub.w	r3, r6, #48	; 0x30
7e1d77f6:	4693      	mov	fp, r2
7e1d77f8:	2b09      	cmp	r3, #9
7e1d77fa:	f04f 0800 	mov.w	r8, #0
7e1d77fe:	f63f acc4 	bhi.w	7e1d718a <_svfprintf_r+0xc6>
7e1d7802:	f81b 6b01 	ldrb.w	r6, [fp], #1
7e1d7806:	fb05 3808 	mla	r8, r5, r8, r3
7e1d780a:	f1a6 0330 	sub.w	r3, r6, #48	; 0x30
7e1d780e:	2b09      	cmp	r3, #9
7e1d7810:	d9f7      	bls.n	7e1d7802 <_svfprintf_r+0x73e>
7e1d7812:	e4ba      	b.n	7e1d718a <_svfprintf_r+0xc6>
7e1d7814:	9a0d      	ldr	r2, [sp, #52]	; 0x34
7e1d7816:	f01a 0f10 	tst.w	sl, #16
7e1d781a:	f102 0304 	add.w	r3, r2, #4
7e1d781e:	f040 8336 	bne.w	7e1d7e8e <_svfprintf_r+0xdca>
7e1d7822:	f01a 0f40 	tst.w	sl, #64	; 0x40
7e1d7826:	9a0d      	ldr	r2, [sp, #52]	; 0x34
7e1d7828:	f000 832d 	beq.w	7e1d7e86 <_svfprintf_r+0xdc2>
7e1d782c:	f9b2 4000 	ldrsh.w	r4, [r2]
7e1d7830:	930d      	str	r3, [sp, #52]	; 0x34
7e1d7832:	17e5      	asrs	r5, r4, #31
7e1d7834:	4622      	mov	r2, r4
7e1d7836:	462b      	mov	r3, r5
7e1d7838:	e52f      	b.n	7e1d729a <_svfprintf_r+0x1d6>
7e1d783a:	9a0d      	ldr	r2, [sp, #52]	; 0x34
7e1d783c:	f01a 0f10 	tst.w	sl, #16
7e1d7840:	f102 0304 	add.w	r3, r2, #4
7e1d7844:	f040 831a 	bne.w	7e1d7e7c <_svfprintf_r+0xdb8>
7e1d7848:	f01a 0f40 	tst.w	sl, #64	; 0x40
7e1d784c:	9a0d      	ldr	r2, [sp, #52]	; 0x34
7e1d784e:	f000 8311 	beq.w	7e1d7e74 <_svfprintf_r+0xdb0>
7e1d7852:	8814      	ldrh	r4, [r2, #0]
7e1d7854:	2500      	movs	r5, #0
7e1d7856:	930d      	str	r3, [sp, #52]	; 0x34
7e1d7858:	e50b      	b.n	7e1d7272 <_svfprintf_r+0x1ae>
7e1d785a:	2e00      	cmp	r6, #0
7e1d785c:	f000 85ce 	beq.w	7e1d83fc <_svfprintf_r+0x1338>
7e1d7860:	2300      	movs	r3, #0
7e1d7862:	2701      	movs	r7, #1
7e1d7864:	461a      	mov	r2, r3
7e1d7866:	9707      	str	r7, [sp, #28]
7e1d7868:	f88d 60f4 	strb.w	r6, [sp, #244]	; 0xf4
7e1d786c:	4698      	mov	r8, r3
7e1d786e:	f88d 308b 	strb.w	r3, [sp, #139]	; 0x8b
7e1d7872:	930c      	str	r3, [sp, #48]	; 0x30
7e1d7874:	e71f      	b.n	7e1d76b6 <_svfprintf_r+0x5f2>
7e1d7876:	2e65      	cmp	r6, #101	; 0x65
7e1d7878:	f340 813a 	ble.w	7e1d7af0 <_svfprintf_r+0xa2c>
7e1d787c:	2200      	movs	r2, #0
7e1d787e:	2300      	movs	r3, #0
7e1d7880:	e9dd 0116 	ldrd	r0, r1, [sp, #88]	; 0x58
7e1d7884:	f004 f8d8 	bl	7e1dba38 <__aeabi_dcmpeq>
7e1d7888:	2800      	cmp	r0, #0
7e1d788a:	f000 81e6 	beq.w	7e1d7c5a <_svfprintf_r+0xb96>
7e1d788e:	9b2b      	ldr	r3, [sp, #172]	; 0xac
7e1d7890:	3401      	adds	r4, #1
7e1d7892:	f64a 3250 	movw	r2, #43856	; 0xab50
7e1d7896:	2101      	movs	r1, #1
7e1d7898:	3301      	adds	r3, #1
7e1d789a:	f2c8 022d 	movt	r2, #32813	; 0x802d
7e1d789e:	2b07      	cmp	r3, #7
7e1d78a0:	e9c9 2100 	strd	r2, r1, [r9]
7e1d78a4:	942c      	str	r4, [sp, #176]	; 0xb0
7e1d78a6:	bfd8      	it	le
7e1d78a8:	f109 0908 	addle.w	r9, r9, #8
7e1d78ac:	932b      	str	r3, [sp, #172]	; 0xac
7e1d78ae:	f300 851e 	bgt.w	7e1d82ee <_svfprintf_r+0x122a>
7e1d78b2:	9b24      	ldr	r3, [sp, #144]	; 0x90
7e1d78b4:	9a15      	ldr	r2, [sp, #84]	; 0x54
7e1d78b6:	4293      	cmp	r3, r2
7e1d78b8:	f280 82d5 	bge.w	7e1d7e66 <_svfprintf_r+0xda2>
7e1d78bc:	9a1b      	ldr	r2, [sp, #108]	; 0x6c
7e1d78be:	e9dd 342b 	ldrd	r3, r4, [sp, #172]	; 0xac
7e1d78c2:	f8c9 2000 	str.w	r2, [r9]
7e1d78c6:	3301      	adds	r3, #1
7e1d78c8:	9a1a      	ldr	r2, [sp, #104]	; 0x68
7e1d78ca:	2b07      	cmp	r3, #7
7e1d78cc:	4414      	add	r4, r2
7e1d78ce:	e9cd 342b 	strd	r3, r4, [sp, #172]	; 0xac
7e1d78d2:	f8c9 2004 	str.w	r2, [r9, #4]
7e1d78d6:	bfd8      	it	le
7e1d78d8:	f109 0908 	addle.w	r9, r9, #8
7e1d78dc:	f300 83c1 	bgt.w	7e1d8062 <_svfprintf_r+0xf9e>
7e1d78e0:	9b15      	ldr	r3, [sp, #84]	; 0x54
7e1d78e2:	1e5d      	subs	r5, r3, #1
7e1d78e4:	2d00      	cmp	r5, #0
7e1d78e6:	f77f adad 	ble.w	7e1d7444 <_svfprintf_r+0x380>
7e1d78ea:	2d10      	cmp	r5, #16
7e1d78ec:	f64a 3364 	movw	r3, #43876	; 0xab64
7e1d78f0:	9a2b      	ldr	r2, [sp, #172]	; 0xac
7e1d78f2:	f2c8 032d 	movt	r3, #32813	; 0x802d
7e1d78f6:	f340 8509 	ble.w	7e1d830c <_svfprintf_r+0x1248>
7e1d78fa:	4619      	mov	r1, r3
7e1d78fc:	2610      	movs	r6, #16
7e1d78fe:	4623      	mov	r3, r4
7e1d7900:	e9dd 780a 	ldrd	r7, r8, [sp, #40]	; 0x28
7e1d7904:	460c      	mov	r4, r1
7e1d7906:	e003      	b.n	7e1d7910 <_svfprintf_r+0x84c>
7e1d7908:	3d10      	subs	r5, #16
7e1d790a:	2d10      	cmp	r5, #16
7e1d790c:	f340 84fb 	ble.w	7e1d8306 <_svfprintf_r+0x1242>
7e1d7910:	3201      	adds	r2, #1
7e1d7912:	3310      	adds	r3, #16
7e1d7914:	2a07      	cmp	r2, #7
7e1d7916:	e9c9 4600 	strd	r4, r6, [r9]
7e1d791a:	e9cd 232b 	strd	r2, r3, [sp, #172]	; 0xac
7e1d791e:	f109 0908 	add.w	r9, r9, #8
7e1d7922:	ddf1      	ble.n	7e1d7908 <_svfprintf_r+0x844>
7e1d7924:	aa2a      	add	r2, sp, #168	; 0xa8
7e1d7926:	4641      	mov	r1, r8
7e1d7928:	4638      	mov	r0, r7
7e1d792a:	f10d 09b4 	add.w	r9, sp, #180	; 0xb4
7e1d792e:	f003 fba5 	bl	7e1db07c <__ssprint_r>
7e1d7932:	2800      	cmp	r0, #0
7e1d7934:	f47f acde 	bne.w	7e1d72f4 <_svfprintf_r+0x230>
7e1d7938:	e9dd 232b 	ldrd	r2, r3, [sp, #172]	; 0xac
7e1d793c:	e7e4      	b.n	7e1d7908 <_svfprintf_r+0x844>
7e1d793e:	9b09      	ldr	r3, [sp, #36]	; 0x24
7e1d7940:	9a07      	ldr	r2, [sp, #28]
7e1d7942:	1a9d      	subs	r5, r3, r2
7e1d7944:	2d00      	cmp	r5, #0
7e1d7946:	f77f ad65 	ble.w	7e1d7414 <_svfprintf_r+0x350>
7e1d794a:	2d10      	cmp	r5, #16
7e1d794c:	f64a 3364 	movw	r3, #43876	; 0xab64
7e1d7950:	9a2b      	ldr	r2, [sp, #172]	; 0xac
7e1d7952:	f2c8 032d 	movt	r3, #32813	; 0x802d
7e1d7956:	dd2a      	ble.n	7e1d79ae <_svfprintf_r+0x8ea>
7e1d7958:	e9cd 670f 	strd	r6, r7, [sp, #60]	; 0x3c
7e1d795c:	4621      	mov	r1, r4
7e1d795e:	461f      	mov	r7, r3
7e1d7960:	e9dd 640a 	ldrd	r6, r4, [sp, #40]	; 0x28
7e1d7964:	e002      	b.n	7e1d796c <_svfprintf_r+0x8a8>
7e1d7966:	3d10      	subs	r5, #16
7e1d7968:	2d10      	cmp	r5, #16
7e1d796a:	dd1c      	ble.n	7e1d79a6 <_svfprintf_r+0x8e2>
7e1d796c:	3201      	adds	r2, #1
7e1d796e:	3110      	adds	r1, #16
7e1d7970:	2a07      	cmp	r2, #7
7e1d7972:	f8c9 7000 	str.w	r7, [r9]
7e1d7976:	f04f 0310 	mov.w	r3, #16
7e1d797a:	e9cd 212b 	strd	r2, r1, [sp, #172]	; 0xac
7e1d797e:	f8c9 3004 	str.w	r3, [r9, #4]
7e1d7982:	f109 0908 	add.w	r9, r9, #8
7e1d7986:	ddee      	ble.n	7e1d7966 <_svfprintf_r+0x8a2>
7e1d7988:	aa2a      	add	r2, sp, #168	; 0xa8
7e1d798a:	4621      	mov	r1, r4
7e1d798c:	4630      	mov	r0, r6
7e1d798e:	f10d 09b4 	add.w	r9, sp, #180	; 0xb4
7e1d7992:	f003 fb73 	bl	7e1db07c <__ssprint_r>
7e1d7996:	2800      	cmp	r0, #0
7e1d7998:	f47f acac 	bne.w	7e1d72f4 <_svfprintf_r+0x230>
7e1d799c:	3d10      	subs	r5, #16
7e1d799e:	e9dd 212b 	ldrd	r2, r1, [sp, #172]	; 0xac
7e1d79a2:	2d10      	cmp	r5, #16
7e1d79a4:	dce2      	bgt.n	7e1d796c <_svfprintf_r+0x8a8>
7e1d79a6:	463b      	mov	r3, r7
7e1d79a8:	9e0f      	ldr	r6, [sp, #60]	; 0x3c
7e1d79aa:	9f10      	ldr	r7, [sp, #64]	; 0x40
7e1d79ac:	460c      	mov	r4, r1
7e1d79ae:	3201      	adds	r2, #1
7e1d79b0:	442c      	add	r4, r5
7e1d79b2:	2a07      	cmp	r2, #7
7e1d79b4:	e9c9 3500 	strd	r3, r5, [r9]
7e1d79b8:	e9cd 242b 	strd	r2, r4, [sp, #172]	; 0xac
7e1d79bc:	bfd8      	it	le
7e1d79be:	f109 0908 	addle.w	r9, r9, #8
7e1d79c2:	f77f ad27 	ble.w	7e1d7414 <_svfprintf_r+0x350>
7e1d79c6:	aa2a      	add	r2, sp, #168	; 0xa8
7e1d79c8:	e9dd 010a 	ldrd	r0, r1, [sp, #40]	; 0x28
7e1d79cc:	f003 fb56 	bl	7e1db07c <__ssprint_r>
7e1d79d0:	2800      	cmp	r0, #0
7e1d79d2:	f47f ac8f 	bne.w	7e1d72f4 <_svfprintf_r+0x230>
7e1d79d6:	eba8 0507 	sub.w	r5, r8, r7
7e1d79da:	9c2c      	ldr	r4, [sp, #176]	; 0xb0
7e1d79dc:	2d00      	cmp	r5, #0
7e1d79de:	f10d 09b4 	add.w	r9, sp, #180	; 0xb4
7e1d79e2:	f77f ad1c 	ble.w	7e1d741e <_svfprintf_r+0x35a>
7e1d79e6:	2d10      	cmp	r5, #16
7e1d79e8:	f64a 3364 	movw	r3, #43876	; 0xab64
7e1d79ec:	9a2b      	ldr	r2, [sp, #172]	; 0xac
7e1d79ee:	f2c8 032d 	movt	r3, #32813	; 0x802d
7e1d79f2:	dd28      	ble.n	7e1d7a46 <_svfprintf_r+0x982>
7e1d79f4:	e9cd 670f 	strd	r6, r7, [sp, #60]	; 0x3c
7e1d79f8:	4621      	mov	r1, r4
7e1d79fa:	f04f 0810 	mov.w	r8, #16
7e1d79fe:	e9dd 640a 	ldrd	r6, r4, [sp, #40]	; 0x28
7e1d7a02:	461f      	mov	r7, r3
7e1d7a04:	e002      	b.n	7e1d7a0c <_svfprintf_r+0x948>
7e1d7a06:	3d10      	subs	r5, #16
7e1d7a08:	2d10      	cmp	r5, #16
7e1d7a0a:	dd18      	ble.n	7e1d7a3e <_svfprintf_r+0x97a>
7e1d7a0c:	3201      	adds	r2, #1
7e1d7a0e:	3110      	adds	r1, #16
7e1d7a10:	2a07      	cmp	r2, #7
7e1d7a12:	e9c9 7800 	strd	r7, r8, [r9]
7e1d7a16:	e9cd 212b 	strd	r2, r1, [sp, #172]	; 0xac
7e1d7a1a:	f109 0908 	add.w	r9, r9, #8
7e1d7a1e:	ddf2      	ble.n	7e1d7a06 <_svfprintf_r+0x942>
7e1d7a20:	aa2a      	add	r2, sp, #168	; 0xa8
7e1d7a22:	4621      	mov	r1, r4
7e1d7a24:	4630      	mov	r0, r6
7e1d7a26:	f10d 09b4 	add.w	r9, sp, #180	; 0xb4
7e1d7a2a:	f003 fb27 	bl	7e1db07c <__ssprint_r>
7e1d7a2e:	2800      	cmp	r0, #0
7e1d7a30:	f47f ac60 	bne.w	7e1d72f4 <_svfprintf_r+0x230>
7e1d7a34:	3d10      	subs	r5, #16
7e1d7a36:	e9dd 212b 	ldrd	r2, r1, [sp, #172]	; 0xac
7e1d7a3a:	2d10      	cmp	r5, #16
7e1d7a3c:	dce6      	bgt.n	7e1d7a0c <_svfprintf_r+0x948>
7e1d7a3e:	463b      	mov	r3, r7
7e1d7a40:	9e0f      	ldr	r6, [sp, #60]	; 0x3c
7e1d7a42:	9f10      	ldr	r7, [sp, #64]	; 0x40
7e1d7a44:	460c      	mov	r4, r1
7e1d7a46:	3201      	adds	r2, #1
7e1d7a48:	442c      	add	r4, r5
7e1d7a4a:	2a07      	cmp	r2, #7
7e1d7a4c:	e9c9 3500 	strd	r3, r5, [r9]
7e1d7a50:	e9cd 242b 	strd	r2, r4, [sp, #172]	; 0xac
7e1d7a54:	bfd8      	it	le
7e1d7a56:	f109 0908 	addle.w	r9, r9, #8
7e1d7a5a:	f77f ace0 	ble.w	7e1d741e <_svfprintf_r+0x35a>
7e1d7a5e:	aa2a      	add	r2, sp, #168	; 0xa8
7e1d7a60:	e9dd 010a 	ldrd	r0, r1, [sp, #40]	; 0x28
7e1d7a64:	f003 fb0a 	bl	7e1db07c <__ssprint_r>
7e1d7a68:	2800      	cmp	r0, #0
7e1d7a6a:	f47f ac43 	bne.w	7e1d72f4 <_svfprintf_r+0x230>
7e1d7a6e:	9c2c      	ldr	r4, [sp, #176]	; 0xb0
7e1d7a70:	f10d 09b4 	add.w	r9, sp, #180	; 0xb4
7e1d7a74:	e4d3      	b.n	7e1d741e <_svfprintf_r+0x35a>
7e1d7a76:	4657      	mov	r7, sl
7e1d7a78:	2b01      	cmp	r3, #1
7e1d7a7a:	f000 817f 	beq.w	7e1d7d7c <_svfprintf_r+0xcb8>
7e1d7a7e:	2b02      	cmp	r3, #2
7e1d7a80:	bf18      	it	ne
7e1d7a82:	a956      	addne	r1, sp, #344	; 0x158
7e1d7a84:	d117      	bne.n	7e1d7ab6 <_svfprintf_r+0x9f2>
7e1d7a86:	f8dd c064 	ldr.w	ip, [sp, #100]	; 0x64
7e1d7a8a:	aa56      	add	r2, sp, #344	; 0x158
7e1d7a8c:	f004 010f 	and.w	r1, r4, #15
7e1d7a90:	0923      	lsrs	r3, r4, #4
7e1d7a92:	ea43 7305 	orr.w	r3, r3, r5, lsl #28
7e1d7a96:	0928      	lsrs	r0, r5, #4
7e1d7a98:	f81c 1001 	ldrb.w	r1, [ip, r1]
7e1d7a9c:	461c      	mov	r4, r3
7e1d7a9e:	4605      	mov	r5, r0
7e1d7aa0:	ea54 0305 	orrs.w	r3, r4, r5
7e1d7aa4:	f802 1d01 	strb.w	r1, [r2, #-1]!
7e1d7aa8:	d1f0      	bne.n	7e1d7a8c <_svfprintf_r+0x9c8>
7e1d7aaa:	ab56      	add	r3, sp, #344	; 0x158
7e1d7aac:	46ba      	mov	sl, r7
7e1d7aae:	920e      	str	r2, [sp, #56]	; 0x38
7e1d7ab0:	1a9f      	subs	r7, r3, r2
7e1d7ab2:	e463      	b.n	7e1d737c <_svfprintf_r+0x2b8>
7e1d7ab4:	4611      	mov	r1, r2
7e1d7ab6:	08e2      	lsrs	r2, r4, #3
7e1d7ab8:	08e8      	lsrs	r0, r5, #3
7e1d7aba:	ea42 7245 	orr.w	r2, r2, r5, lsl #29
7e1d7abe:	f004 0307 	and.w	r3, r4, #7
7e1d7ac2:	4605      	mov	r5, r0
7e1d7ac4:	3330      	adds	r3, #48	; 0x30
7e1d7ac6:	4614      	mov	r4, r2
7e1d7ac8:	ea54 0005 	orrs.w	r0, r4, r5
7e1d7acc:	f801 3c01 	strb.w	r3, [r1, #-1]
7e1d7ad0:	f101 32ff 	add.w	r2, r1, #4294967295
7e1d7ad4:	d1ee      	bne.n	7e1d7ab4 <_svfprintf_r+0x9f0>
7e1d7ad6:	2b30      	cmp	r3, #48	; 0x30
7e1d7ad8:	bf0c      	ite	eq
7e1d7ada:	2300      	moveq	r3, #0
7e1d7adc:	f007 0301 	andne.w	r3, r7, #1
7e1d7ae0:	920e      	str	r2, [sp, #56]	; 0x38
7e1d7ae2:	2b00      	cmp	r3, #0
7e1d7ae4:	f040 841c 	bne.w	7e1d8320 <_svfprintf_r+0x125c>
7e1d7ae8:	ab56      	add	r3, sp, #344	; 0x158
7e1d7aea:	46ba      	mov	sl, r7
7e1d7aec:	1a9f      	subs	r7, r3, r2
7e1d7aee:	e445      	b.n	7e1d737c <_svfprintf_r+0x2b8>
7e1d7af0:	9a15      	ldr	r2, [sp, #84]	; 0x54
7e1d7af2:	3401      	adds	r4, #1
7e1d7af4:	9b2b      	ldr	r3, [sp, #172]	; 0xac
7e1d7af6:	f109 0508 	add.w	r5, r9, #8
7e1d7afa:	2a01      	cmp	r2, #1
7e1d7afc:	f103 0601 	add.w	r6, r3, #1
7e1d7b00:	f340 814b 	ble.w	7e1d7d9a <_svfprintf_r+0xcd6>
7e1d7b04:	9b0e      	ldr	r3, [sp, #56]	; 0x38
7e1d7b06:	2e07      	cmp	r6, #7
7e1d7b08:	e9cd 642b 	strd	r6, r4, [sp, #172]	; 0xac
7e1d7b0c:	f8c9 3000 	str.w	r3, [r9]
7e1d7b10:	f04f 0301 	mov.w	r3, #1
7e1d7b14:	f8c9 3004 	str.w	r3, [r9, #4]
7e1d7b18:	f300 8199 	bgt.w	7e1d7e4e <_svfprintf_r+0xd8a>
7e1d7b1c:	3601      	adds	r6, #1
7e1d7b1e:	9b1a      	ldr	r3, [sp, #104]	; 0x68
7e1d7b20:	9a1b      	ldr	r2, [sp, #108]	; 0x6c
7e1d7b22:	2e07      	cmp	r6, #7
7e1d7b24:	441c      	add	r4, r3
7e1d7b26:	e9cd 642b 	strd	r6, r4, [sp, #172]	; 0xac
7e1d7b2a:	e9c5 2300 	strd	r2, r3, [r5]
7e1d7b2e:	bfd8      	it	le
7e1d7b30:	3508      	addle	r5, #8
7e1d7b32:	f300 8180 	bgt.w	7e1d7e36 <_svfprintf_r+0xd72>
7e1d7b36:	1c73      	adds	r3, r6, #1
7e1d7b38:	2200      	movs	r2, #0
7e1d7b3a:	930f      	str	r3, [sp, #60]	; 0x3c
7e1d7b3c:	f105 0908 	add.w	r9, r5, #8
7e1d7b40:	461f      	mov	r7, r3
7e1d7b42:	e9dd 0116 	ldrd	r0, r1, [sp, #88]	; 0x58
7e1d7b46:	46b8      	mov	r8, r7
7e1d7b48:	9f15      	ldr	r7, [sp, #84]	; 0x54
7e1d7b4a:	2300      	movs	r3, #0
7e1d7b4c:	3f01      	subs	r7, #1
7e1d7b4e:	f003 ff73 	bl	7e1dba38 <__aeabi_dcmpeq>
7e1d7b52:	2800      	cmp	r0, #0
7e1d7b54:	f040 8136 	bne.w	7e1d7dc4 <_svfprintf_r+0xd00>
7e1d7b58:	9b0e      	ldr	r3, [sp, #56]	; 0x38
7e1d7b5a:	f1b8 0f07 	cmp.w	r8, #7
7e1d7b5e:	443c      	add	r4, r7
7e1d7b60:	606f      	str	r7, [r5, #4]
7e1d7b62:	f103 0301 	add.w	r3, r3, #1
7e1d7b66:	942c      	str	r4, [sp, #176]	; 0xb0
7e1d7b68:	602b      	str	r3, [r5, #0]
7e1d7b6a:	f8cd 80ac 	str.w	r8, [sp, #172]	; 0xac
7e1d7b6e:	f300 832e 	bgt.w	7e1d81ce <_svfprintf_r+0x110a>
7e1d7b72:	f105 0310 	add.w	r3, r5, #16
7e1d7b76:	f106 0802 	add.w	r8, r6, #2
7e1d7b7a:	464d      	mov	r5, r9
7e1d7b7c:	4699      	mov	r9, r3
7e1d7b7e:	9b1c      	ldr	r3, [sp, #112]	; 0x70
7e1d7b80:	f1b8 0f07 	cmp.w	r8, #7
7e1d7b84:	f8cd 80ac 	str.w	r8, [sp, #172]	; 0xac
7e1d7b88:	441c      	add	r4, r3
7e1d7b8a:	942c      	str	r4, [sp, #176]	; 0xb0
7e1d7b8c:	606b      	str	r3, [r5, #4]
7e1d7b8e:	ab26      	add	r3, sp, #152	; 0x98
7e1d7b90:	602b      	str	r3, [r5, #0]
7e1d7b92:	f77f ac57 	ble.w	7e1d7444 <_svfprintf_r+0x380>
7e1d7b96:	aa2a      	add	r2, sp, #168	; 0xa8
7e1d7b98:	e9dd 010a 	ldrd	r0, r1, [sp, #40]	; 0x28
7e1d7b9c:	f003 fa6e 	bl	7e1db07c <__ssprint_r>
7e1d7ba0:	2800      	cmp	r0, #0
7e1d7ba2:	f47f aba7 	bne.w	7e1d72f4 <_svfprintf_r+0x230>
7e1d7ba6:	9c2c      	ldr	r4, [sp, #176]	; 0xb0
7e1d7ba8:	f10d 09b4 	add.w	r9, sp, #180	; 0xb4
7e1d7bac:	e44a      	b.n	7e1d7444 <_svfprintf_r+0x380>
7e1d7bae:	aa2a      	add	r2, sp, #168	; 0xa8
7e1d7bb0:	e9dd 010a 	ldrd	r0, r1, [sp, #40]	; 0x28
7e1d7bb4:	f003 fa62 	bl	7e1db07c <__ssprint_r>
7e1d7bb8:	2800      	cmp	r0, #0
7e1d7bba:	f47f ab9b 	bne.w	7e1d72f4 <_svfprintf_r+0x230>
7e1d7bbe:	9c2c      	ldr	r4, [sp, #176]	; 0xb0
7e1d7bc0:	f10d 09b4 	add.w	r9, sp, #180	; 0xb4
7e1d7bc4:	e40f      	b.n	7e1d73e6 <_svfprintf_r+0x322>
7e1d7bc6:	aa2a      	add	r2, sp, #168	; 0xa8
7e1d7bc8:	e9dd 010a 	ldrd	r0, r1, [sp, #40]	; 0x28
7e1d7bcc:	f003 fa56 	bl	7e1db07c <__ssprint_r>
7e1d7bd0:	2800      	cmp	r0, #0
7e1d7bd2:	f47f ab8f 	bne.w	7e1d72f4 <_svfprintf_r+0x230>
7e1d7bd6:	9c2c      	ldr	r4, [sp, #176]	; 0xb0
7e1d7bd8:	f10d 09b4 	add.w	r9, sp, #180	; 0xb4
7e1d7bdc:	e416      	b.n	7e1d740c <_svfprintf_r+0x348>
7e1d7bde:	2d10      	cmp	r5, #16
7e1d7be0:	9b2b      	ldr	r3, [sp, #172]	; 0xac
7e1d7be2:	dd20      	ble.n	7e1d7c26 <_svfprintf_r+0xb62>
7e1d7be4:	2610      	movs	r6, #16
7e1d7be6:	e9dd a80a 	ldrd	sl, r8, [sp, #40]	; 0x28
7e1d7bea:	9f18      	ldr	r7, [sp, #96]	; 0x60
7e1d7bec:	e002      	b.n	7e1d7bf4 <_svfprintf_r+0xb30>
7e1d7bee:	3d10      	subs	r5, #16
7e1d7bf0:	2d10      	cmp	r5, #16
7e1d7bf2:	dd18      	ble.n	7e1d7c26 <_svfprintf_r+0xb62>
7e1d7bf4:	3301      	adds	r3, #1
7e1d7bf6:	3410      	adds	r4, #16
7e1d7bf8:	2b07      	cmp	r3, #7
7e1d7bfa:	e9c9 7600 	strd	r7, r6, [r9]
7e1d7bfe:	e9cd 342b 	strd	r3, r4, [sp, #172]	; 0xac
7e1d7c02:	f109 0908 	add.w	r9, r9, #8
7e1d7c06:	ddf2      	ble.n	7e1d7bee <_svfprintf_r+0xb2a>
7e1d7c08:	aa2a      	add	r2, sp, #168	; 0xa8
7e1d7c0a:	4641      	mov	r1, r8
7e1d7c0c:	4650      	mov	r0, sl
7e1d7c0e:	f10d 09b4 	add.w	r9, sp, #180	; 0xb4
7e1d7c12:	f003 fa33 	bl	7e1db07c <__ssprint_r>
7e1d7c16:	2800      	cmp	r0, #0
7e1d7c18:	f47f ab6c 	bne.w	7e1d72f4 <_svfprintf_r+0x230>
7e1d7c1c:	3d10      	subs	r5, #16
7e1d7c1e:	e9dd 342b 	ldrd	r3, r4, [sp, #172]	; 0xac
7e1d7c22:	2d10      	cmp	r5, #16
7e1d7c24:	dce6      	bgt.n	7e1d7bf4 <_svfprintf_r+0xb30>
7e1d7c26:	3301      	adds	r3, #1
7e1d7c28:	9a18      	ldr	r2, [sp, #96]	; 0x60
7e1d7c2a:	2b07      	cmp	r3, #7
7e1d7c2c:	442c      	add	r4, r5
7e1d7c2e:	e9cd 342b 	strd	r3, r4, [sp, #172]	; 0xac
7e1d7c32:	e9c9 2500 	strd	r2, r5, [r9]
7e1d7c36:	f77f ac0e 	ble.w	7e1d7456 <_svfprintf_r+0x392>
7e1d7c3a:	aa2a      	add	r2, sp, #168	; 0xa8
7e1d7c3c:	e9dd 010a 	ldrd	r0, r1, [sp, #40]	; 0x28
7e1d7c40:	f003 fa1c 	bl	7e1db07c <__ssprint_r>
7e1d7c44:	2800      	cmp	r0, #0
7e1d7c46:	f47f ab55 	bne.w	7e1d72f4 <_svfprintf_r+0x230>
7e1d7c4a:	9c2c      	ldr	r4, [sp, #176]	; 0xb0
7e1d7c4c:	e403      	b.n	7e1d7456 <_svfprintf_r+0x392>
7e1d7c4e:	ab56      	add	r3, sp, #344	; 0x158
7e1d7c50:	4690      	mov	r8, r2
7e1d7c52:	930e      	str	r3, [sp, #56]	; 0x38
7e1d7c54:	4617      	mov	r7, r2
7e1d7c56:	f7ff bb91 	b.w	7e1d737c <_svfprintf_r+0x2b8>
7e1d7c5a:	9b24      	ldr	r3, [sp, #144]	; 0x90
7e1d7c5c:	2b00      	cmp	r3, #0
7e1d7c5e:	f340 82f5 	ble.w	7e1d824c <_svfprintf_r+0x1188>
7e1d7c62:	9b13      	ldr	r3, [sp, #76]	; 0x4c
7e1d7c64:	9a15      	ldr	r2, [sp, #84]	; 0x54
7e1d7c66:	4293      	cmp	r3, r2
7e1d7c68:	bfa8      	it	ge
7e1d7c6a:	4613      	movge	r3, r2
7e1d7c6c:	2b00      	cmp	r3, #0
7e1d7c6e:	461d      	mov	r5, r3
7e1d7c70:	dd0f      	ble.n	7e1d7c92 <_svfprintf_r+0xbce>
7e1d7c72:	9b2b      	ldr	r3, [sp, #172]	; 0xac
7e1d7c74:	442c      	add	r4, r5
7e1d7c76:	9a0e      	ldr	r2, [sp, #56]	; 0x38
7e1d7c78:	3301      	adds	r3, #1
7e1d7c7a:	f8c9 5004 	str.w	r5, [r9, #4]
7e1d7c7e:	2b07      	cmp	r3, #7
7e1d7c80:	942c      	str	r4, [sp, #176]	; 0xb0
7e1d7c82:	f8c9 2000 	str.w	r2, [r9]
7e1d7c86:	bfd8      	it	le
7e1d7c88:	f109 0908 	addle.w	r9, r9, #8
7e1d7c8c:	932b      	str	r3, [sp, #172]	; 0xac
7e1d7c8e:	f300 84da 	bgt.w	7e1d8646 <_svfprintf_r+0x1582>
7e1d7c92:	9b13      	ldr	r3, [sp, #76]	; 0x4c
7e1d7c94:	2d00      	cmp	r5, #0
7e1d7c96:	bfa8      	it	ge
7e1d7c98:	1b5b      	subge	r3, r3, r5
7e1d7c9a:	2b00      	cmp	r3, #0
7e1d7c9c:	461d      	mov	r5, r3
7e1d7c9e:	f300 820c 	bgt.w	7e1d80ba <_svfprintf_r+0xff6>
7e1d7ca2:	9b13      	ldr	r3, [sp, #76]	; 0x4c
7e1d7ca4:	f41a 6f80 	tst.w	sl, #1024	; 0x400
7e1d7ca8:	9a0e      	ldr	r2, [sp, #56]	; 0x38
7e1d7caa:	4413      	add	r3, r2
7e1d7cac:	4698      	mov	r8, r3
7e1d7cae:	f040 822e 	bne.w	7e1d810e <_svfprintf_r+0x104a>
7e1d7cb2:	9b24      	ldr	r3, [sp, #144]	; 0x90
7e1d7cb4:	9a15      	ldr	r2, [sp, #84]	; 0x54
7e1d7cb6:	4293      	cmp	r3, r2
7e1d7cb8:	db03      	blt.n	7e1d7cc2 <_svfprintf_r+0xbfe>
7e1d7cba:	f01a 0f01 	tst.w	sl, #1
7e1d7cbe:	f000 84cf 	beq.w	7e1d8660 <_svfprintf_r+0x159c>
7e1d7cc2:	9a2b      	ldr	r2, [sp, #172]	; 0xac
7e1d7cc4:	991a      	ldr	r1, [sp, #104]	; 0x68
7e1d7cc6:	3201      	adds	r2, #1
7e1d7cc8:	981b      	ldr	r0, [sp, #108]	; 0x6c
7e1d7cca:	2a07      	cmp	r2, #7
7e1d7ccc:	440c      	add	r4, r1
7e1d7cce:	f8c9 1004 	str.w	r1, [r9, #4]
7e1d7cd2:	f8c9 0000 	str.w	r0, [r9]
7e1d7cd6:	bfd8      	it	le
7e1d7cd8:	f109 0908 	addle.w	r9, r9, #8
7e1d7cdc:	942c      	str	r4, [sp, #176]	; 0xb0
7e1d7cde:	922b      	str	r2, [sp, #172]	; 0xac
7e1d7ce0:	f300 859d 	bgt.w	7e1d881e <_svfprintf_r+0x175a>
7e1d7ce4:	9915      	ldr	r1, [sp, #84]	; 0x54
7e1d7ce6:	9a0e      	ldr	r2, [sp, #56]	; 0x38
7e1d7ce8:	1acb      	subs	r3, r1, r3
7e1d7cea:	440a      	add	r2, r1
7e1d7cec:	eba2 0508 	sub.w	r5, r2, r8
7e1d7cf0:	429d      	cmp	r5, r3
7e1d7cf2:	bfa8      	it	ge
7e1d7cf4:	461d      	movge	r5, r3
7e1d7cf6:	2d00      	cmp	r5, #0
7e1d7cf8:	dd0e      	ble.n	7e1d7d18 <_svfprintf_r+0xc54>
7e1d7cfa:	9a2b      	ldr	r2, [sp, #172]	; 0xac
7e1d7cfc:	442c      	add	r4, r5
7e1d7cfe:	f8c9 8000 	str.w	r8, [r9]
7e1d7d02:	3201      	adds	r2, #1
7e1d7d04:	f8c9 5004 	str.w	r5, [r9, #4]
7e1d7d08:	2a07      	cmp	r2, #7
7e1d7d0a:	942c      	str	r4, [sp, #176]	; 0xb0
7e1d7d0c:	922b      	str	r2, [sp, #172]	; 0xac
7e1d7d0e:	bfd8      	it	le
7e1d7d10:	f109 0908 	addle.w	r9, r9, #8
7e1d7d14:	f300 859d 	bgt.w	7e1d8852 <_svfprintf_r+0x178e>
7e1d7d18:	2d00      	cmp	r5, #0
7e1d7d1a:	bfac      	ite	ge
7e1d7d1c:	1b5d      	subge	r5, r3, r5
7e1d7d1e:	461d      	movlt	r5, r3
7e1d7d20:	2d00      	cmp	r5, #0
7e1d7d22:	f77f ab8f 	ble.w	7e1d7444 <_svfprintf_r+0x380>
7e1d7d26:	2d10      	cmp	r5, #16
7e1d7d28:	f64a 3364 	movw	r3, #43876	; 0xab64
7e1d7d2c:	9a2b      	ldr	r2, [sp, #172]	; 0xac
7e1d7d2e:	f2c8 032d 	movt	r3, #32813	; 0x802d
7e1d7d32:	f340 82eb 	ble.w	7e1d830c <_svfprintf_r+0x1248>
7e1d7d36:	4619      	mov	r1, r3
7e1d7d38:	2610      	movs	r6, #16
7e1d7d3a:	4623      	mov	r3, r4
7e1d7d3c:	e9dd 780a 	ldrd	r7, r8, [sp, #40]	; 0x28
7e1d7d40:	460c      	mov	r4, r1
7e1d7d42:	e003      	b.n	7e1d7d4c <_svfprintf_r+0xc88>
7e1d7d44:	3d10      	subs	r5, #16
7e1d7d46:	2d10      	cmp	r5, #16
7e1d7d48:	f340 82dd 	ble.w	7e1d8306 <_svfprintf_r+0x1242>
7e1d7d4c:	3201      	adds	r2, #1
7e1d7d4e:	3310      	adds	r3, #16
7e1d7d50:	2a07      	cmp	r2, #7
7e1d7d52:	e9c9 4600 	strd	r4, r6, [r9]
7e1d7d56:	e9cd 232b 	strd	r2, r3, [sp, #172]	; 0xac
7e1d7d5a:	f109 0908 	add.w	r9, r9, #8
7e1d7d5e:	ddf1      	ble.n	7e1d7d44 <_svfprintf_r+0xc80>
7e1d7d60:	aa2a      	add	r2, sp, #168	; 0xa8
7e1d7d62:	4641      	mov	r1, r8
7e1d7d64:	4638      	mov	r0, r7
7e1d7d66:	f10d 09b4 	add.w	r9, sp, #180	; 0xb4
7e1d7d6a:	f003 f987 	bl	7e1db07c <__ssprint_r>
7e1d7d6e:	2800      	cmp	r0, #0
7e1d7d70:	f47f aac0 	bne.w	7e1d72f4 <_svfprintf_r+0x230>
7e1d7d74:	e9dd 232b 	ldrd	r2, r3, [sp, #172]	; 0xac
7e1d7d78:	e7e4      	b.n	7e1d7d44 <_svfprintf_r+0xc80>
7e1d7d7a:	4657      	mov	r7, sl
7e1d7d7c:	2d00      	cmp	r5, #0
7e1d7d7e:	bf08      	it	eq
7e1d7d80:	2c0a      	cmpeq	r4, #10
7e1d7d82:	f080 82ea 	bcs.w	7e1d835a <_svfprintf_r+0x1296>
7e1d7d86:	3430      	adds	r4, #48	; 0x30
7e1d7d88:	46ba      	mov	sl, r7
7e1d7d8a:	f20d 1357 	addw	r3, sp, #343	; 0x157
7e1d7d8e:	f88d 4157 	strb.w	r4, [sp, #343]	; 0x157
7e1d7d92:	2701      	movs	r7, #1
7e1d7d94:	930e      	str	r3, [sp, #56]	; 0x38
7e1d7d96:	f7ff baf1 	b.w	7e1d737c <_svfprintf_r+0x2b8>
7e1d7d9a:	f01a 0f01 	tst.w	sl, #1
7e1d7d9e:	f47f aeb1 	bne.w	7e1d7b04 <_svfprintf_r+0xa40>
7e1d7da2:	9a0e      	ldr	r2, [sp, #56]	; 0x38
7e1d7da4:	2e07      	cmp	r6, #7
7e1d7da6:	e9cd 642b 	strd	r6, r4, [sp, #172]	; 0xac
7e1d7daa:	f8c9 2000 	str.w	r2, [r9]
7e1d7dae:	f04f 0201 	mov.w	r2, #1
7e1d7db2:	f8c9 2004 	str.w	r2, [r9, #4]
7e1d7db6:	f300 820a 	bgt.w	7e1d81ce <_svfprintf_r+0x110a>
7e1d7dba:	f103 0802 	add.w	r8, r3, #2
7e1d7dbe:	f109 0910 	add.w	r9, r9, #16
7e1d7dc2:	e6dc      	b.n	7e1d7b7e <_svfprintf_r+0xaba>
7e1d7dc4:	2f00      	cmp	r7, #0
7e1d7dc6:	f77f aeda 	ble.w	7e1d7b7e <_svfprintf_r+0xaba>
7e1d7dca:	2f10      	cmp	r7, #16
7e1d7dcc:	f64a 3364 	movw	r3, #43876	; 0xab64
7e1d7dd0:	f2c8 032d 	movt	r3, #32813	; 0x802d
7e1d7dd4:	f340 864f 	ble.w	7e1d8a76 <_svfprintf_r+0x19b2>
7e1d7dd8:	4622      	mov	r2, r4
7e1d7dda:	f04f 0810 	mov.w	r8, #16
7e1d7dde:	f8dd 9028 	ldr.w	r9, [sp, #40]	; 0x28
7e1d7de2:	461c      	mov	r4, r3
7e1d7de4:	990f      	ldr	r1, [sp, #60]	; 0x3c
7e1d7de6:	e004      	b.n	7e1d7df2 <_svfprintf_r+0xd2e>
7e1d7de8:	3f10      	subs	r7, #16
7e1d7dea:	1c71      	adds	r1, r6, #1
7e1d7dec:	2f10      	cmp	r7, #16
7e1d7dee:	f340 8325 	ble.w	7e1d843c <_svfprintf_r+0x1378>
7e1d7df2:	2907      	cmp	r1, #7
7e1d7df4:	f102 0210 	add.w	r2, r2, #16
7e1d7df8:	e9c5 4800 	strd	r4, r8, [r5]
7e1d7dfc:	460e      	mov	r6, r1
7e1d7dfe:	e9cd 122b 	strd	r1, r2, [sp, #172]	; 0xac
7e1d7e02:	f105 0508 	add.w	r5, r5, #8
7e1d7e06:	ddef      	ble.n	7e1d7de8 <_svfprintf_r+0xd24>
7e1d7e08:	aa2a      	add	r2, sp, #168	; 0xa8
7e1d7e0a:	990b      	ldr	r1, [sp, #44]	; 0x2c
7e1d7e0c:	4648      	mov	r0, r9
7e1d7e0e:	ad2d      	add	r5, sp, #180	; 0xb4
7e1d7e10:	f003 f934 	bl	7e1db07c <__ssprint_r>
7e1d7e14:	2800      	cmp	r0, #0
7e1d7e16:	f47f aa6d 	bne.w	7e1d72f4 <_svfprintf_r+0x230>
7e1d7e1a:	e9dd 622b 	ldrd	r6, r2, [sp, #172]	; 0xac
7e1d7e1e:	e7e3      	b.n	7e1d7de8 <_svfprintf_r+0xd24>
7e1d7e20:	4264      	negs	r4, r4
7e1d7e22:	f04f 032d 	mov.w	r3, #45	; 0x2d
7e1d7e26:	4657      	mov	r7, sl
7e1d7e28:	f88d 308b 	strb.w	r3, [sp, #139]	; 0x8b
7e1d7e2c:	eb65 0545 	sbc.w	r5, r5, r5, lsl #1
7e1d7e30:	2301      	movs	r3, #1
7e1d7e32:	f7ff ba81 	b.w	7e1d7338 <_svfprintf_r+0x274>
7e1d7e36:	aa2a      	add	r2, sp, #168	; 0xa8
7e1d7e38:	e9dd 010a 	ldrd	r0, r1, [sp, #40]	; 0x28
7e1d7e3c:	f003 f91e 	bl	7e1db07c <__ssprint_r>
7e1d7e40:	2800      	cmp	r0, #0
7e1d7e42:	f47f aa57 	bne.w	7e1d72f4 <_svfprintf_r+0x230>
7e1d7e46:	9c2c      	ldr	r4, [sp, #176]	; 0xb0
7e1d7e48:	ad2d      	add	r5, sp, #180	; 0xb4
7e1d7e4a:	9e2b      	ldr	r6, [sp, #172]	; 0xac
7e1d7e4c:	e673      	b.n	7e1d7b36 <_svfprintf_r+0xa72>
7e1d7e4e:	aa2a      	add	r2, sp, #168	; 0xa8
7e1d7e50:	e9dd 010a 	ldrd	r0, r1, [sp, #40]	; 0x28
7e1d7e54:	f003 f912 	bl	7e1db07c <__ssprint_r>
7e1d7e58:	2800      	cmp	r0, #0
7e1d7e5a:	f47f aa4b 	bne.w	7e1d72f4 <_svfprintf_r+0x230>
7e1d7e5e:	9c2c      	ldr	r4, [sp, #176]	; 0xb0
7e1d7e60:	ad2d      	add	r5, sp, #180	; 0xb4
7e1d7e62:	9e2b      	ldr	r6, [sp, #172]	; 0xac
7e1d7e64:	e65a      	b.n	7e1d7b1c <_svfprintf_r+0xa58>
7e1d7e66:	f01a 0f01 	tst.w	sl, #1
7e1d7e6a:	bf08      	it	eq
7e1d7e6c:	9c2c      	ldreq	r4, [sp, #176]	; 0xb0
7e1d7e6e:	f43f aae9 	beq.w	7e1d7444 <_svfprintf_r+0x380>
7e1d7e72:	e523      	b.n	7e1d78bc <_svfprintf_r+0x7f8>
7e1d7e74:	f41a 7f00 	tst.w	sl, #512	; 0x200
7e1d7e78:	f040 8414 	bne.w	7e1d86a4 <_svfprintf_r+0x15e0>
7e1d7e7c:	6814      	ldr	r4, [r2, #0]
7e1d7e7e:	2500      	movs	r5, #0
7e1d7e80:	930d      	str	r3, [sp, #52]	; 0x34
7e1d7e82:	f7ff b9f6 	b.w	7e1d7272 <_svfprintf_r+0x1ae>
7e1d7e86:	f41a 7f00 	tst.w	sl, #512	; 0x200
7e1d7e8a:	f040 83f8 	bne.w	7e1d867e <_svfprintf_r+0x15ba>
7e1d7e8e:	6814      	ldr	r4, [r2, #0]
7e1d7e90:	930d      	str	r3, [sp, #52]	; 0x34
7e1d7e92:	17e5      	asrs	r5, r4, #31
7e1d7e94:	4622      	mov	r2, r4
7e1d7e96:	462b      	mov	r3, r5
7e1d7e98:	f7ff b9ff 	b.w	7e1d729a <_svfprintf_r+0x1d6>
7e1d7e9c:	f41a 7f00 	tst.w	sl, #512	; 0x200
7e1d7ea0:	f040 83f5 	bne.w	7e1d868e <_svfprintf_r+0x15ca>
7e1d7ea4:	6814      	ldr	r4, [r2, #0]
7e1d7ea6:	2500      	movs	r5, #0
7e1d7ea8:	930d      	str	r3, [sp, #52]	; 0x34
7e1d7eaa:	ea54 0305 	orrs.w	r3, r4, r5
7e1d7eae:	f00a 0301 	and.w	r3, sl, #1
7e1d7eb2:	bf08      	it	eq
7e1d7eb4:	2300      	moveq	r3, #0
7e1d7eb6:	2b00      	cmp	r3, #0
7e1d7eb8:	f43f ab3e 	beq.w	7e1d7538 <_svfprintf_r+0x474>
7e1d7ebc:	2330      	movs	r3, #48	; 0x30
7e1d7ebe:	f04a 0a02 	orr.w	sl, sl, #2
7e1d7ec2:	f88d 608d 	strb.w	r6, [sp, #141]	; 0x8d
7e1d7ec6:	f88d 308c 	strb.w	r3, [sp, #140]	; 0x8c
7e1d7eca:	f7ff bb35 	b.w	7e1d7538 <_svfprintf_r+0x474>
7e1d7ece:	05b9      	lsls	r1, r7, #22
7e1d7ed0:	f100 83e2 	bmi.w	7e1d8698 <_svfprintf_r+0x15d4>
7e1d7ed4:	681c      	ldr	r4, [r3, #0]
7e1d7ed6:	2500      	movs	r5, #0
7e1d7ed8:	2301      	movs	r3, #1
7e1d7eda:	920d      	str	r2, [sp, #52]	; 0x34
7e1d7edc:	f7ff ba29 	b.w	7e1d7332 <_svfprintf_r+0x26e>
7e1d7ee0:	9a08      	ldr	r2, [sp, #32]
7e1d7ee2:	4610      	mov	r0, r2
7e1d7ee4:	17d1      	asrs	r1, r2, #31
7e1d7ee6:	e9c3 0100 	strd	r0, r1, [r3]
7e1d7eea:	f7ff b919 	b.w	7e1d7120 <_svfprintf_r+0x5c>
7e1d7eee:	e9dd 0116 	ldrd	r0, r1, [sp, #88]	; 0x58
7e1d7ef2:	4602      	mov	r2, r0
7e1d7ef4:	460b      	mov	r3, r1
7e1d7ef6:	f003 fdd1 	bl	7e1dba9c <__aeabi_dcmpun>
7e1d7efa:	2800      	cmp	r0, #0
7e1d7efc:	f040 857d 	bne.w	7e1d89fa <_svfprintf_r+0x1936>
7e1d7f00:	f026 0320 	bic.w	r3, r6, #32
7e1d7f04:	9307      	str	r3, [sp, #28]
7e1d7f06:	2b41      	cmp	r3, #65	; 0x41
7e1d7f08:	f040 82ae 	bne.w	7e1d8468 <_svfprintf_r+0x13a4>
7e1d7f0c:	2e61      	cmp	r6, #97	; 0x61
7e1d7f0e:	f04f 0230 	mov.w	r2, #48	; 0x30
7e1d7f12:	f88d 208c 	strb.w	r2, [sp, #140]	; 0x8c
7e1d7f16:	bf0c      	ite	eq
7e1d7f18:	2378      	moveq	r3, #120	; 0x78
7e1d7f1a:	2358      	movne	r3, #88	; 0x58
7e1d7f1c:	f1b8 0f63 	cmp.w	r8, #99	; 0x63
7e1d7f20:	f88d 308d 	strb.w	r3, [sp, #141]	; 0x8d
7e1d7f24:	bfde      	ittt	le
7e1d7f26:	900c      	strle	r0, [sp, #48]	; 0x30
7e1d7f28:	ab3d      	addle	r3, sp, #244	; 0xf4
7e1d7f2a:	930e      	strle	r3, [sp, #56]	; 0x38
7e1d7f2c:	f300 83c3 	bgt.w	7e1d86b6 <_svfprintf_r+0x15f2>
7e1d7f30:	e9dd 1216 	ldrd	r1, r2, [sp, #88]	; 0x58
7e1d7f34:	4613      	mov	r3, r2
7e1d7f36:	2b00      	cmp	r3, #0
7e1d7f38:	f280 83b9 	bge.w	7e1d86ae <_svfprintf_r+0x15ea>
7e1d7f3c:	e9dd 3416 	ldrd	r3, r4, [sp, #88]	; 0x58
7e1d7f40:	212d      	movs	r1, #45	; 0x2d
7e1d7f42:	910f      	str	r1, [sp, #60]	; 0x3c
7e1d7f44:	461a      	mov	r2, r3
7e1d7f46:	f104 4300 	add.w	r3, r4, #2147483648	; 0x80000000
7e1d7f4a:	4610      	mov	r0, r2
7e1d7f4c:	4619      	mov	r1, r3
7e1d7f4e:	aa24      	add	r2, sp, #144	; 0x90
7e1d7f50:	f003 f83a 	bl	7e1dafc8 <frexp>
7e1d7f54:	2200      	movs	r2, #0
7e1d7f56:	f04f 537f 	mov.w	r3, #1069547520	; 0x3fc00000
7e1d7f5a:	f003 fb05 	bl	7e1db568 <__aeabi_dmul>
7e1d7f5e:	2200      	movs	r2, #0
7e1d7f60:	2300      	movs	r3, #0
7e1d7f62:	e9cd 0110 	strd	r0, r1, [sp, #64]	; 0x40
7e1d7f66:	f003 fd67 	bl	7e1dba38 <__aeabi_dcmpeq>
7e1d7f6a:	b108      	cbz	r0, 7e1d7f70 <_svfprintf_r+0xeac>
7e1d7f6c:	2301      	movs	r3, #1
7e1d7f6e:	9324      	str	r3, [sp, #144]	; 0x90
7e1d7f70:	f64a 3220 	movw	r2, #43808	; 0xab20
7e1d7f74:	f64a 3334 	movw	r3, #43828	; 0xab34
7e1d7f78:	f2c8 022d 	movt	r2, #32813	; 0x802d
7e1d7f7c:	f2c8 032d 	movt	r3, #32813	; 0x802d
7e1d7f80:	2e61      	cmp	r6, #97	; 0x61
7e1d7f82:	bf18      	it	ne
7e1d7f84:	461a      	movne	r2, r3
7e1d7f86:	9212      	str	r2, [sp, #72]	; 0x48
7e1d7f88:	e9cd 6a13 	strd	r6, sl, [sp, #76]	; 0x4c
7e1d7f8c:	f108 37ff 	add.w	r7, r8, #4294967295
7e1d7f90:	4613      	mov	r3, r2
7e1d7f92:	9a0e      	ldr	r2, [sp, #56]	; 0x38
7e1d7f94:	f8cd 9054 	str.w	r9, [sp, #84]	; 0x54
7e1d7f98:	4699      	mov	r9, r3
7e1d7f9a:	f8cd b070 	str.w	fp, [sp, #112]	; 0x70
7e1d7f9e:	4616      	mov	r6, r2
7e1d7fa0:	e9dd ab10 	ldrd	sl, fp, [sp, #64]	; 0x40
7e1d7fa4:	e003      	b.n	7e1d7fae <_svfprintf_r+0xeea>
7e1d7fa6:	f003 fd47 	bl	7e1dba38 <__aeabi_dcmpeq>
7e1d7faa:	bb30      	cbnz	r0, 7e1d7ffa <_svfprintf_r+0xf36>
7e1d7fac:	4626      	mov	r6, r4
7e1d7fae:	2200      	movs	r2, #0
7e1d7fb0:	4650      	mov	r0, sl
7e1d7fb2:	4659      	mov	r1, fp
7e1d7fb4:	2300      	movs	r3, #0
7e1d7fb6:	f2c4 0330 	movt	r3, #16432	; 0x4030
7e1d7fba:	f003 fad5 	bl	7e1db568 <__aeabi_dmul>
7e1d7fbe:	460d      	mov	r5, r1
7e1d7fc0:	4604      	mov	r4, r0
7e1d7fc2:	f003 fd81 	bl	7e1dbac8 <__aeabi_d2iz>
7e1d7fc6:	4680      	mov	r8, r0
7e1d7fc8:	f003 fa64 	bl	7e1db494 <__aeabi_i2d>
7e1d7fcc:	4602      	mov	r2, r0
7e1d7fce:	460b      	mov	r3, r1
7e1d7fd0:	4620      	mov	r0, r4
7e1d7fd2:	4629      	mov	r1, r5
7e1d7fd4:	f003 f910 	bl	7e1db1f8 <__aeabi_dsub>
7e1d7fd8:	f819 c008 	ldrb.w	ip, [r9, r8]
7e1d7fdc:	f1b7 3fff 	cmp.w	r7, #4294967295
7e1d7fe0:	4634      	mov	r4, r6
7e1d7fe2:	463d      	mov	r5, r7
7e1d7fe4:	f04f 0200 	mov.w	r2, #0
7e1d7fe8:	f04f 0300 	mov.w	r3, #0
7e1d7fec:	f804 cb01 	strb.w	ip, [r4], #1
7e1d7ff0:	f107 37ff 	add.w	r7, r7, #4294967295
7e1d7ff4:	4682      	mov	sl, r0
7e1d7ff6:	468b      	mov	fp, r1
7e1d7ff8:	d1d5      	bne.n	7e1d7fa6 <_svfprintf_r+0xee2>
7e1d7ffa:	4650      	mov	r0, sl
7e1d7ffc:	4659      	mov	r1, fp
7e1d7ffe:	2300      	movs	r3, #0
7e1d8000:	2200      	movs	r2, #0
7e1d8002:	f6c3 73e0 	movt	r3, #16352	; 0x3fe0
7e1d8006:	4637      	mov	r7, r6
7e1d8008:	f8dd 9054 	ldr.w	r9, [sp, #84]	; 0x54
7e1d800c:	f8dd a050 	ldr.w	sl, [sp, #80]	; 0x50
7e1d8010:	9e13      	ldr	r6, [sp, #76]	; 0x4c
7e1d8012:	f8dd b070 	ldr.w	fp, [sp, #112]	; 0x70
7e1d8016:	e9cd 0110 	strd	r0, r1, [sp, #64]	; 0x40
7e1d801a:	f003 fd35 	bl	7e1dba88 <__aeabi_dcmpgt>
7e1d801e:	2800      	cmp	r0, #0
7e1d8020:	f040 84cf 	bne.w	7e1d89c2 <_svfprintf_r+0x18fe>
7e1d8024:	2300      	movs	r3, #0
7e1d8026:	e9dd 0110 	ldrd	r0, r1, [sp, #64]	; 0x40
7e1d802a:	2200      	movs	r2, #0
7e1d802c:	f6c3 73e0 	movt	r3, #16352	; 0x3fe0
7e1d8030:	f003 fd02 	bl	7e1dba38 <__aeabi_dcmpeq>
7e1d8034:	b118      	cbz	r0, 7e1d803e <_svfprintf_r+0xf7a>
7e1d8036:	f018 0f01 	tst.w	r8, #1
7e1d803a:	f040 84c2 	bne.w	7e1d89c2 <_svfprintf_r+0x18fe>
7e1d803e:	2d00      	cmp	r5, #0
7e1d8040:	bfa2      	ittt	ge
7e1d8042:	1c6b      	addge	r3, r5, #1
7e1d8044:	2230      	movge	r2, #48	; 0x30
7e1d8046:	191b      	addge	r3, r3, r4
7e1d8048:	db03      	blt.n	7e1d8052 <_svfprintf_r+0xf8e>
7e1d804a:	f804 2b01 	strb.w	r2, [r4], #1
7e1d804e:	42a3      	cmp	r3, r4
7e1d8050:	d1fb      	bne.n	7e1d804a <_svfprintf_r+0xf86>
7e1d8052:	9b0e      	ldr	r3, [sp, #56]	; 0x38
7e1d8054:	f04a 0a02 	orr.w	sl, sl, #2
7e1d8058:	1ae3      	subs	r3, r4, r3
7e1d805a:	9315      	str	r3, [sp, #84]	; 0x54
7e1d805c:	9b24      	ldr	r3, [sp, #144]	; 0x90
7e1d805e:	9313      	str	r3, [sp, #76]	; 0x4c
7e1d8060:	e260      	b.n	7e1d8524 <_svfprintf_r+0x1460>
7e1d8062:	aa2a      	add	r2, sp, #168	; 0xa8
7e1d8064:	e9dd 010a 	ldrd	r0, r1, [sp, #40]	; 0x28
7e1d8068:	f003 f808 	bl	7e1db07c <__ssprint_r>
7e1d806c:	2800      	cmp	r0, #0
7e1d806e:	f47f a941 	bne.w	7e1d72f4 <_svfprintf_r+0x230>
7e1d8072:	9c2c      	ldr	r4, [sp, #176]	; 0xb0
7e1d8074:	f10d 09b4 	add.w	r9, sp, #180	; 0xb4
7e1d8078:	e432      	b.n	7e1d78e0 <_svfprintf_r+0x81c>
7e1d807a:	2140      	movs	r1, #64	; 0x40
7e1d807c:	980a      	ldr	r0, [sp, #40]	; 0x28
7e1d807e:	f7fc fc73 	bl	7e1d4968 <_malloc_r>
7e1d8082:	9b0b      	ldr	r3, [sp, #44]	; 0x2c
7e1d8084:	6018      	str	r0, [r3, #0]
7e1d8086:	6118      	str	r0, [r3, #16]
7e1d8088:	2800      	cmp	r0, #0
7e1d808a:	f000 8524 	beq.w	7e1d8ad6 <_svfprintf_r+0x1a12>
7e1d808e:	9a0b      	ldr	r2, [sp, #44]	; 0x2c
7e1d8090:	2340      	movs	r3, #64	; 0x40
7e1d8092:	6153      	str	r3, [r2, #20]
7e1d8094:	f7ff b82d 	b.w	7e1d70f2 <_svfprintf_r+0x2e>
7e1d8098:	980e      	ldr	r0, [sp, #56]	; 0x38
7e1d809a:	46a8      	mov	r8, r5
7e1d809c:	f7fd fc64 	bl	7e1d5968 <strlen>
7e1d80a0:	940d      	str	r4, [sp, #52]	; 0x34
7e1d80a2:	950c      	str	r5, [sp, #48]	; 0x30
7e1d80a4:	9512      	str	r5, [sp, #72]	; 0x48
7e1d80a6:	e9cd 5513 	strd	r5, r5, [sp, #76]	; 0x4c
7e1d80aa:	f89d 208b 	ldrb.w	r2, [sp, #139]	; 0x8b
7e1d80ae:	ea20 73e0 	bic.w	r3, r0, r0, asr #31
7e1d80b2:	4607      	mov	r7, r0
7e1d80b4:	9307      	str	r3, [sp, #28]
7e1d80b6:	f7ff b96e 	b.w	7e1d7396 <_svfprintf_r+0x2d2>
7e1d80ba:	2d10      	cmp	r5, #16
7e1d80bc:	f64a 3364 	movw	r3, #43876	; 0xab64
7e1d80c0:	9a2b      	ldr	r2, [sp, #172]	; 0xac
7e1d80c2:	f2c8 032d 	movt	r3, #32813	; 0x802d
7e1d80c6:	f340 8298 	ble.w	7e1d85fa <_svfprintf_r+0x1536>
7e1d80ca:	4619      	mov	r1, r3
7e1d80cc:	2610      	movs	r6, #16
7e1d80ce:	4623      	mov	r3, r4
7e1d80d0:	e9dd 780a 	ldrd	r7, r8, [sp, #40]	; 0x28
7e1d80d4:	460c      	mov	r4, r1
7e1d80d6:	e003      	b.n	7e1d80e0 <_svfprintf_r+0x101c>
7e1d80d8:	3d10      	subs	r5, #16
7e1d80da:	2d10      	cmp	r5, #16
7e1d80dc:	f340 828a 	ble.w	7e1d85f4 <_svfprintf_r+0x1530>
7e1d80e0:	3201      	adds	r2, #1
7e1d80e2:	3310      	adds	r3, #16
7e1d80e4:	2a07      	cmp	r2, #7
7e1d80e6:	e9c9 4600 	strd	r4, r6, [r9]
7e1d80ea:	e9cd 232b 	strd	r2, r3, [sp, #172]	; 0xac
7e1d80ee:	f109 0908 	add.w	r9, r9, #8
7e1d80f2:	ddf1      	ble.n	7e1d80d8 <_svfprintf_r+0x1014>
7e1d80f4:	aa2a      	add	r2, sp, #168	; 0xa8
7e1d80f6:	4641      	mov	r1, r8
7e1d80f8:	4638      	mov	r0, r7
7e1d80fa:	f10d 09b4 	add.w	r9, sp, #180	; 0xb4
7e1d80fe:	f002 ffbd 	bl	7e1db07c <__ssprint_r>
7e1d8102:	2800      	cmp	r0, #0
7e1d8104:	f47f a8f6 	bne.w	7e1d72f4 <_svfprintf_r+0x230>
7e1d8108:	e9dd 232b 	ldrd	r2, r3, [sp, #172]	; 0xac
7e1d810c:	e7e4      	b.n	7e1d80d8 <_svfprintf_r+0x1014>
7e1d810e:	9b14      	ldr	r3, [sp, #80]	; 0x50
7e1d8110:	9a12      	ldr	r2, [sp, #72]	; 0x48
7e1d8112:	2a00      	cmp	r2, #0
7e1d8114:	bfd8      	it	le
7e1d8116:	2b00      	cmple	r3, #0
7e1d8118:	f340 84d8 	ble.w	7e1d8acc <_svfprintf_r+0x1a08>
7e1d811c:	9a15      	ldr	r2, [sp, #84]	; 0x54
7e1d811e:	f64a 3664 	movw	r6, #43876	; 0xab64
7e1d8122:	9b0e      	ldr	r3, [sp, #56]	; 0x38
7e1d8124:	f2c8 062d 	movt	r6, #32813	; 0x802d
7e1d8128:	f8cd a04c 	str.w	sl, [sp, #76]	; 0x4c
7e1d812c:	4413      	add	r3, r2
7e1d812e:	f8cd b080 	str.w	fp, [sp, #128]	; 0x80
7e1d8132:	4622      	mov	r2, r4
7e1d8134:	9310      	str	r3, [sp, #64]	; 0x40
7e1d8136:	4644      	mov	r4, r8
7e1d8138:	f8dd a028 	ldr.w	sl, [sp, #40]	; 0x28
7e1d813c:	f8dd 807c 	ldr.w	r8, [sp, #124]	; 0x7c
7e1d8140:	f8dd b02c 	ldr.w	fp, [sp, #44]	; 0x2c
7e1d8144:	e03a      	b.n	7e1d81bc <_svfprintf_r+0x10f8>
7e1d8146:	3b01      	subs	r3, #1
7e1d8148:	9312      	str	r3, [sp, #72]	; 0x48
7e1d814a:	992b      	ldr	r1, [sp, #172]	; 0xac
7e1d814c:	9b1d      	ldr	r3, [sp, #116]	; 0x74
7e1d814e:	3101      	adds	r1, #1
7e1d8150:	981e      	ldr	r0, [sp, #120]	; 0x78
7e1d8152:	2907      	cmp	r1, #7
7e1d8154:	441a      	add	r2, r3
7e1d8156:	f8c9 3004 	str.w	r3, [r9, #4]
7e1d815a:	f8c9 0000 	str.w	r0, [r9]
7e1d815e:	bfd8      	it	le
7e1d8160:	f109 0908 	addle.w	r9, r9, #8
7e1d8164:	922c      	str	r2, [sp, #176]	; 0xb0
7e1d8166:	912b      	str	r1, [sp, #172]	; 0xac
7e1d8168:	f300 80b5 	bgt.w	7e1d82d6 <_svfprintf_r+0x1212>
7e1d816c:	9b10      	ldr	r3, [sp, #64]	; 0x40
7e1d816e:	f898 1000 	ldrb.w	r1, [r8]
7e1d8172:	1b1d      	subs	r5, r3, r4
7e1d8174:	428d      	cmp	r5, r1
7e1d8176:	930f      	str	r3, [sp, #60]	; 0x3c
7e1d8178:	bfa8      	it	ge
7e1d817a:	460d      	movge	r5, r1
7e1d817c:	2d00      	cmp	r5, #0
7e1d817e:	dd0f      	ble.n	7e1d81a0 <_svfprintf_r+0x10dc>
7e1d8180:	992b      	ldr	r1, [sp, #172]	; 0xac
7e1d8182:	442a      	add	r2, r5
7e1d8184:	f8c9 4000 	str.w	r4, [r9]
7e1d8188:	3101      	adds	r1, #1
7e1d818a:	922c      	str	r2, [sp, #176]	; 0xb0
7e1d818c:	2907      	cmp	r1, #7
7e1d818e:	f8c9 5004 	str.w	r5, [r9, #4]
7e1d8192:	912b      	str	r1, [sp, #172]	; 0xac
7e1d8194:	f300 80cf 	bgt.w	7e1d8336 <_svfprintf_r+0x1272>
7e1d8198:	f898 1000 	ldrb.w	r1, [r8]
7e1d819c:	f109 0908 	add.w	r9, r9, #8
7e1d81a0:	2d00      	cmp	r5, #0
7e1d81a2:	bfac      	ite	ge
7e1d81a4:	1b4d      	subge	r5, r1, r5
7e1d81a6:	460d      	movlt	r5, r1
7e1d81a8:	2d00      	cmp	r5, #0
7e1d81aa:	dc20      	bgt.n	7e1d81ee <_svfprintf_r+0x112a>
7e1d81ac:	440c      	add	r4, r1
7e1d81ae:	9b14      	ldr	r3, [sp, #80]	; 0x50
7e1d81b0:	9912      	ldr	r1, [sp, #72]	; 0x48
7e1d81b2:	2900      	cmp	r1, #0
7e1d81b4:	bfd8      	it	le
7e1d81b6:	2b00      	cmple	r3, #0
7e1d81b8:	f340 844f 	ble.w	7e1d8a5a <_svfprintf_r+0x1996>
7e1d81bc:	9b12      	ldr	r3, [sp, #72]	; 0x48
7e1d81be:	2b00      	cmp	r3, #0
7e1d81c0:	d1c1      	bne.n	7e1d8146 <_svfprintf_r+0x1082>
7e1d81c2:	9b14      	ldr	r3, [sp, #80]	; 0x50
7e1d81c4:	f108 38ff 	add.w	r8, r8, #4294967295
7e1d81c8:	3b01      	subs	r3, #1
7e1d81ca:	9314      	str	r3, [sp, #80]	; 0x50
7e1d81cc:	e7bd      	b.n	7e1d814a <_svfprintf_r+0x1086>
7e1d81ce:	aa2a      	add	r2, sp, #168	; 0xa8
7e1d81d0:	e9dd 010a 	ldrd	r0, r1, [sp, #40]	; 0x28
7e1d81d4:	f002 ff52 	bl	7e1db07c <__ssprint_r>
7e1d81d8:	2800      	cmp	r0, #0
7e1d81da:	f47f a88b 	bne.w	7e1d72f4 <_svfprintf_r+0x230>
7e1d81de:	9b2b      	ldr	r3, [sp, #172]	; 0xac
7e1d81e0:	f10d 09bc 	add.w	r9, sp, #188	; 0xbc
7e1d81e4:	9c2c      	ldr	r4, [sp, #176]	; 0xb0
7e1d81e6:	ad2d      	add	r5, sp, #180	; 0xb4
7e1d81e8:	f103 0801 	add.w	r8, r3, #1
7e1d81ec:	e4c7      	b.n	7e1d7b7e <_svfprintf_r+0xaba>
7e1d81ee:	2d10      	cmp	r5, #16
7e1d81f0:	992b      	ldr	r1, [sp, #172]	; 0xac
7e1d81f2:	dd1d      	ble.n	7e1d8230 <_svfprintf_r+0x116c>
7e1d81f4:	2710      	movs	r7, #16
7e1d81f6:	e002      	b.n	7e1d81fe <_svfprintf_r+0x113a>
7e1d81f8:	3d10      	subs	r5, #16
7e1d81fa:	2d10      	cmp	r5, #16
7e1d81fc:	dd18      	ble.n	7e1d8230 <_svfprintf_r+0x116c>
7e1d81fe:	3101      	adds	r1, #1
7e1d8200:	3210      	adds	r2, #16
7e1d8202:	2907      	cmp	r1, #7
7e1d8204:	e9c9 6700 	strd	r6, r7, [r9]
7e1d8208:	e9cd 122b 	strd	r1, r2, [sp, #172]	; 0xac
7e1d820c:	f109 0908 	add.w	r9, r9, #8
7e1d8210:	ddf2      	ble.n	7e1d81f8 <_svfprintf_r+0x1134>
7e1d8212:	aa2a      	add	r2, sp, #168	; 0xa8
7e1d8214:	4659      	mov	r1, fp
7e1d8216:	4650      	mov	r0, sl
7e1d8218:	f10d 09b4 	add.w	r9, sp, #180	; 0xb4
7e1d821c:	f002 ff2e 	bl	7e1db07c <__ssprint_r>
7e1d8220:	2800      	cmp	r0, #0
7e1d8222:	f47f a867 	bne.w	7e1d72f4 <_svfprintf_r+0x230>
7e1d8226:	3d10      	subs	r5, #16
7e1d8228:	e9dd 122b 	ldrd	r1, r2, [sp, #172]	; 0xac
7e1d822c:	2d10      	cmp	r5, #16
7e1d822e:	dce6      	bgt.n	7e1d81fe <_svfprintf_r+0x113a>
7e1d8230:	3101      	adds	r1, #1
7e1d8232:	442a      	add	r2, r5
7e1d8234:	2907      	cmp	r1, #7
7e1d8236:	e9cd 122b 	strd	r1, r2, [sp, #172]	; 0xac
7e1d823a:	e9c9 6500 	strd	r6, r5, [r9]
7e1d823e:	f300 82e0 	bgt.w	7e1d8802 <_svfprintf_r+0x173e>
7e1d8242:	f109 0908 	add.w	r9, r9, #8
7e1d8246:	f898 1000 	ldrb.w	r1, [r8]
7e1d824a:	e7af      	b.n	7e1d81ac <_svfprintf_r+0x10e8>
7e1d824c:	9a2b      	ldr	r2, [sp, #172]	; 0xac
7e1d824e:	3401      	adds	r4, #1
7e1d8250:	f64a 3150 	movw	r1, #43856	; 0xab50
7e1d8254:	2001      	movs	r0, #1
7e1d8256:	3201      	adds	r2, #1
7e1d8258:	f2c8 012d 	movt	r1, #32813	; 0x802d
7e1d825c:	2a07      	cmp	r2, #7
7e1d825e:	e9c9 1000 	strd	r1, r0, [r9]
7e1d8262:	942c      	str	r4, [sp, #176]	; 0xb0
7e1d8264:	bfd8      	it	le
7e1d8266:	f109 0908 	addle.w	r9, r9, #8
7e1d826a:	922b      	str	r2, [sp, #172]	; 0xac
7e1d826c:	f300 81de 	bgt.w	7e1d862c <_svfprintf_r+0x1568>
7e1d8270:	9a15      	ldr	r2, [sp, #84]	; 0x54
7e1d8272:	431a      	orrs	r2, r3
7e1d8274:	f000 82b1 	beq.w	7e1d87da <_svfprintf_r+0x1716>
7e1d8278:	9a2b      	ldr	r2, [sp, #172]	; 0xac
7e1d827a:	991a      	ldr	r1, [sp, #104]	; 0x68
7e1d827c:	3201      	adds	r2, #1
7e1d827e:	981b      	ldr	r0, [sp, #108]	; 0x6c
7e1d8280:	2a07      	cmp	r2, #7
7e1d8282:	440c      	add	r4, r1
7e1d8284:	f8c9 1004 	str.w	r1, [r9, #4]
7e1d8288:	f8c9 0000 	str.w	r0, [r9]
7e1d828c:	bfd8      	it	le
7e1d828e:	f109 0908 	addle.w	r9, r9, #8
7e1d8292:	942c      	str	r4, [sp, #176]	; 0xb0
7e1d8294:	922b      	str	r2, [sp, #172]	; 0xac
7e1d8296:	f300 8292 	bgt.w	7e1d87be <_svfprintf_r+0x16fa>
7e1d829a:	2b00      	cmp	r3, #0
7e1d829c:	f2c0 830d 	blt.w	7e1d88ba <_svfprintf_r+0x17f6>
7e1d82a0:	3201      	adds	r2, #1
7e1d82a2:	9b15      	ldr	r3, [sp, #84]	; 0x54
7e1d82a4:	990e      	ldr	r1, [sp, #56]	; 0x38
7e1d82a6:	2a07      	cmp	r2, #7
7e1d82a8:	441c      	add	r4, r3
7e1d82aa:	e9cd 242b 	strd	r2, r4, [sp, #172]	; 0xac
7e1d82ae:	e9c9 1300 	strd	r1, r3, [r9]
7e1d82b2:	f77f a8c5 	ble.w	7e1d7440 <_svfprintf_r+0x37c>
7e1d82b6:	e46e      	b.n	7e1d7b96 <_svfprintf_r+0xad2>
7e1d82b8:	aa2a      	add	r2, sp, #168	; 0xa8
7e1d82ba:	e9dd 010a 	ldrd	r0, r1, [sp, #40]	; 0x28
7e1d82be:	f002 fedd 	bl	7e1db07c <__ssprint_r>
7e1d82c2:	2800      	cmp	r0, #0
7e1d82c4:	f47f a816 	bne.w	7e1d72f4 <_svfprintf_r+0x230>
7e1d82c8:	f89d 208b 	ldrb.w	r2, [sp, #139]	; 0x8b
7e1d82cc:	f10d 09b4 	add.w	r9, sp, #180	; 0xb4
7e1d82d0:	9c2c      	ldr	r4, [sp, #176]	; 0xb0
7e1d82d2:	f7ff b875 	b.w	7e1d73c0 <_svfprintf_r+0x2fc>
7e1d82d6:	aa2a      	add	r2, sp, #168	; 0xa8
7e1d82d8:	4659      	mov	r1, fp
7e1d82da:	4650      	mov	r0, sl
7e1d82dc:	f002 fece 	bl	7e1db07c <__ssprint_r>
7e1d82e0:	2800      	cmp	r0, #0
7e1d82e2:	f47f a807 	bne.w	7e1d72f4 <_svfprintf_r+0x230>
7e1d82e6:	9a2c      	ldr	r2, [sp, #176]	; 0xb0
7e1d82e8:	f10d 09b4 	add.w	r9, sp, #180	; 0xb4
7e1d82ec:	e73e      	b.n	7e1d816c <_svfprintf_r+0x10a8>
7e1d82ee:	aa2a      	add	r2, sp, #168	; 0xa8
7e1d82f0:	e9dd 010a 	ldrd	r0, r1, [sp, #40]	; 0x28
7e1d82f4:	f002 fec2 	bl	7e1db07c <__ssprint_r>
7e1d82f8:	2800      	cmp	r0, #0
7e1d82fa:	f47e affb 	bne.w	7e1d72f4 <_svfprintf_r+0x230>
7e1d82fe:	f10d 09b4 	add.w	r9, sp, #180	; 0xb4
7e1d8302:	f7ff bad6 	b.w	7e1d78b2 <_svfprintf_r+0x7ee>
7e1d8306:	4621      	mov	r1, r4
7e1d8308:	461c      	mov	r4, r3
7e1d830a:	460b      	mov	r3, r1
7e1d830c:	3201      	adds	r2, #1
7e1d830e:	442c      	add	r4, r5
7e1d8310:	2a07      	cmp	r2, #7
7e1d8312:	e9cd 242b 	strd	r2, r4, [sp, #172]	; 0xac
7e1d8316:	e9c9 3500 	strd	r3, r5, [r9]
7e1d831a:	f77f a891 	ble.w	7e1d7440 <_svfprintf_r+0x37c>
7e1d831e:	e43a      	b.n	7e1d7b96 <_svfprintf_r+0xad2>
7e1d8320:	9a0e      	ldr	r2, [sp, #56]	; 0x38
7e1d8322:	3902      	subs	r1, #2
7e1d8324:	2330      	movs	r3, #48	; 0x30
7e1d8326:	46ba      	mov	sl, r7
7e1d8328:	910e      	str	r1, [sp, #56]	; 0x38
7e1d832a:	f802 3c01 	strb.w	r3, [r2, #-1]
7e1d832e:	ab56      	add	r3, sp, #344	; 0x158
7e1d8330:	1a5f      	subs	r7, r3, r1
7e1d8332:	f7ff b823 	b.w	7e1d737c <_svfprintf_r+0x2b8>
7e1d8336:	aa2a      	add	r2, sp, #168	; 0xa8
7e1d8338:	4659      	mov	r1, fp
7e1d833a:	4650      	mov	r0, sl
7e1d833c:	f002 fe9e 	bl	7e1db07c <__ssprint_r>
7e1d8340:	2800      	cmp	r0, #0
7e1d8342:	f47e afd7 	bne.w	7e1d72f4 <_svfprintf_r+0x230>
7e1d8346:	f898 1000 	ldrb.w	r1, [r8]
7e1d834a:	f10d 09b4 	add.w	r9, sp, #180	; 0xb4
7e1d834e:	9a2c      	ldr	r2, [sp, #176]	; 0xb0
7e1d8350:	e726      	b.n	7e1d81a0 <_svfprintf_r+0x10dc>
7e1d8352:	9a08      	ldr	r2, [sp, #32]
7e1d8354:	601a      	str	r2, [r3, #0]
7e1d8356:	f7fe bee3 	b.w	7e1d7120 <_svfprintf_r+0x5c>
7e1d835a:	f407 6380 	and.w	r3, r7, #1024	; 0x400
7e1d835e:	2200      	movs	r2, #0
7e1d8360:	9607      	str	r6, [sp, #28]
7e1d8362:	f50d 7aac 	add.w	sl, sp, #344	; 0x158
7e1d8366:	f8cd 803c 	str.w	r8, [sp, #60]	; 0x3c
7e1d836a:	4616      	mov	r6, r2
7e1d836c:	f8cd b040 	str.w	fp, [sp, #64]	; 0x40
7e1d8370:	4698      	mov	r8, r3
7e1d8372:	46cb      	mov	fp, r9
7e1d8374:	970c      	str	r7, [sp, #48]	; 0x30
7e1d8376:	f8dd 907c 	ldr.w	r9, [sp, #124]	; 0x7c
7e1d837a:	e008      	b.n	7e1d838e <_svfprintf_r+0x12ca>
7e1d837c:	f003 fc3c 	bl	7e1dbbf8 <__aeabi_uldivmod>
7e1d8380:	2d00      	cmp	r5, #0
7e1d8382:	bf08      	it	eq
7e1d8384:	2c0a      	cmpeq	r4, #10
7e1d8386:	d32b      	bcc.n	7e1d83e0 <_svfprintf_r+0x131c>
7e1d8388:	4604      	mov	r4, r0
7e1d838a:	46ba      	mov	sl, r7
7e1d838c:	460d      	mov	r5, r1
7e1d838e:	220a      	movs	r2, #10
7e1d8390:	2300      	movs	r3, #0
7e1d8392:	4620      	mov	r0, r4
7e1d8394:	4629      	mov	r1, r5
7e1d8396:	f003 fc2f 	bl	7e1dbbf8 <__aeabi_uldivmod>
7e1d839a:	3601      	adds	r6, #1
7e1d839c:	4620      	mov	r0, r4
7e1d839e:	4629      	mov	r1, r5
7e1d83a0:	f10a 37ff 	add.w	r7, sl, #4294967295
7e1d83a4:	2300      	movs	r3, #0
7e1d83a6:	f102 0c30 	add.w	ip, r2, #48	; 0x30
7e1d83aa:	220a      	movs	r2, #10
7e1d83ac:	f80a cc01 	strb.w	ip, [sl, #-1]
7e1d83b0:	f1b8 0f00 	cmp.w	r8, #0
7e1d83b4:	d0e2      	beq.n	7e1d837c <_svfprintf_r+0x12b8>
7e1d83b6:	f899 c000 	ldrb.w	ip, [r9]
7e1d83ba:	ebac 0e06 	sub.w	lr, ip, r6
7e1d83be:	f1bc 0fff 	cmp.w	ip, #255	; 0xff
7e1d83c2:	fabe fe8e 	clz	lr, lr
7e1d83c6:	ea4f 1e5e 	mov.w	lr, lr, lsr #5
7e1d83ca:	bf08      	it	eq
7e1d83cc:	f04f 0e00 	moveq.w	lr, #0
7e1d83d0:	f1be 0f00 	cmp.w	lr, #0
7e1d83d4:	d0d2      	beq.n	7e1d837c <_svfprintf_r+0x12b8>
7e1d83d6:	429d      	cmp	r5, r3
7e1d83d8:	bf08      	it	eq
7e1d83da:	4294      	cmpeq	r4, r2
7e1d83dc:	f080 8259 	bcs.w	7e1d8892 <_svfprintf_r+0x17ce>
7e1d83e0:	9615      	str	r6, [sp, #84]	; 0x54
7e1d83e2:	463a      	mov	r2, r7
7e1d83e4:	970e      	str	r7, [sp, #56]	; 0x38
7e1d83e6:	f8cd 907c 	str.w	r9, [sp, #124]	; 0x7c
7e1d83ea:	46d9      	mov	r9, fp
7e1d83ec:	9e07      	ldr	r6, [sp, #28]
7e1d83ee:	9f0c      	ldr	r7, [sp, #48]	; 0x30
7e1d83f0:	f8dd 803c 	ldr.w	r8, [sp, #60]	; 0x3c
7e1d83f4:	f8dd b040 	ldr.w	fp, [sp, #64]	; 0x40
7e1d83f8:	f7ff bb76 	b.w	7e1d7ae8 <_svfprintf_r+0xa24>
7e1d83fc:	9b2c      	ldr	r3, [sp, #176]	; 0xb0
7e1d83fe:	2b00      	cmp	r3, #0
7e1d8400:	f43e af7e 	beq.w	7e1d7300 <_svfprintf_r+0x23c>
7e1d8404:	9c0b      	ldr	r4, [sp, #44]	; 0x2c
7e1d8406:	aa2a      	add	r2, sp, #168	; 0xa8
7e1d8408:	980a      	ldr	r0, [sp, #40]	; 0x28
7e1d840a:	4621      	mov	r1, r4
7e1d840c:	f002 fe36 	bl	7e1db07c <__ssprint_r>
7e1d8410:	89a3      	ldrh	r3, [r4, #12]
7e1d8412:	f7fe bf77 	b.w	7e1d7304 <_svfprintf_r+0x240>
7e1d8416:	4647      	mov	r7, r8
7e1d8418:	2f06      	cmp	r7, #6
7e1d841a:	461a      	mov	r2, r3
7e1d841c:	4698      	mov	r8, r3
7e1d841e:	bf28      	it	cs
7e1d8420:	2706      	movcs	r7, #6
7e1d8422:	e9cd 340c 	strd	r3, r4, [sp, #48]	; 0x30
7e1d8426:	9312      	str	r3, [sp, #72]	; 0x48
7e1d8428:	e9cd 3313 	strd	r3, r3, [sp, #76]	; 0x4c
7e1d842c:	f64a 3348 	movw	r3, #43848	; 0xab48
7e1d8430:	9707      	str	r7, [sp, #28]
7e1d8432:	f2c8 032d 	movt	r3, #32813	; 0x802d
7e1d8436:	930e      	str	r3, [sp, #56]	; 0x38
7e1d8438:	f7fe bfad 	b.w	7e1d7396 <_svfprintf_r+0x2d2>
7e1d843c:	4623      	mov	r3, r4
7e1d843e:	4614      	mov	r4, r2
7e1d8440:	f105 0208 	add.w	r2, r5, #8
7e1d8444:	4688      	mov	r8, r1
7e1d8446:	f1b8 0f07 	cmp.w	r8, #7
7e1d844a:	443c      	add	r4, r7
7e1d844c:	602b      	str	r3, [r5, #0]
7e1d844e:	942c      	str	r4, [sp, #176]	; 0xb0
7e1d8450:	606f      	str	r7, [r5, #4]
7e1d8452:	f8cd 80ac 	str.w	r8, [sp, #172]	; 0xac
7e1d8456:	f73f aeba 	bgt.w	7e1d81ce <_svfprintf_r+0x110a>
7e1d845a:	f108 0801 	add.w	r8, r8, #1
7e1d845e:	f102 0908 	add.w	r9, r2, #8
7e1d8462:	4615      	mov	r5, r2
7e1d8464:	f7ff bb8b 	b.w	7e1d7b7e <_svfprintf_r+0xaba>
7e1d8468:	f1b8 3fff 	cmp.w	r8, #4294967295
7e1d846c:	f000 812f 	beq.w	7e1d86ce <_svfprintf_r+0x160a>
7e1d8470:	9b07      	ldr	r3, [sp, #28]
7e1d8472:	f1b8 0f00 	cmp.w	r8, #0
7e1d8476:	bf08      	it	eq
7e1d8478:	2b47      	cmpeq	r3, #71	; 0x47
7e1d847a:	f040 812a 	bne.w	7e1d86d2 <_svfprintf_r+0x160e>
7e1d847e:	e9dd 1216 	ldrd	r1, r2, [sp, #88]	; 0x58
7e1d8482:	f44a 7380 	orr.w	r3, sl, #256	; 0x100
7e1d8486:	f04f 0801 	mov.w	r8, #1
7e1d848a:	9310      	str	r3, [sp, #64]	; 0x40
7e1d848c:	1e15      	subs	r5, r2, #0
7e1d848e:	f2c0 82c6 	blt.w	7e1d8a1e <_svfprintf_r+0x195a>
7e1d8492:	4644      	mov	r4, r8
7e1d8494:	460f      	mov	r7, r1
7e1d8496:	900f      	str	r0, [sp, #60]	; 0x3c
7e1d8498:	462b      	mov	r3, r5
7e1d849a:	a928      	add	r1, sp, #160	; 0xa0
7e1d849c:	463a      	mov	r2, r7
7e1d849e:	9104      	str	r1, [sp, #16]
7e1d84a0:	9401      	str	r4, [sp, #4]
7e1d84a2:	a925      	add	r1, sp, #148	; 0x94
7e1d84a4:	980a      	ldr	r0, [sp, #40]	; 0x28
7e1d84a6:	9103      	str	r1, [sp, #12]
7e1d84a8:	a924      	add	r1, sp, #144	; 0x90
7e1d84aa:	9102      	str	r1, [sp, #8]
7e1d84ac:	2102      	movs	r1, #2
7e1d84ae:	9100      	str	r1, [sp, #0]
7e1d84b0:	f000 fc02 	bl	7e1d8cb8 <_dtoa_r>
7e1d84b4:	9b07      	ldr	r3, [sp, #28]
7e1d84b6:	2b47      	cmp	r3, #71	; 0x47
7e1d84b8:	900e      	str	r0, [sp, #56]	; 0x38
7e1d84ba:	d104      	bne.n	7e1d84c6 <_svfprintf_r+0x1402>
7e1d84bc:	f01a 0f01 	tst.w	sl, #1
7e1d84c0:	bf08      	it	eq
7e1d84c2:	9b28      	ldreq	r3, [sp, #160]	; 0xa0
7e1d84c4:	d013      	beq.n	7e1d84ee <_svfprintf_r+0x142a>
7e1d84c6:	9b0e      	ldr	r3, [sp, #56]	; 0x38
7e1d84c8:	441c      	add	r4, r3
7e1d84ca:	2300      	movs	r3, #0
7e1d84cc:	4638      	mov	r0, r7
7e1d84ce:	2200      	movs	r2, #0
7e1d84d0:	4629      	mov	r1, r5
7e1d84d2:	f003 fab1 	bl	7e1dba38 <__aeabi_dcmpeq>
7e1d84d6:	4623      	mov	r3, r4
7e1d84d8:	b948      	cbnz	r0, 7e1d84ee <_svfprintf_r+0x142a>
7e1d84da:	9b28      	ldr	r3, [sp, #160]	; 0xa0
7e1d84dc:	42a3      	cmp	r3, r4
7e1d84de:	d206      	bcs.n	7e1d84ee <_svfprintf_r+0x142a>
7e1d84e0:	2130      	movs	r1, #48	; 0x30
7e1d84e2:	1c5a      	adds	r2, r3, #1
7e1d84e4:	9228      	str	r2, [sp, #160]	; 0xa0
7e1d84e6:	7019      	strb	r1, [r3, #0]
7e1d84e8:	9b28      	ldr	r3, [sp, #160]	; 0xa0
7e1d84ea:	429c      	cmp	r4, r3
7e1d84ec:	d8f9      	bhi.n	7e1d84e2 <_svfprintf_r+0x141e>
7e1d84ee:	9a0e      	ldr	r2, [sp, #56]	; 0x38
7e1d84f0:	1a9b      	subs	r3, r3, r2
7e1d84f2:	9315      	str	r3, [sp, #84]	; 0x54
7e1d84f4:	9b07      	ldr	r3, [sp, #28]
7e1d84f6:	9a24      	ldr	r2, [sp, #144]	; 0x90
7e1d84f8:	2b47      	cmp	r3, #71	; 0x47
7e1d84fa:	9213      	str	r2, [sp, #76]	; 0x4c
7e1d84fc:	f040 813f 	bne.w	7e1d877e <_svfprintf_r+0x16ba>
7e1d8500:	1cd7      	adds	r7, r2, #3
7e1d8502:	4613      	mov	r3, r2
7e1d8504:	bfac      	ite	ge
7e1d8506:	2300      	movge	r3, #0
7e1d8508:	2301      	movlt	r3, #1
7e1d850a:	4542      	cmp	r2, r8
7e1d850c:	bfc8      	it	gt
7e1d850e:	f043 0301 	orrgt.w	r3, r3, #1
7e1d8512:	2b00      	cmp	r3, #0
7e1d8514:	f000 8114 	beq.w	7e1d8740 <_svfprintf_r+0x167c>
7e1d8518:	3e02      	subs	r6, #2
7e1d851a:	2300      	movs	r3, #0
7e1d851c:	930c      	str	r3, [sp, #48]	; 0x30
7e1d851e:	f026 0320 	bic.w	r3, r6, #32
7e1d8522:	9307      	str	r3, [sp, #28]
7e1d8524:	9b13      	ldr	r3, [sp, #76]	; 0x4c
7e1d8526:	9907      	ldr	r1, [sp, #28]
7e1d8528:	1e5a      	subs	r2, r3, #1
7e1d852a:	b2f3      	uxtb	r3, r6
7e1d852c:	2941      	cmp	r1, #65	; 0x41
7e1d852e:	9224      	str	r2, [sp, #144]	; 0x90
7e1d8530:	bf04      	itt	eq
7e1d8532:	330f      	addeq	r3, #15
7e1d8534:	b2db      	uxtbeq	r3, r3
7e1d8536:	2a00      	cmp	r2, #0
7e1d8538:	f88d 3098 	strb.w	r3, [sp, #152]	; 0x98
7e1d853c:	bfb7      	itett	lt
7e1d853e:	9b13      	ldrlt	r3, [sp, #76]	; 0x4c
7e1d8540:	232b      	movge	r3, #43	; 0x2b
7e1d8542:	f1c3 0201 	rsblt	r2, r3, #1
7e1d8546:	232d      	movlt	r3, #45	; 0x2d
7e1d8548:	2a09      	cmp	r2, #9
7e1d854a:	f88d 3099 	strb.w	r3, [sp, #153]	; 0x99
7e1d854e:	f340 826e 	ble.w	7e1d8a2e <_svfprintf_r+0x196a>
7e1d8552:	f10d 0ca7 	add.w	ip, sp, #167	; 0xa7
7e1d8556:	f246 6567 	movw	r5, #26215	; 0x6667
7e1d855a:	270a      	movs	r7, #10
7e1d855c:	f2c6 6566 	movt	r5, #26214	; 0x6666
7e1d8560:	4660      	mov	r0, ip
7e1d8562:	e000      	b.n	7e1d8566 <_svfprintf_r+0x14a2>
7e1d8564:	4608      	mov	r0, r1
7e1d8566:	fb85 3402 	smull	r3, r4, r5, r2
7e1d856a:	17d3      	asrs	r3, r2, #31
7e1d856c:	2a63      	cmp	r2, #99	; 0x63
7e1d856e:	f100 31ff 	add.w	r1, r0, #4294967295
7e1d8572:	ebc3 03a4 	rsb	r3, r3, r4, asr #2
7e1d8576:	fb07 2413 	mls	r4, r7, r3, r2
7e1d857a:	461a      	mov	r2, r3
7e1d857c:	f104 0430 	add.w	r4, r4, #48	; 0x30
7e1d8580:	f800 4c01 	strb.w	r4, [r0, #-1]
7e1d8584:	dcee      	bgt.n	7e1d8564 <_svfprintf_r+0x14a0>
7e1d8586:	1e82      	subs	r2, r0, #2
7e1d8588:	3330      	adds	r3, #48	; 0x30
7e1d858a:	4594      	cmp	ip, r2
7e1d858c:	b2db      	uxtb	r3, r3
7e1d858e:	f801 3c01 	strb.w	r3, [r1, #-1]
7e1d8592:	f240 82a8 	bls.w	7e1d8ae6 <_svfprintf_r+0x1a22>
7e1d8596:	f10d 029a 	add.w	r2, sp, #154	; 0x9a
7e1d859a:	e001      	b.n	7e1d85a0 <_svfprintf_r+0x14dc>
7e1d859c:	f811 3b01 	ldrb.w	r3, [r1], #1
7e1d85a0:	458c      	cmp	ip, r1
7e1d85a2:	f802 3b01 	strb.w	r3, [r2], #1
7e1d85a6:	d1f9      	bne.n	7e1d859c <_svfprintf_r+0x14d8>
7e1d85a8:	f10d 03a9 	add.w	r3, sp, #169	; 0xa9
7e1d85ac:	f10d 019a 	add.w	r1, sp, #154	; 0x9a
7e1d85b0:	1a1b      	subs	r3, r3, r0
7e1d85b2:	aa26      	add	r2, sp, #152	; 0x98
7e1d85b4:	440b      	add	r3, r1
7e1d85b6:	1a9b      	subs	r3, r3, r2
7e1d85b8:	931c      	str	r3, [sp, #112]	; 0x70
7e1d85ba:	9b15      	ldr	r3, [sp, #84]	; 0x54
7e1d85bc:	9a1c      	ldr	r2, [sp, #112]	; 0x70
7e1d85be:	2b01      	cmp	r3, #1
7e1d85c0:	eb03 0702 	add.w	r7, r3, r2
7e1d85c4:	f340 8244 	ble.w	7e1d8a50 <_svfprintf_r+0x198c>
7e1d85c8:	9b1a      	ldr	r3, [sp, #104]	; 0x68
7e1d85ca:	441f      	add	r7, r3
7e1d85cc:	f42a 6380 	bic.w	r3, sl, #1024	; 0x400
7e1d85d0:	2200      	movs	r2, #0
7e1d85d2:	f443 7a80 	orr.w	sl, r3, #256	; 0x100
7e1d85d6:	9212      	str	r2, [sp, #72]	; 0x48
7e1d85d8:	ea27 73e7 	bic.w	r3, r7, r7, asr #31
7e1d85dc:	e9cd 2213 	strd	r2, r2, [sp, #76]	; 0x4c
7e1d85e0:	9307      	str	r3, [sp, #28]
7e1d85e2:	9b0f      	ldr	r3, [sp, #60]	; 0x3c
7e1d85e4:	2b00      	cmp	r3, #0
7e1d85e6:	f040 80e3 	bne.w	7e1d87b0 <_svfprintf_r+0x16ec>
7e1d85ea:	4698      	mov	r8, r3
7e1d85ec:	f89d 208b 	ldrb.w	r2, [sp, #139]	; 0x8b
7e1d85f0:	f7fe bed1 	b.w	7e1d7396 <_svfprintf_r+0x2d2>
7e1d85f4:	4621      	mov	r1, r4
7e1d85f6:	461c      	mov	r4, r3
7e1d85f8:	460b      	mov	r3, r1
7e1d85fa:	3201      	adds	r2, #1
7e1d85fc:	442c      	add	r4, r5
7e1d85fe:	2a07      	cmp	r2, #7
7e1d8600:	e9c9 3500 	strd	r3, r5, [r9]
7e1d8604:	e9cd 242b 	strd	r2, r4, [sp, #172]	; 0xac
7e1d8608:	bfd8      	it	le
7e1d860a:	f109 0908 	addle.w	r9, r9, #8
7e1d860e:	f77f ab48 	ble.w	7e1d7ca2 <_svfprintf_r+0xbde>
7e1d8612:	aa2a      	add	r2, sp, #168	; 0xa8
7e1d8614:	e9dd 010a 	ldrd	r0, r1, [sp, #40]	; 0x28
7e1d8618:	f002 fd30 	bl	7e1db07c <__ssprint_r>
7e1d861c:	2800      	cmp	r0, #0
7e1d861e:	f47e ae69 	bne.w	7e1d72f4 <_svfprintf_r+0x230>
7e1d8622:	9c2c      	ldr	r4, [sp, #176]	; 0xb0
7e1d8624:	f10d 09b4 	add.w	r9, sp, #180	; 0xb4
7e1d8628:	f7ff bb3b 	b.w	7e1d7ca2 <_svfprintf_r+0xbde>
7e1d862c:	aa2a      	add	r2, sp, #168	; 0xa8
7e1d862e:	e9dd 010a 	ldrd	r0, r1, [sp, #40]	; 0x28
7e1d8632:	f002 fd23 	bl	7e1db07c <__ssprint_r>
7e1d8636:	2800      	cmp	r0, #0
7e1d8638:	f47e ae5c 	bne.w	7e1d72f4 <_svfprintf_r+0x230>
7e1d863c:	9b24      	ldr	r3, [sp, #144]	; 0x90
7e1d863e:	f10d 09b4 	add.w	r9, sp, #180	; 0xb4
7e1d8642:	9c2c      	ldr	r4, [sp, #176]	; 0xb0
7e1d8644:	e614      	b.n	7e1d8270 <_svfprintf_r+0x11ac>
7e1d8646:	aa2a      	add	r2, sp, #168	; 0xa8
7e1d8648:	e9dd 010a 	ldrd	r0, r1, [sp, #40]	; 0x28
7e1d864c:	f002 fd16 	bl	7e1db07c <__ssprint_r>
7e1d8650:	2800      	cmp	r0, #0
7e1d8652:	f47e ae4f 	bne.w	7e1d72f4 <_svfprintf_r+0x230>
7e1d8656:	9c2c      	ldr	r4, [sp, #176]	; 0xb0
7e1d8658:	f10d 09b4 	add.w	r9, sp, #180	; 0xb4
7e1d865c:	f7ff bb19 	b.w	7e1d7c92 <_svfprintf_r+0xbce>
7e1d8660:	9915      	ldr	r1, [sp, #84]	; 0x54
7e1d8662:	9a0e      	ldr	r2, [sp, #56]	; 0x38
7e1d8664:	1acb      	subs	r3, r1, r3
7e1d8666:	440a      	add	r2, r1
7e1d8668:	eba2 0508 	sub.w	r5, r2, r8
7e1d866c:	429d      	cmp	r5, r3
7e1d866e:	bfa8      	it	ge
7e1d8670:	461d      	movge	r5, r3
7e1d8672:	f7ff bb51 	b.w	7e1d7d18 <_svfprintf_r+0xc54>
7e1d8676:	9a08      	ldr	r2, [sp, #32]
7e1d8678:	801a      	strh	r2, [r3, #0]
7e1d867a:	f7fe bd51 	b.w	7e1d7120 <_svfprintf_r+0x5c>
7e1d867e:	f992 4000 	ldrsb.w	r4, [r2]
7e1d8682:	930d      	str	r3, [sp, #52]	; 0x34
7e1d8684:	17e5      	asrs	r5, r4, #31
7e1d8686:	4622      	mov	r2, r4
7e1d8688:	462b      	mov	r3, r5
7e1d868a:	f7fe be06 	b.w	7e1d729a <_svfprintf_r+0x1d6>
7e1d868e:	7814      	ldrb	r4, [r2, #0]
7e1d8690:	2500      	movs	r5, #0
7e1d8692:	930d      	str	r3, [sp, #52]	; 0x34
7e1d8694:	f7fe bf47 	b.w	7e1d7526 <_svfprintf_r+0x462>
7e1d8698:	781c      	ldrb	r4, [r3, #0]
7e1d869a:	2500      	movs	r5, #0
7e1d869c:	2301      	movs	r3, #1
7e1d869e:	920d      	str	r2, [sp, #52]	; 0x34
7e1d86a0:	f7fe be47 	b.w	7e1d7332 <_svfprintf_r+0x26e>
7e1d86a4:	7814      	ldrb	r4, [r2, #0]
7e1d86a6:	2500      	movs	r5, #0
7e1d86a8:	930d      	str	r3, [sp, #52]	; 0x34
7e1d86aa:	f7fe bde2 	b.w	7e1d7272 <_svfprintf_r+0x1ae>
7e1d86ae:	460a      	mov	r2, r1
7e1d86b0:	2100      	movs	r1, #0
7e1d86b2:	910f      	str	r1, [sp, #60]	; 0x3c
7e1d86b4:	e449      	b.n	7e1d7f4a <_svfprintf_r+0xe86>
7e1d86b6:	f108 0101 	add.w	r1, r8, #1
7e1d86ba:	980a      	ldr	r0, [sp, #40]	; 0x28
7e1d86bc:	f7fc f954 	bl	7e1d4968 <_malloc_r>
7e1d86c0:	900e      	str	r0, [sp, #56]	; 0x38
7e1d86c2:	2800      	cmp	r0, #0
7e1d86c4:	f000 81fb 	beq.w	7e1d8abe <_svfprintf_r+0x19fa>
7e1d86c8:	9b0e      	ldr	r3, [sp, #56]	; 0x38
7e1d86ca:	930c      	str	r3, [sp, #48]	; 0x30
7e1d86cc:	e430      	b.n	7e1d7f30 <_svfprintf_r+0xe6c>
7e1d86ce:	f04f 0806 	mov.w	r8, #6
7e1d86d2:	e9dd 1216 	ldrd	r1, r2, [sp, #88]	; 0x58
7e1d86d6:	f44a 7380 	orr.w	r3, sl, #256	; 0x100
7e1d86da:	9310      	str	r3, [sp, #64]	; 0x40
7e1d86dc:	1e15      	subs	r5, r2, #0
7e1d86de:	f2c0 819e 	blt.w	7e1d8a1e <_svfprintf_r+0x195a>
7e1d86e2:	460f      	mov	r7, r1
7e1d86e4:	2300      	movs	r3, #0
7e1d86e6:	930f      	str	r3, [sp, #60]	; 0x3c
7e1d86e8:	9b07      	ldr	r3, [sp, #28]
7e1d86ea:	2b46      	cmp	r3, #70	; 0x46
7e1d86ec:	f040 810d 	bne.w	7e1d890a <_svfprintf_r+0x1846>
7e1d86f0:	463a      	mov	r2, r7
7e1d86f2:	462b      	mov	r3, r5
7e1d86f4:	a928      	add	r1, sp, #160	; 0xa0
7e1d86f6:	a824      	add	r0, sp, #144	; 0x90
7e1d86f8:	9104      	str	r1, [sp, #16]
7e1d86fa:	a925      	add	r1, sp, #148	; 0x94
7e1d86fc:	9002      	str	r0, [sp, #8]
7e1d86fe:	9103      	str	r1, [sp, #12]
7e1d8700:	2103      	movs	r1, #3
7e1d8702:	f8cd 8004 	str.w	r8, [sp, #4]
7e1d8706:	9100      	str	r1, [sp, #0]
7e1d8708:	980a      	ldr	r0, [sp, #40]	; 0x28
7e1d870a:	f000 fad5 	bl	7e1d8cb8 <_dtoa_r>
7e1d870e:	2300      	movs	r3, #0
7e1d8710:	4629      	mov	r1, r5
7e1d8712:	2200      	movs	r2, #0
7e1d8714:	900e      	str	r0, [sp, #56]	; 0x38
7e1d8716:	7804      	ldrb	r4, [r0, #0]
7e1d8718:	4638      	mov	r0, r7
7e1d871a:	f003 f98d 	bl	7e1dba38 <__aeabi_dcmpeq>
7e1d871e:	9b24      	ldr	r3, [sp, #144]	; 0x90
7e1d8720:	f1a4 0430 	sub.w	r4, r4, #48	; 0x30
7e1d8724:	fab4 f484 	clz	r4, r4
7e1d8728:	0964      	lsrs	r4, r4, #5
7e1d872a:	2800      	cmp	r0, #0
7e1d872c:	bf0c      	ite	eq
7e1d872e:	4620      	moveq	r0, r4
7e1d8730:	2000      	movne	r0, #0
7e1d8732:	2800      	cmp	r0, #0
7e1d8734:	f040 81a1 	bne.w	7e1d8a7a <_svfprintf_r+0x19b6>
7e1d8738:	9a0e      	ldr	r2, [sp, #56]	; 0x38
7e1d873a:	4443      	add	r3, r8
7e1d873c:	18d4      	adds	r4, r2, r3
7e1d873e:	e6c4      	b.n	7e1d84ca <_svfprintf_r+0x1406>
7e1d8740:	9b15      	ldr	r3, [sp, #84]	; 0x54
7e1d8742:	4619      	mov	r1, r3
7e1d8744:	9b13      	ldr	r3, [sp, #76]	; 0x4c
7e1d8746:	4299      	cmp	r1, r3
7e1d8748:	f300 8093 	bgt.w	7e1d8872 <_svfprintf_r+0x17ae>
7e1d874c:	f01a 0f01 	tst.w	sl, #1
7e1d8750:	bf08      	it	eq
7e1d8752:	9f13      	ldreq	r7, [sp, #76]	; 0x4c
7e1d8754:	d001      	beq.n	7e1d875a <_svfprintf_r+0x1696>
7e1d8756:	9a1a      	ldr	r2, [sp, #104]	; 0x68
7e1d8758:	189f      	adds	r7, r3, r2
7e1d875a:	f41a 6f80 	tst.w	sl, #1024	; 0x400
7e1d875e:	d003      	beq.n	7e1d8768 <_svfprintf_r+0x16a4>
7e1d8760:	9b13      	ldr	r3, [sp, #76]	; 0x4c
7e1d8762:	2b00      	cmp	r3, #0
7e1d8764:	f300 80ff 	bgt.w	7e1d8966 <_svfprintf_r+0x18a2>
7e1d8768:	2667      	movs	r6, #103	; 0x67
7e1d876a:	ea27 73e7 	bic.w	r3, r7, r7, asr #31
7e1d876e:	9307      	str	r3, [sp, #28]
7e1d8770:	2300      	movs	r3, #0
7e1d8772:	f8dd a040 	ldr.w	sl, [sp, #64]	; 0x40
7e1d8776:	930c      	str	r3, [sp, #48]	; 0x30
7e1d8778:	9312      	str	r3, [sp, #72]	; 0x48
7e1d877a:	9314      	str	r3, [sp, #80]	; 0x50
7e1d877c:	e731      	b.n	7e1d85e2 <_svfprintf_r+0x151e>
7e1d877e:	9b07      	ldr	r3, [sp, #28]
7e1d8780:	2b46      	cmp	r3, #70	; 0x46
7e1d8782:	f040 8197 	bne.w	7e1d8ab4 <_svfprintf_r+0x19f0>
7e1d8786:	9a13      	ldr	r2, [sp, #76]	; 0x4c
7e1d8788:	f00a 0301 	and.w	r3, sl, #1
7e1d878c:	ea43 0308 	orr.w	r3, r3, r8
7e1d8790:	2a00      	cmp	r2, #0
7e1d8792:	f340 8181 	ble.w	7e1d8a98 <_svfprintf_r+0x19d4>
7e1d8796:	2b00      	cmp	r3, #0
7e1d8798:	f040 810e 	bne.w	7e1d89b8 <_svfprintf_r+0x18f4>
7e1d879c:	9f13      	ldr	r7, [sp, #76]	; 0x4c
7e1d879e:	2666      	movs	r6, #102	; 0x66
7e1d87a0:	f41a 6f80 	tst.w	sl, #1024	; 0x400
7e1d87a4:	f040 80e0 	bne.w	7e1d8968 <_svfprintf_r+0x18a4>
7e1d87a8:	ea27 73e7 	bic.w	r3, r7, r7, asr #31
7e1d87ac:	9307      	str	r3, [sp, #28]
7e1d87ae:	e7df      	b.n	7e1d8770 <_svfprintf_r+0x16ac>
7e1d87b0:	222d      	movs	r2, #45	; 0x2d
7e1d87b2:	f04f 0800 	mov.w	r8, #0
7e1d87b6:	f88d 208b 	strb.w	r2, [sp, #139]	; 0x8b
7e1d87ba:	f7fe bded 	b.w	7e1d7398 <_svfprintf_r+0x2d4>
7e1d87be:	aa2a      	add	r2, sp, #168	; 0xa8
7e1d87c0:	e9dd 010a 	ldrd	r0, r1, [sp, #40]	; 0x28
7e1d87c4:	f002 fc5a 	bl	7e1db07c <__ssprint_r>
7e1d87c8:	2800      	cmp	r0, #0
7e1d87ca:	f47e ad93 	bne.w	7e1d72f4 <_svfprintf_r+0x230>
7e1d87ce:	9b24      	ldr	r3, [sp, #144]	; 0x90
7e1d87d0:	f10d 09b4 	add.w	r9, sp, #180	; 0xb4
7e1d87d4:	e9dd 242b 	ldrd	r2, r4, [sp, #172]	; 0xac
7e1d87d8:	e55f      	b.n	7e1d829a <_svfprintf_r+0x11d6>
7e1d87da:	f01a 0f01 	tst.w	sl, #1
7e1d87de:	f43e ae31 	beq.w	7e1d7444 <_svfprintf_r+0x380>
7e1d87e2:	9a2b      	ldr	r2, [sp, #172]	; 0xac
7e1d87e4:	9b1a      	ldr	r3, [sp, #104]	; 0x68
7e1d87e6:	3201      	adds	r2, #1
7e1d87e8:	991b      	ldr	r1, [sp, #108]	; 0x6c
7e1d87ea:	2a07      	cmp	r2, #7
7e1d87ec:	441c      	add	r4, r3
7e1d87ee:	f8c9 3004 	str.w	r3, [r9, #4]
7e1d87f2:	f8c9 1000 	str.w	r1, [r9]
7e1d87f6:	942c      	str	r4, [sp, #176]	; 0xb0
7e1d87f8:	922b      	str	r2, [sp, #172]	; 0xac
7e1d87fa:	dce0      	bgt.n	7e1d87be <_svfprintf_r+0x16fa>
7e1d87fc:	f109 0908 	add.w	r9, r9, #8
7e1d8800:	e54e      	b.n	7e1d82a0 <_svfprintf_r+0x11dc>
7e1d8802:	aa2a      	add	r2, sp, #168	; 0xa8
7e1d8804:	4659      	mov	r1, fp
7e1d8806:	4650      	mov	r0, sl
7e1d8808:	f002 fc38 	bl	7e1db07c <__ssprint_r>
7e1d880c:	2800      	cmp	r0, #0
7e1d880e:	f47e ad71 	bne.w	7e1d72f4 <_svfprintf_r+0x230>
7e1d8812:	f898 1000 	ldrb.w	r1, [r8]
7e1d8816:	f10d 09b4 	add.w	r9, sp, #180	; 0xb4
7e1d881a:	9a2c      	ldr	r2, [sp, #176]	; 0xb0
7e1d881c:	e4c6      	b.n	7e1d81ac <_svfprintf_r+0x10e8>
7e1d881e:	aa2a      	add	r2, sp, #168	; 0xa8
7e1d8820:	e9dd 010a 	ldrd	r0, r1, [sp, #40]	; 0x28
7e1d8824:	f002 fc2a 	bl	7e1db07c <__ssprint_r>
7e1d8828:	2800      	cmp	r0, #0
7e1d882a:	f47e ad63 	bne.w	7e1d72f4 <_svfprintf_r+0x230>
7e1d882e:	9b24      	ldr	r3, [sp, #144]	; 0x90
7e1d8830:	f10d 09b4 	add.w	r9, sp, #180	; 0xb4
7e1d8834:	9c2c      	ldr	r4, [sp, #176]	; 0xb0
7e1d8836:	f7ff ba55 	b.w	7e1d7ce4 <_svfprintf_r+0xc20>
7e1d883a:	4647      	mov	r7, r8
7e1d883c:	f8cd 801c 	str.w	r8, [sp, #28]
7e1d8840:	940d      	str	r4, [sp, #52]	; 0x34
7e1d8842:	4680      	mov	r8, r0
7e1d8844:	9012      	str	r0, [sp, #72]	; 0x48
7e1d8846:	e9cd 0013 	strd	r0, r0, [sp, #76]	; 0x4c
7e1d884a:	f89d 208b 	ldrb.w	r2, [sp, #139]	; 0x8b
7e1d884e:	f7fe bda2 	b.w	7e1d7396 <_svfprintf_r+0x2d2>
7e1d8852:	aa2a      	add	r2, sp, #168	; 0xa8
7e1d8854:	e9dd 010a 	ldrd	r0, r1, [sp, #40]	; 0x28
7e1d8858:	f002 fc10 	bl	7e1db07c <__ssprint_r>
7e1d885c:	2800      	cmp	r0, #0
7e1d885e:	f47e ad49 	bne.w	7e1d72f4 <_svfprintf_r+0x230>
7e1d8862:	9b24      	ldr	r3, [sp, #144]	; 0x90
7e1d8864:	f10d 09b4 	add.w	r9, sp, #180	; 0xb4
7e1d8868:	9a15      	ldr	r2, [sp, #84]	; 0x54
7e1d886a:	9c2c      	ldr	r4, [sp, #176]	; 0xb0
7e1d886c:	1ad3      	subs	r3, r2, r3
7e1d886e:	f7ff ba53 	b.w	7e1d7d18 <_svfprintf_r+0xc54>
7e1d8872:	9b15      	ldr	r3, [sp, #84]	; 0x54
7e1d8874:	9a1a      	ldr	r2, [sp, #104]	; 0x68
7e1d8876:	189f      	adds	r7, r3, r2
7e1d8878:	9b13      	ldr	r3, [sp, #76]	; 0x4c
7e1d887a:	2b00      	cmp	r3, #0
7e1d887c:	bfc8      	it	gt
7e1d887e:	2667      	movgt	r6, #103	; 0x67
7e1d8880:	dc8e      	bgt.n	7e1d87a0 <_svfprintf_r+0x16dc>
7e1d8882:	f1c3 0301 	rsb	r3, r3, #1
7e1d8886:	2667      	movs	r6, #103	; 0x67
7e1d8888:	441f      	add	r7, r3
7e1d888a:	ea27 73e7 	bic.w	r3, r7, r7, asr #31
7e1d888e:	9307      	str	r3, [sp, #28]
7e1d8890:	e76e      	b.n	7e1d8770 <_svfprintf_r+0x16ac>
7e1d8892:	9b1d      	ldr	r3, [sp, #116]	; 0x74
7e1d8894:	991e      	ldr	r1, [sp, #120]	; 0x78
7e1d8896:	1aff      	subs	r7, r7, r3
7e1d8898:	461a      	mov	r2, r3
7e1d889a:	4638      	mov	r0, r7
7e1d889c:	f7fd f8e4 	bl	7e1d5a68 <strncpy>
7e1d88a0:	f899 3001 	ldrb.w	r3, [r9, #1]
7e1d88a4:	b10b      	cbz	r3, 7e1d88aa <_svfprintf_r+0x17e6>
7e1d88a6:	f109 0901 	add.w	r9, r9, #1
7e1d88aa:	4620      	mov	r0, r4
7e1d88ac:	4629      	mov	r1, r5
7e1d88ae:	220a      	movs	r2, #10
7e1d88b0:	2300      	movs	r3, #0
7e1d88b2:	f003 f9a1 	bl	7e1dbbf8 <__aeabi_uldivmod>
7e1d88b6:	2600      	movs	r6, #0
7e1d88b8:	e566      	b.n	7e1d8388 <_svfprintf_r+0x12c4>
7e1d88ba:	425d      	negs	r5, r3
7e1d88bc:	3310      	adds	r3, #16
7e1d88be:	f64a 3364 	movw	r3, #43876	; 0xab64
7e1d88c2:	f2c8 032d 	movt	r3, #32813	; 0x802d
7e1d88c6:	da38      	bge.n	7e1d893a <_svfprintf_r+0x1876>
7e1d88c8:	4619      	mov	r1, r3
7e1d88ca:	2610      	movs	r6, #16
7e1d88cc:	4623      	mov	r3, r4
7e1d88ce:	e9dd 780a 	ldrd	r7, r8, [sp, #40]	; 0x28
7e1d88d2:	460c      	mov	r4, r1
7e1d88d4:	e002      	b.n	7e1d88dc <_svfprintf_r+0x1818>
7e1d88d6:	3d10      	subs	r5, #16
7e1d88d8:	2d10      	cmp	r5, #16
7e1d88da:	dd2b      	ble.n	7e1d8934 <_svfprintf_r+0x1870>
7e1d88dc:	3201      	adds	r2, #1
7e1d88de:	3310      	adds	r3, #16
7e1d88e0:	2a07      	cmp	r2, #7
7e1d88e2:	e9c9 4600 	strd	r4, r6, [r9]
7e1d88e6:	e9cd 232b 	strd	r2, r3, [sp, #172]	; 0xac
7e1d88ea:	f109 0908 	add.w	r9, r9, #8
7e1d88ee:	ddf2      	ble.n	7e1d88d6 <_svfprintf_r+0x1812>
7e1d88f0:	aa2a      	add	r2, sp, #168	; 0xa8
7e1d88f2:	4641      	mov	r1, r8
7e1d88f4:	4638      	mov	r0, r7
7e1d88f6:	f10d 09b4 	add.w	r9, sp, #180	; 0xb4
7e1d88fa:	f002 fbbf 	bl	7e1db07c <__ssprint_r>
7e1d88fe:	2800      	cmp	r0, #0
7e1d8900:	f47e acf8 	bne.w	7e1d72f4 <_svfprintf_r+0x230>
7e1d8904:	e9dd 232b 	ldrd	r2, r3, [sp, #172]	; 0xac
7e1d8908:	e7e5      	b.n	7e1d88d6 <_svfprintf_r+0x1812>
7e1d890a:	2b45      	cmp	r3, #69	; 0x45
7e1d890c:	f040 80d5 	bne.w	7e1d8aba <_svfprintf_r+0x19f6>
7e1d8910:	a928      	add	r1, sp, #160	; 0xa0
7e1d8912:	463a      	mov	r2, r7
7e1d8914:	9104      	str	r1, [sp, #16]
7e1d8916:	f108 0401 	add.w	r4, r8, #1
7e1d891a:	a925      	add	r1, sp, #148	; 0x94
7e1d891c:	462b      	mov	r3, r5
7e1d891e:	9103      	str	r1, [sp, #12]
7e1d8920:	a924      	add	r1, sp, #144	; 0x90
7e1d8922:	9401      	str	r4, [sp, #4]
7e1d8924:	9102      	str	r1, [sp, #8]
7e1d8926:	2102      	movs	r1, #2
7e1d8928:	980a      	ldr	r0, [sp, #40]	; 0x28
7e1d892a:	9100      	str	r1, [sp, #0]
7e1d892c:	f000 f9c4 	bl	7e1d8cb8 <_dtoa_r>
7e1d8930:	900e      	str	r0, [sp, #56]	; 0x38
7e1d8932:	e5c8      	b.n	7e1d84c6 <_svfprintf_r+0x1402>
7e1d8934:	4621      	mov	r1, r4
7e1d8936:	461c      	mov	r4, r3
7e1d8938:	460b      	mov	r3, r1
7e1d893a:	3201      	adds	r2, #1
7e1d893c:	442c      	add	r4, r5
7e1d893e:	2a07      	cmp	r2, #7
7e1d8940:	e9cd 242b 	strd	r2, r4, [sp, #172]	; 0xac
7e1d8944:	e9c9 3500 	strd	r3, r5, [r9]
7e1d8948:	f77f af58 	ble.w	7e1d87fc <_svfprintf_r+0x1738>
7e1d894c:	aa2a      	add	r2, sp, #168	; 0xa8
7e1d894e:	e9dd 010a 	ldrd	r0, r1, [sp, #40]	; 0x28
7e1d8952:	f002 fb93 	bl	7e1db07c <__ssprint_r>
7e1d8956:	2800      	cmp	r0, #0
7e1d8958:	f47e accc 	bne.w	7e1d72f4 <_svfprintf_r+0x230>
7e1d895c:	9c2c      	ldr	r4, [sp, #176]	; 0xb0
7e1d895e:	f10d 09b4 	add.w	r9, sp, #180	; 0xb4
7e1d8962:	9a2b      	ldr	r2, [sp, #172]	; 0xac
7e1d8964:	e49c      	b.n	7e1d82a0 <_svfprintf_r+0x11dc>
7e1d8966:	2667      	movs	r6, #103	; 0x67
7e1d8968:	981f      	ldr	r0, [sp, #124]	; 0x7c
7e1d896a:	2200      	movs	r2, #0
7e1d896c:	9212      	str	r2, [sp, #72]	; 0x48
7e1d896e:	9214      	str	r2, [sp, #80]	; 0x50
7e1d8970:	7803      	ldrb	r3, [r0, #0]
7e1d8972:	9a13      	ldr	r2, [sp, #76]	; 0x4c
7e1d8974:	2bff      	cmp	r3, #255	; 0xff
7e1d8976:	d00b      	beq.n	7e1d8990 <_svfprintf_r+0x18cc>
7e1d8978:	4293      	cmp	r3, r2
7e1d897a:	da09      	bge.n	7e1d8990 <_svfprintf_r+0x18cc>
7e1d897c:	7841      	ldrb	r1, [r0, #1]
7e1d897e:	1ad2      	subs	r2, r2, r3
7e1d8980:	b1b1      	cbz	r1, 7e1d89b0 <_svfprintf_r+0x18ec>
7e1d8982:	9b14      	ldr	r3, [sp, #80]	; 0x50
7e1d8984:	3001      	adds	r0, #1
7e1d8986:	3301      	adds	r3, #1
7e1d8988:	9314      	str	r3, [sp, #80]	; 0x50
7e1d898a:	460b      	mov	r3, r1
7e1d898c:	2bff      	cmp	r3, #255	; 0xff
7e1d898e:	d1f3      	bne.n	7e1d8978 <_svfprintf_r+0x18b4>
7e1d8990:	9213      	str	r2, [sp, #76]	; 0x4c
7e1d8992:	9b14      	ldr	r3, [sp, #80]	; 0x50
7e1d8994:	9a12      	ldr	r2, [sp, #72]	; 0x48
7e1d8996:	901f      	str	r0, [sp, #124]	; 0x7c
7e1d8998:	4413      	add	r3, r2
7e1d899a:	2200      	movs	r2, #0
7e1d899c:	920c      	str	r2, [sp, #48]	; 0x30
7e1d899e:	9a1d      	ldr	r2, [sp, #116]	; 0x74
7e1d89a0:	f8dd a040 	ldr.w	sl, [sp, #64]	; 0x40
7e1d89a4:	fb02 7703 	mla	r7, r2, r3, r7
7e1d89a8:	ea27 73e7 	bic.w	r3, r7, r7, asr #31
7e1d89ac:	9307      	str	r3, [sp, #28]
7e1d89ae:	e618      	b.n	7e1d85e2 <_svfprintf_r+0x151e>
7e1d89b0:	9912      	ldr	r1, [sp, #72]	; 0x48
7e1d89b2:	3101      	adds	r1, #1
7e1d89b4:	9112      	str	r1, [sp, #72]	; 0x48
7e1d89b6:	e7dd      	b.n	7e1d8974 <_svfprintf_r+0x18b0>
7e1d89b8:	9b1a      	ldr	r3, [sp, #104]	; 0x68
7e1d89ba:	2666      	movs	r6, #102	; 0x66
7e1d89bc:	18d7      	adds	r7, r2, r3
7e1d89be:	4447      	add	r7, r8
7e1d89c0:	e6ee      	b.n	7e1d87a0 <_svfprintf_r+0x16dc>
7e1d89c2:	9b12      	ldr	r3, [sp, #72]	; 0x48
7e1d89c4:	9728      	str	r7, [sp, #160]	; 0xa0
7e1d89c6:	f814 2c01 	ldrb.w	r2, [r4, #-1]
7e1d89ca:	7bd9      	ldrb	r1, [r3, #15]
7e1d89cc:	4623      	mov	r3, r4
7e1d89ce:	428a      	cmp	r2, r1
7e1d89d0:	d109      	bne.n	7e1d89e6 <_svfprintf_r+0x1922>
7e1d89d2:	2030      	movs	r0, #48	; 0x30
7e1d89d4:	f803 0c01 	strb.w	r0, [r3, #-1]
7e1d89d8:	9b28      	ldr	r3, [sp, #160]	; 0xa0
7e1d89da:	1e5a      	subs	r2, r3, #1
7e1d89dc:	9228      	str	r2, [sp, #160]	; 0xa0
7e1d89de:	f813 2c01 	ldrb.w	r2, [r3, #-1]
7e1d89e2:	4291      	cmp	r1, r2
7e1d89e4:	d0f6      	beq.n	7e1d89d4 <_svfprintf_r+0x1910>
7e1d89e6:	2a39      	cmp	r2, #57	; 0x39
7e1d89e8:	bf15      	itete	ne
7e1d89ea:	3201      	addne	r2, #1
7e1d89ec:	9a12      	ldreq	r2, [sp, #72]	; 0x48
7e1d89ee:	b2d2      	uxtbne	r2, r2
7e1d89f0:	7a92      	ldrbeq	r2, [r2, #10]
7e1d89f2:	f803 2c01 	strb.w	r2, [r3, #-1]
7e1d89f6:	f7ff bb2c 	b.w	7e1d8052 <_svfprintf_r+0xf8e>
7e1d89fa:	9b17      	ldr	r3, [sp, #92]	; 0x5c
7e1d89fc:	f64a 3118 	movw	r1, #43800	; 0xab18
7e1d8a00:	f2c8 012d 	movt	r1, #32813	; 0x802d
7e1d8a04:	2b00      	cmp	r3, #0
7e1d8a06:	f64a 331c 	movw	r3, #43804	; 0xab1c
7e1d8a0a:	f2c8 032d 	movt	r3, #32813	; 0x802d
7e1d8a0e:	bfb6      	itet	lt
7e1d8a10:	222d      	movlt	r2, #45	; 0x2d
7e1d8a12:	f89d 208b 	ldrbge.w	r2, [sp, #139]	; 0x8b
7e1d8a16:	f88d 208b 	strblt.w	r2, [sp, #139]	; 0x8b
7e1d8a1a:	f7fe be8c 	b.w	7e1d7736 <_svfprintf_r+0x672>
7e1d8a1e:	e9dd 3416 	ldrd	r3, r4, [sp, #88]	; 0x58
7e1d8a22:	f104 4500 	add.w	r5, r4, #2147483648	; 0x80000000
7e1d8a26:	461f      	mov	r7, r3
7e1d8a28:	232d      	movs	r3, #45	; 0x2d
7e1d8a2a:	930f      	str	r3, [sp, #60]	; 0x3c
7e1d8a2c:	e65c      	b.n	7e1d86e8 <_svfprintf_r+0x1624>
7e1d8a2e:	9b07      	ldr	r3, [sp, #28]
7e1d8a30:	a926      	add	r1, sp, #152	; 0x98
7e1d8a32:	3230      	adds	r2, #48	; 0x30
7e1d8a34:	2b41      	cmp	r3, #65	; 0x41
7e1d8a36:	bf0f      	iteee	eq
7e1d8a38:	f10d 039a 	addeq.w	r3, sp, #154	; 0x9a
7e1d8a3c:	2330      	movne	r3, #48	; 0x30
7e1d8a3e:	f88d 309a 	strbne.w	r3, [sp, #154]	; 0x9a
7e1d8a42:	f10d 039b 	addne.w	r3, sp, #155	; 0x9b
7e1d8a46:	f803 2b01 	strb.w	r2, [r3], #1
7e1d8a4a:	1a5b      	subs	r3, r3, r1
7e1d8a4c:	931c      	str	r3, [sp, #112]	; 0x70
7e1d8a4e:	e5b4      	b.n	7e1d85ba <_svfprintf_r+0x14f6>
7e1d8a50:	f01a 0f01 	tst.w	sl, #1
7e1d8a54:	f43f adba 	beq.w	7e1d85cc <_svfprintf_r+0x1508>
7e1d8a58:	e5b6      	b.n	7e1d85c8 <_svfprintf_r+0x1504>
7e1d8a5a:	f8dd a04c 	ldr.w	sl, [sp, #76]	; 0x4c
7e1d8a5e:	f8dd b080 	ldr.w	fp, [sp, #128]	; 0x80
7e1d8a62:	f8cd 807c 	str.w	r8, [sp, #124]	; 0x7c
7e1d8a66:	46a0      	mov	r8, r4
7e1d8a68:	4614      	mov	r4, r2
7e1d8a6a:	9b0f      	ldr	r3, [sp, #60]	; 0x3c
7e1d8a6c:	4598      	cmp	r8, r3
7e1d8a6e:	bf28      	it	cs
7e1d8a70:	4698      	movcs	r8, r3
7e1d8a72:	f7ff b91e 	b.w	7e1d7cb2 <_svfprintf_r+0xbee>
7e1d8a76:	464a      	mov	r2, r9
7e1d8a78:	e4e5      	b.n	7e1d8446 <_svfprintf_r+0x1382>
7e1d8a7a:	f1c8 0301 	rsb	r3, r8, #1
7e1d8a7e:	9324      	str	r3, [sp, #144]	; 0x90
7e1d8a80:	e65a      	b.n	7e1d8738 <_svfprintf_r+0x1674>
7e1d8a82:	9b0d      	ldr	r3, [sp, #52]	; 0x34
7e1d8a84:	f89b 6001 	ldrb.w	r6, [fp, #1]
7e1d8a88:	4693      	mov	fp, r2
7e1d8a8a:	f853 1b04 	ldr.w	r1, [r3], #4
7e1d8a8e:	ea41 78e1 	orr.w	r8, r1, r1, asr #31
7e1d8a92:	930d      	str	r3, [sp, #52]	; 0x34
7e1d8a94:	f7fe bb77 	b.w	7e1d7186 <_svfprintf_r+0xc2>
7e1d8a98:	b923      	cbnz	r3, 7e1d8aa4 <_svfprintf_r+0x19e0>
7e1d8a9a:	2301      	movs	r3, #1
7e1d8a9c:	2666      	movs	r6, #102	; 0x66
7e1d8a9e:	9307      	str	r3, [sp, #28]
7e1d8aa0:	461f      	mov	r7, r3
7e1d8aa2:	e665      	b.n	7e1d8770 <_svfprintf_r+0x16ac>
7e1d8aa4:	9b1a      	ldr	r3, [sp, #104]	; 0x68
7e1d8aa6:	2666      	movs	r6, #102	; 0x66
7e1d8aa8:	1c5f      	adds	r7, r3, #1
7e1d8aaa:	4447      	add	r7, r8
7e1d8aac:	ea27 73e7 	bic.w	r3, r7, r7, asr #31
7e1d8ab0:	9307      	str	r3, [sp, #28]
7e1d8ab2:	e65d      	b.n	7e1d8770 <_svfprintf_r+0x16ac>
7e1d8ab4:	2300      	movs	r3, #0
7e1d8ab6:	930c      	str	r3, [sp, #48]	; 0x30
7e1d8ab8:	e534      	b.n	7e1d8524 <_svfprintf_r+0x1460>
7e1d8aba:	4644      	mov	r4, r8
7e1d8abc:	e4ec      	b.n	7e1d8498 <_svfprintf_r+0x13d4>
7e1d8abe:	9a0b      	ldr	r2, [sp, #44]	; 0x2c
7e1d8ac0:	8993      	ldrh	r3, [r2, #12]
7e1d8ac2:	f043 0340 	orr.w	r3, r3, #64	; 0x40
7e1d8ac6:	8193      	strh	r3, [r2, #12]
7e1d8ac8:	f7fe bc1c 	b.w	7e1d7304 <_svfprintf_r+0x240>
7e1d8acc:	9b0e      	ldr	r3, [sp, #56]	; 0x38
7e1d8ace:	9a15      	ldr	r2, [sp, #84]	; 0x54
7e1d8ad0:	4413      	add	r3, r2
7e1d8ad2:	930f      	str	r3, [sp, #60]	; 0x3c
7e1d8ad4:	e7c9      	b.n	7e1d8a6a <_svfprintf_r+0x19a6>
7e1d8ad6:	f04f 32ff 	mov.w	r2, #4294967295
7e1d8ada:	9208      	str	r2, [sp, #32]
7e1d8adc:	9a0a      	ldr	r2, [sp, #40]	; 0x28
7e1d8ade:	230c      	movs	r3, #12
7e1d8ae0:	6013      	str	r3, [r2, #0]
7e1d8ae2:	f7fe bc16 	b.w	7e1d7312 <_svfprintf_r+0x24e>
7e1d8ae6:	2302      	movs	r3, #2
7e1d8ae8:	931c      	str	r3, [sp, #112]	; 0x70
7e1d8aea:	e566      	b.n	7e1d85ba <_svfprintf_r+0x14f6>

7e1d8aec <_vsnprintf_r>:
7e1d8aec:	b530      	push	{r4, r5, lr}
7e1d8aee:	1e14      	subs	r4, r2, #0
7e1d8af0:	4605      	mov	r5, r0
7e1d8af2:	b09b      	sub	sp, #108	; 0x6c
7e1d8af4:	bfbe      	ittt	lt
7e1d8af6:	238b      	movlt	r3, #139	; 0x8b
7e1d8af8:	f04f 30ff 	movlt.w	r0, #4294967295
7e1d8afc:	602b      	strlt	r3, [r5, #0]
7e1d8afe:	db15      	blt.n	7e1d8b2c <_vsnprintf_r+0x40>
7e1d8b00:	461a      	mov	r2, r3
7e1d8b02:	9100      	str	r1, [sp, #0]
7e1d8b04:	f44f 7302 	mov.w	r3, #520	; 0x208
7e1d8b08:	9104      	str	r1, [sp, #16]
7e1d8b0a:	f8ad 300c 	strh.w	r3, [sp, #12]
7e1d8b0e:	4669      	mov	r1, sp
7e1d8b10:	9b1e      	ldr	r3, [sp, #120]	; 0x78
7e1d8b12:	d10d      	bne.n	7e1d8b30 <_vsnprintf_r+0x44>
7e1d8b14:	9402      	str	r4, [sp, #8]
7e1d8b16:	9405      	str	r4, [sp, #20]
7e1d8b18:	f64f 74ff 	movw	r4, #65535	; 0xffff
7e1d8b1c:	f8ad 400e 	strh.w	r4, [sp, #14]
7e1d8b20:	f7fe fad0 	bl	7e1d70c4 <_svfprintf_r>
7e1d8b24:	1c43      	adds	r3, r0, #1
7e1d8b26:	da01      	bge.n	7e1d8b2c <_vsnprintf_r+0x40>
7e1d8b28:	238b      	movs	r3, #139	; 0x8b
7e1d8b2a:	602b      	str	r3, [r5, #0]
7e1d8b2c:	b01b      	add	sp, #108	; 0x6c
7e1d8b2e:	bd30      	pop	{r4, r5, pc}
7e1d8b30:	3c01      	subs	r4, #1
7e1d8b32:	9402      	str	r4, [sp, #8]
7e1d8b34:	9405      	str	r4, [sp, #20]
7e1d8b36:	f64f 74ff 	movw	r4, #65535	; 0xffff
7e1d8b3a:	f8ad 400e 	strh.w	r4, [sp, #14]
7e1d8b3e:	f7fe fac1 	bl	7e1d70c4 <_svfprintf_r>
7e1d8b42:	1c42      	adds	r2, r0, #1
7e1d8b44:	f04f 0200 	mov.w	r2, #0
7e1d8b48:	bfbc      	itt	lt
7e1d8b4a:	238b      	movlt	r3, #139	; 0x8b
7e1d8b4c:	602b      	strlt	r3, [r5, #0]
7e1d8b4e:	9b00      	ldr	r3, [sp, #0]
7e1d8b50:	701a      	strb	r2, [r3, #0]
7e1d8b52:	b01b      	add	sp, #108	; 0x6c
7e1d8b54:	bd30      	pop	{r4, r5, pc}
7e1d8b56:	bf00      	nop

7e1d8b58 <vsnprintf>:
7e1d8b58:	b510      	push	{r4, lr}
7e1d8b5a:	f24c 1428 	movw	r4, #49448	; 0xc128
7e1d8b5e:	b082      	sub	sp, #8
7e1d8b60:	f6c7 641d 	movt	r4, #32285	; 0x7e1d
7e1d8b64:	9300      	str	r3, [sp, #0]
7e1d8b66:	4613      	mov	r3, r2
7e1d8b68:	460a      	mov	r2, r1
7e1d8b6a:	4601      	mov	r1, r0
7e1d8b6c:	6820      	ldr	r0, [r4, #0]
7e1d8b6e:	f7ff ffbd 	bl	7e1d8aec <_vsnprintf_r>
7e1d8b72:	b002      	add	sp, #8
7e1d8b74:	bd10      	pop	{r4, pc}
7e1d8b76:	bf00      	nop

7e1d8b78 <quorem>:
7e1d8b78:	e92d 4ff0 	stmdb	sp!, {r4, r5, r6, r7, r8, r9, sl, fp, lr}
7e1d8b7c:	b085      	sub	sp, #20
7e1d8b7e:	6903      	ldr	r3, [r0, #16]
7e1d8b80:	690e      	ldr	r6, [r1, #16]
7e1d8b82:	42b3      	cmp	r3, r6
7e1d8b84:	bfb8      	it	lt
7e1d8b86:	2000      	movlt	r0, #0
7e1d8b88:	f2c0 8093 	blt.w	7e1d8cb2 <quorem+0x13a>
7e1d8b8c:	3e01      	subs	r6, #1
7e1d8b8e:	f101 0514 	add.w	r5, r1, #20
7e1d8b92:	f100 0a14 	add.w	sl, r0, #20
7e1d8b96:	9101      	str	r1, [sp, #4]
7e1d8b98:	f855 4026 	ldr.w	r4, [r5, r6, lsl #2]
7e1d8b9c:	00b3      	lsls	r3, r6, #2
7e1d8b9e:	f85a b026 	ldr.w	fp, [sl, r6, lsl #2]
7e1d8ba2:	4680      	mov	r8, r0
7e1d8ba4:	3401      	adds	r4, #1
7e1d8ba6:	9302      	str	r3, [sp, #8]
7e1d8ba8:	eb05 0903 	add.w	r9, r5, r3
7e1d8bac:	4453      	add	r3, sl
7e1d8bae:	4621      	mov	r1, r4
7e1d8bb0:	4658      	mov	r0, fp
7e1d8bb2:	9303      	str	r3, [sp, #12]
7e1d8bb4:	f003 f8e4 	bl	7e1dbd80 <__udivsi3>
7e1d8bb8:	45a3      	cmp	fp, r4
7e1d8bba:	4607      	mov	r7, r0
7e1d8bbc:	d340      	bcc.n	7e1d8c40 <quorem+0xc8>
7e1d8bbe:	2100      	movs	r1, #0
7e1d8bc0:	46ac      	mov	ip, r5
7e1d8bc2:	4650      	mov	r0, sl
7e1d8bc4:	460b      	mov	r3, r1
7e1d8bc6:	f85c 2b04 	ldr.w	r2, [ip], #4
7e1d8bca:	6804      	ldr	r4, [r0, #0]
7e1d8bcc:	45e1      	cmp	r9, ip
7e1d8bce:	fa1f fb82 	uxth.w	fp, r2
7e1d8bd2:	ea4f 4e12 	mov.w	lr, r2, lsr #16
7e1d8bd6:	fb07 110b 	mla	r1, r7, fp, r1
7e1d8bda:	fa1f fb84 	uxth.w	fp, r4
7e1d8bde:	ea4f 4211 	mov.w	r2, r1, lsr #16
7e1d8be2:	b289      	uxth	r1, r1
7e1d8be4:	eba3 0301 	sub.w	r3, r3, r1
7e1d8be8:	fb07 210e 	mla	r1, r7, lr, r2
7e1d8bec:	445b      	add	r3, fp
7e1d8bee:	fa1f fb83 	uxth.w	fp, r3
7e1d8bf2:	b28a      	uxth	r2, r1
7e1d8bf4:	ea4f 4111 	mov.w	r1, r1, lsr #16
7e1d8bf8:	ebc2 4414 	rsb	r4, r2, r4, lsr #16
7e1d8bfc:	eb04 4323 	add.w	r3, r4, r3, asr #16
7e1d8c00:	ea4b 4203 	orr.w	r2, fp, r3, lsl #16
7e1d8c04:	ea4f 4323 	mov.w	r3, r3, asr #16
7e1d8c08:	f840 2b04 	str.w	r2, [r0], #4
7e1d8c0c:	d2db      	bcs.n	7e1d8bc6 <quorem+0x4e>
7e1d8c0e:	9b02      	ldr	r3, [sp, #8]
7e1d8c10:	f85a 3003 	ldr.w	r3, [sl, r3]
7e1d8c14:	b9a3      	cbnz	r3, 7e1d8c40 <quorem+0xc8>
7e1d8c16:	9a03      	ldr	r2, [sp, #12]
7e1d8c18:	1f13      	subs	r3, r2, #4
7e1d8c1a:	459a      	cmp	sl, r3
7e1d8c1c:	d20e      	bcs.n	7e1d8c3c <quorem+0xc4>
7e1d8c1e:	f852 3c04 	ldr.w	r3, [r2, #-4]
7e1d8c22:	b95b      	cbnz	r3, 7e1d8c3c <quorem+0xc4>
7e1d8c24:	f1a2 0308 	sub.w	r3, r2, #8
7e1d8c28:	e001      	b.n	7e1d8c2e <quorem+0xb6>
7e1d8c2a:	6812      	ldr	r2, [r2, #0]
7e1d8c2c:	b932      	cbnz	r2, 7e1d8c3c <quorem+0xc4>
7e1d8c2e:	459a      	cmp	sl, r3
7e1d8c30:	461a      	mov	r2, r3
7e1d8c32:	f106 36ff 	add.w	r6, r6, #4294967295
7e1d8c36:	f1a3 0304 	sub.w	r3, r3, #4
7e1d8c3a:	d3f6      	bcc.n	7e1d8c2a <quorem+0xb2>
7e1d8c3c:	f8c8 6010 	str.w	r6, [r8, #16]
7e1d8c40:	9901      	ldr	r1, [sp, #4]
7e1d8c42:	4640      	mov	r0, r8
7e1d8c44:	f001 ffca 	bl	7e1dabdc <__mcmp>
7e1d8c48:	2800      	cmp	r0, #0
7e1d8c4a:	db31      	blt.n	7e1d8cb0 <quorem+0x138>
7e1d8c4c:	3701      	adds	r7, #1
7e1d8c4e:	4651      	mov	r1, sl
7e1d8c50:	2200      	movs	r2, #0
7e1d8c52:	f855 3b04 	ldr.w	r3, [r5], #4
7e1d8c56:	680c      	ldr	r4, [r1, #0]
7e1d8c58:	45a9      	cmp	r9, r5
7e1d8c5a:	b298      	uxth	r0, r3
7e1d8c5c:	ea4f 4313 	mov.w	r3, r3, lsr #16
7e1d8c60:	eba2 0200 	sub.w	r2, r2, r0
7e1d8c64:	b2a0      	uxth	r0, r4
7e1d8c66:	4410      	add	r0, r2
7e1d8c68:	ebc3 4214 	rsb	r2, r3, r4, lsr #16
7e1d8c6c:	eb02 4220 	add.w	r2, r2, r0, asr #16
7e1d8c70:	b280      	uxth	r0, r0
7e1d8c72:	ea40 4002 	orr.w	r0, r0, r2, lsl #16
7e1d8c76:	ea4f 4222 	mov.w	r2, r2, asr #16
7e1d8c7a:	f841 0b04 	str.w	r0, [r1], #4
7e1d8c7e:	d2e8      	bcs.n	7e1d8c52 <quorem+0xda>
7e1d8c80:	f85a 2026 	ldr.w	r2, [sl, r6, lsl #2]
7e1d8c84:	eb0a 0386 	add.w	r3, sl, r6, lsl #2
7e1d8c88:	b992      	cbnz	r2, 7e1d8cb0 <quorem+0x138>
7e1d8c8a:	1f1a      	subs	r2, r3, #4
7e1d8c8c:	4592      	cmp	sl, r2
7e1d8c8e:	d20d      	bcs.n	7e1d8cac <quorem+0x134>
7e1d8c90:	f853 2c04 	ldr.w	r2, [r3, #-4]
7e1d8c94:	b952      	cbnz	r2, 7e1d8cac <quorem+0x134>
7e1d8c96:	3b08      	subs	r3, #8
7e1d8c98:	e001      	b.n	7e1d8c9e <quorem+0x126>
7e1d8c9a:	6812      	ldr	r2, [r2, #0]
7e1d8c9c:	b932      	cbnz	r2, 7e1d8cac <quorem+0x134>
7e1d8c9e:	459a      	cmp	sl, r3
7e1d8ca0:	461a      	mov	r2, r3
7e1d8ca2:	f106 36ff 	add.w	r6, r6, #4294967295
7e1d8ca6:	f1a3 0304 	sub.w	r3, r3, #4
7e1d8caa:	d3f6      	bcc.n	7e1d8c9a <quorem+0x122>
7e1d8cac:	f8c8 6010 	str.w	r6, [r8, #16]
7e1d8cb0:	4638      	mov	r0, r7
7e1d8cb2:	b005      	add	sp, #20
7e1d8cb4:	e8bd 8ff0 	ldmia.w	sp!, {r4, r5, r6, r7, r8, r9, sl, fp, pc}

7e1d8cb8 <_dtoa_r>:
7e1d8cb8:	e92d 4ff0 	stmdb	sp!, {r4, r5, r6, r7, r8, r9, sl, fp, lr}
7e1d8cbc:	461f      	mov	r7, r3
7e1d8cbe:	6c03      	ldr	r3, [r0, #64]	; 0x40
7e1d8cc0:	b09b      	sub	sp, #108	; 0x6c
7e1d8cc2:	4683      	mov	fp, r0
7e1d8cc4:	4690      	mov	r8, r2
7e1d8cc6:	46b9      	mov	r9, r7
7e1d8cc8:	9c27      	ldr	r4, [sp, #156]	; 0x9c
7e1d8cca:	b153      	cbz	r3, 7e1d8ce2 <_dtoa_r+0x2a>
7e1d8ccc:	6c45      	ldr	r5, [r0, #68]	; 0x44
7e1d8cce:	2201      	movs	r2, #1
7e1d8cd0:	4619      	mov	r1, r3
7e1d8cd2:	40aa      	lsls	r2, r5
7e1d8cd4:	e9c3 5201 	strd	r5, r2, [r3, #4]
7e1d8cd8:	f001 fd3a 	bl	7e1da750 <_Bfree>
7e1d8cdc:	2300      	movs	r3, #0
7e1d8cde:	f8cb 3040 	str.w	r3, [fp, #64]	; 0x40
7e1d8ce2:	1e3e      	subs	r6, r7, #0
7e1d8ce4:	bfbb      	ittet	lt
7e1d8ce6:	f026 4600 	biclt.w	r6, r6, #2147483648	; 0x80000000
7e1d8cea:	2301      	movlt	r3, #1
7e1d8cec:	2300      	movge	r3, #0
7e1d8cee:	6023      	strlt	r3, [r4, #0]
7e1d8cf0:	bfb4      	ite	lt
7e1d8cf2:	46b1      	movlt	r9, r6
7e1d8cf4:	6023      	strge	r3, [r4, #0]
7e1d8cf6:	2300      	movs	r3, #0
7e1d8cf8:	f6c7 73f0 	movt	r3, #32752	; 0x7ff0
7e1d8cfc:	43b3      	bics	r3, r6
7e1d8cfe:	f000 80b3 	beq.w	7e1d8e68 <_dtoa_r+0x1b0>
7e1d8d02:	4640      	mov	r0, r8
7e1d8d04:	4649      	mov	r1, r9
7e1d8d06:	2200      	movs	r2, #0
7e1d8d08:	2300      	movs	r3, #0
7e1d8d0a:	e9cd 0108 	strd	r0, r1, [sp, #32]
7e1d8d0e:	f002 fe93 	bl	7e1dba38 <__aeabi_dcmpeq>
7e1d8d12:	4605      	mov	r5, r0
7e1d8d14:	b170      	cbz	r0, 7e1d8d34 <_dtoa_r+0x7c>
7e1d8d16:	9a26      	ldr	r2, [sp, #152]	; 0x98
7e1d8d18:	2301      	movs	r3, #1
7e1d8d1a:	6013      	str	r3, [r2, #0]
7e1d8d1c:	9b28      	ldr	r3, [sp, #160]	; 0xa0
7e1d8d1e:	2b00      	cmp	r3, #0
7e1d8d20:	f000 8257 	beq.w	7e1d91d2 <_dtoa_r+0x51a>
7e1d8d24:	4b6c      	ldr	r3, [pc, #432]	; (7e1d8ed8 <_dtoa_r+0x220>)
7e1d8d26:	1e5e      	subs	r6, r3, #1
7e1d8d28:	9a28      	ldr	r2, [sp, #160]	; 0xa0
7e1d8d2a:	6013      	str	r3, [r2, #0]
7e1d8d2c:	4630      	mov	r0, r6
7e1d8d2e:	b01b      	add	sp, #108	; 0x6c
7e1d8d30:	e8bd 8ff0 	ldmia.w	sp!, {r4, r5, r6, r7, r8, r9, sl, fp, pc}
7e1d8d34:	ab18      	add	r3, sp, #96	; 0x60
7e1d8d36:	a919      	add	r1, sp, #100	; 0x64
7e1d8d38:	9301      	str	r3, [sp, #4]
7e1d8d3a:	4658      	mov	r0, fp
7e1d8d3c:	e9dd 2308 	ldrd	r2, r3, [sp, #32]
7e1d8d40:	9100      	str	r1, [sp, #0]
7e1d8d42:	f002 f86f 	bl	7e1dae24 <__d2b>
7e1d8d46:	0d34      	lsrs	r4, r6, #20
7e1d8d48:	4682      	mov	sl, r0
7e1d8d4a:	f040 80a1 	bne.w	7e1d8e90 <_dtoa_r+0x1d8>
7e1d8d4e:	e9dd 5418 	ldrd	r5, r4, [sp, #96]	; 0x60
7e1d8d52:	442c      	add	r4, r5
7e1d8d54:	f204 4332 	addw	r3, r4, #1074	; 0x432
7e1d8d58:	2b20      	cmp	r3, #32
7e1d8d5a:	bfc3      	ittte	gt
7e1d8d5c:	f204 4012 	addwgt	r0, r4, #1042	; 0x412
7e1d8d60:	f1c3 0340 	rsbgt	r3, r3, #64	; 0x40
7e1d8d64:	409e      	lslgt	r6, r3
7e1d8d66:	f1c3 0620 	rsble	r6, r3, #32
7e1d8d6a:	bfca      	itet	gt
7e1d8d6c:	fa28 f000 	lsrgt.w	r0, r8, r0
7e1d8d70:	fa08 f006 	lslle.w	r0, r8, r6
7e1d8d74:	4330      	orrgt	r0, r6
7e1d8d76:	3c01      	subs	r4, #1
7e1d8d78:	f002 fb7c 	bl	7e1db474 <__aeabi_ui2d>
7e1d8d7c:	2601      	movs	r6, #1
7e1d8d7e:	960f      	str	r6, [sp, #60]	; 0x3c
7e1d8d80:	f1a1 73f8 	sub.w	r3, r1, #32505856	; 0x1f00000
7e1d8d84:	4602      	mov	r2, r0
7e1d8d86:	4610      	mov	r0, r2
7e1d8d88:	4619      	mov	r1, r3
7e1d8d8a:	2200      	movs	r2, #0
7e1d8d8c:	2300      	movs	r3, #0
7e1d8d8e:	f6c3 73f8 	movt	r3, #16376	; 0x3ff8
7e1d8d92:	f002 fa31 	bl	7e1db1f8 <__aeabi_dsub>
7e1d8d96:	a34a      	add	r3, pc, #296	; (adr r3, 7e1d8ec0 <_dtoa_r+0x208>)
7e1d8d98:	e9d3 2300 	ldrd	r2, r3, [r3]
7e1d8d9c:	f002 fbe4 	bl	7e1db568 <__aeabi_dmul>
7e1d8da0:	a349      	add	r3, pc, #292	; (adr r3, 7e1d8ec8 <_dtoa_r+0x210>)
7e1d8da2:	e9d3 2300 	ldrd	r2, r3, [r3]
7e1d8da6:	f002 fa29 	bl	7e1db1fc <__adddf3>
7e1d8daa:	4606      	mov	r6, r0
7e1d8dac:	4620      	mov	r0, r4
7e1d8dae:	460f      	mov	r7, r1
7e1d8db0:	f002 fb70 	bl	7e1db494 <__aeabi_i2d>
7e1d8db4:	a346      	add	r3, pc, #280	; (adr r3, 7e1d8ed0 <_dtoa_r+0x218>)
7e1d8db6:	e9d3 2300 	ldrd	r2, r3, [r3]
7e1d8dba:	f002 fbd5 	bl	7e1db568 <__aeabi_dmul>
7e1d8dbe:	4602      	mov	r2, r0
7e1d8dc0:	460b      	mov	r3, r1
7e1d8dc2:	4630      	mov	r0, r6
7e1d8dc4:	4639      	mov	r1, r7
7e1d8dc6:	f002 fa19 	bl	7e1db1fc <__adddf3>
7e1d8dca:	4606      	mov	r6, r0
7e1d8dcc:	460f      	mov	r7, r1
7e1d8dce:	f002 fe7b 	bl	7e1dbac8 <__aeabi_d2iz>
7e1d8dd2:	2200      	movs	r2, #0
7e1d8dd4:	2300      	movs	r3, #0
7e1d8dd6:	4639      	mov	r1, r7
7e1d8dd8:	9002      	str	r0, [sp, #8]
7e1d8dda:	4630      	mov	r0, r6
7e1d8ddc:	f002 fe36 	bl	7e1dba4c <__aeabi_dcmplt>
7e1d8de0:	2800      	cmp	r0, #0
7e1d8de2:	f040 81e2 	bne.w	7e1d91aa <_dtoa_r+0x4f2>
7e1d8de6:	1b2c      	subs	r4, r5, r4
7e1d8de8:	9d02      	ldr	r5, [sp, #8]
7e1d8dea:	1e63      	subs	r3, r4, #1
7e1d8dec:	9305      	str	r3, [sp, #20]
7e1d8dee:	2d16      	cmp	r5, #22
7e1d8df0:	f200 81d8 	bhi.w	7e1d91a4 <_dtoa_r+0x4ec>
7e1d8df4:	f64a 43c8 	movw	r3, #44232	; 0xacc8
7e1d8df8:	f2c8 032d 	movt	r3, #32813	; 0x802d
7e1d8dfc:	eb03 03c5 	add.w	r3, r3, r5, lsl #3
7e1d8e00:	e9dd 0108 	ldrd	r0, r1, [sp, #32]
7e1d8e04:	e9d3 2300 	ldrd	r2, r3, [r3]
7e1d8e08:	f002 fe20 	bl	7e1dba4c <__aeabi_dcmplt>
7e1d8e0c:	2800      	cmp	r0, #0
7e1d8e0e:	d065      	beq.n	7e1d8edc <_dtoa_r+0x224>
7e1d8e10:	1e6b      	subs	r3, r5, #1
7e1d8e12:	9302      	str	r3, [sp, #8]
7e1d8e14:	2300      	movs	r3, #0
7e1d8e16:	930e      	str	r3, [sp, #56]	; 0x38
7e1d8e18:	9b05      	ldr	r3, [sp, #20]
7e1d8e1a:	2b00      	cmp	r3, #0
7e1d8e1c:	bfa4      	itt	ge
7e1d8e1e:	2300      	movge	r3, #0
7e1d8e20:	930b      	strge	r3, [sp, #44]	; 0x2c
7e1d8e22:	f2c0 81d0 	blt.w	7e1d91c6 <_dtoa_r+0x50e>
7e1d8e26:	9b02      	ldr	r3, [sp, #8]
7e1d8e28:	2b00      	cmp	r3, #0
7e1d8e2a:	da5f      	bge.n	7e1d8eec <_dtoa_r+0x234>
7e1d8e2c:	9b02      	ldr	r3, [sp, #8]
7e1d8e2e:	9a0b      	ldr	r2, [sp, #44]	; 0x2c
7e1d8e30:	9306      	str	r3, [sp, #24]
7e1d8e32:	1ad2      	subs	r2, r2, r3
7e1d8e34:	920b      	str	r2, [sp, #44]	; 0x2c
7e1d8e36:	425a      	negs	r2, r3
7e1d8e38:	2300      	movs	r3, #0
7e1d8e3a:	9302      	str	r3, [sp, #8]
7e1d8e3c:	9b24      	ldr	r3, [sp, #144]	; 0x90
7e1d8e3e:	920d      	str	r2, [sp, #52]	; 0x34
7e1d8e40:	2b09      	cmp	r3, #9
7e1d8e42:	d85e      	bhi.n	7e1d8f02 <_dtoa_r+0x24a>
7e1d8e44:	2b05      	cmp	r3, #5
7e1d8e46:	bfd8      	it	le
7e1d8e48:	2401      	movle	r4, #1
7e1d8e4a:	dd02      	ble.n	7e1d8e52 <_dtoa_r+0x19a>
7e1d8e4c:	2400      	movs	r4, #0
7e1d8e4e:	3b04      	subs	r3, #4
7e1d8e50:	9324      	str	r3, [sp, #144]	; 0x90
7e1d8e52:	9b24      	ldr	r3, [sp, #144]	; 0x90
7e1d8e54:	3b02      	subs	r3, #2
7e1d8e56:	2b03      	cmp	r3, #3
7e1d8e58:	f200 8526 	bhi.w	7e1d98a8 <_dtoa_r+0xbf0>
7e1d8e5c:	e8df f013 	tbh	[pc, r3, lsl #1]
7e1d8e60:	043a043d 	.word	0x043a043d
7e1d8e64:	042d040c 	.word	0x042d040c
7e1d8e68:	9a26      	ldr	r2, [sp, #152]	; 0x98
7e1d8e6a:	f3c6 0613 	ubfx	r6, r6, #0, #20
7e1d8e6e:	f242 730f 	movw	r3, #9999	; 0x270f
7e1d8e72:	6013      	str	r3, [r2, #0]
7e1d8e74:	ea56 0308 	orrs.w	r3, r6, r8
7e1d8e78:	d117      	bne.n	7e1d8eaa <_dtoa_r+0x1f2>
7e1d8e7a:	9b28      	ldr	r3, [sp, #160]	; 0xa0
7e1d8e7c:	f64a 3678 	movw	r6, #43896	; 0xab78
7e1d8e80:	f2c8 062d 	movt	r6, #32813	; 0x802d
7e1d8e84:	2b00      	cmp	r3, #0
7e1d8e86:	f43f af51 	beq.w	7e1d8d2c <_dtoa_r+0x74>
7e1d8e8a:	f106 0308 	add.w	r3, r6, #8
7e1d8e8e:	e74b      	b.n	7e1d8d28 <_dtoa_r+0x70>
7e1d8e90:	e9dd 2308 	ldrd	r2, r3, [sp, #32]
7e1d8e94:	f2a4 34ff 	subw	r4, r4, #1023	; 0x3ff
7e1d8e98:	950f      	str	r5, [sp, #60]	; 0x3c
7e1d8e9a:	f3c3 0113 	ubfx	r1, r3, #0, #20
7e1d8e9e:	9d18      	ldr	r5, [sp, #96]	; 0x60
7e1d8ea0:	f041 537f 	orr.w	r3, r1, #1069547520	; 0x3fc00000
7e1d8ea4:	f443 1340 	orr.w	r3, r3, #3145728	; 0x300000
7e1d8ea8:	e76d      	b.n	7e1d8d86 <_dtoa_r+0xce>
7e1d8eaa:	9b28      	ldr	r3, [sp, #160]	; 0xa0
7e1d8eac:	f64a 3674 	movw	r6, #43892	; 0xab74
7e1d8eb0:	f2c8 062d 	movt	r6, #32813	; 0x802d
7e1d8eb4:	2b00      	cmp	r3, #0
7e1d8eb6:	f43f af39 	beq.w	7e1d8d2c <_dtoa_r+0x74>
7e1d8eba:	1cf3      	adds	r3, r6, #3
7e1d8ebc:	e734      	b.n	7e1d8d28 <_dtoa_r+0x70>
7e1d8ebe:	bf00      	nop
7e1d8ec0:	636f4361 	.word	0x636f4361
7e1d8ec4:	3fd287a7 	.word	0x3fd287a7
7e1d8ec8:	8b60c8b3 	.word	0x8b60c8b3
7e1d8ecc:	3fc68a28 	.word	0x3fc68a28
7e1d8ed0:	509f79fb 	.word	0x509f79fb
7e1d8ed4:	3fd34413 	.word	0x3fd34413
7e1d8ed8:	802dab51 	.word	0x802dab51
7e1d8edc:	9b05      	ldr	r3, [sp, #20]
7e1d8ede:	2b00      	cmp	r3, #0
7e1d8ee0:	bfb8      	it	lt
7e1d8ee2:	900e      	strlt	r0, [sp, #56]	; 0x38
7e1d8ee4:	f2c0 816f 	blt.w	7e1d91c6 <_dtoa_r+0x50e>
7e1d8ee8:	900e      	str	r0, [sp, #56]	; 0x38
7e1d8eea:	900b      	str	r0, [sp, #44]	; 0x2c
7e1d8eec:	9b02      	ldr	r3, [sp, #8]
7e1d8eee:	9a05      	ldr	r2, [sp, #20]
7e1d8ef0:	4611      	mov	r1, r2
7e1d8ef2:	4419      	add	r1, r3
7e1d8ef4:	e9cd 1305 	strd	r1, r3, [sp, #20]
7e1d8ef8:	2300      	movs	r3, #0
7e1d8efa:	930d      	str	r3, [sp, #52]	; 0x34
7e1d8efc:	9b24      	ldr	r3, [sp, #144]	; 0x90
7e1d8efe:	2b09      	cmp	r3, #9
7e1d8f00:	d9a0      	bls.n	7e1d8e44 <_dtoa_r+0x18c>
7e1d8f02:	2300      	movs	r3, #0
7e1d8f04:	9324      	str	r3, [sp, #144]	; 0x90
7e1d8f06:	2301      	movs	r3, #1
7e1d8f08:	930c      	str	r3, [sp, #48]	; 0x30
7e1d8f0a:	2300      	movs	r3, #0
7e1d8f0c:	9325      	str	r3, [sp, #148]	; 0x94
7e1d8f0e:	461c      	mov	r4, r3
7e1d8f10:	f04f 33ff 	mov.w	r3, #4294967295
7e1d8f14:	930a      	str	r3, [sp, #40]	; 0x28
7e1d8f16:	9b0a      	ldr	r3, [sp, #40]	; 0x28
7e1d8f18:	2100      	movs	r1, #0
7e1d8f1a:	f8cb 1044 	str.w	r1, [fp, #68]	; 0x44
7e1d8f1e:	9316      	str	r3, [sp, #88]	; 0x58
7e1d8f20:	4658      	mov	r0, fp
7e1d8f22:	f001 fbef 	bl	7e1da704 <_Balloc>
7e1d8f26:	9007      	str	r0, [sp, #28]
7e1d8f28:	f8cb 0040 	str.w	r0, [fp, #64]	; 0x40
7e1d8f2c:	2c00      	cmp	r4, #0
7e1d8f2e:	f000 8105 	beq.w	7e1d913c <_dtoa_r+0x484>
7e1d8f32:	9906      	ldr	r1, [sp, #24]
7e1d8f34:	2900      	cmp	r1, #0
7e1d8f36:	f340 82e4 	ble.w	7e1d9502 <_dtoa_r+0x84a>
7e1d8f3a:	f001 020f 	and.w	r2, r1, #15
7e1d8f3e:	f64a 43c8 	movw	r3, #44232	; 0xacc8
7e1d8f42:	110e      	asrs	r6, r1, #4
7e1d8f44:	f2c8 032d 	movt	r3, #32813	; 0x802d
7e1d8f48:	eb03 03c2 	add.w	r3, r3, r2, lsl #3
7e1d8f4c:	06f2      	lsls	r2, r6, #27
7e1d8f4e:	e9d3 4500 	ldrd	r4, r5, [r3]
7e1d8f52:	f140 838c 	bpl.w	7e1d966e <_dtoa_r+0x9b6>
7e1d8f56:	f64a 43a0 	movw	r3, #44192	; 0xaca0
7e1d8f5a:	f2c8 032d 	movt	r3, #32813	; 0x802d
7e1d8f5e:	e9dd 0108 	ldrd	r0, r1, [sp, #32]
7e1d8f62:	f006 060f 	and.w	r6, r6, #15
7e1d8f66:	e9d3 2308 	ldrd	r2, r3, [r3, #32]
7e1d8f6a:	f04f 0803 	mov.w	r8, #3
7e1d8f6e:	f002 fc25 	bl	7e1db7bc <__aeabi_ddiv>
7e1d8f72:	e9cd 0110 	strd	r0, r1, [sp, #64]	; 0x40
7e1d8f76:	f64a 47a0 	movw	r7, #44192	; 0xaca0
7e1d8f7a:	f2c8 072d 	movt	r7, #32813	; 0x802d
7e1d8f7e:	b17e      	cbz	r6, 7e1d8fa0 <_dtoa_r+0x2e8>
7e1d8f80:	07f3      	lsls	r3, r6, #31
7e1d8f82:	4620      	mov	r0, r4
7e1d8f84:	4629      	mov	r1, r5
7e1d8f86:	d507      	bpl.n	7e1d8f98 <_dtoa_r+0x2e0>
7e1d8f88:	e9d7 2300 	ldrd	r2, r3, [r7]
7e1d8f8c:	f108 0801 	add.w	r8, r8, #1
7e1d8f90:	f002 faea 	bl	7e1db568 <__aeabi_dmul>
7e1d8f94:	4604      	mov	r4, r0
7e1d8f96:	460d      	mov	r5, r1
7e1d8f98:	1076      	asrs	r6, r6, #1
7e1d8f9a:	f107 0708 	add.w	r7, r7, #8
7e1d8f9e:	d1ef      	bne.n	7e1d8f80 <_dtoa_r+0x2c8>
7e1d8fa0:	4622      	mov	r2, r4
7e1d8fa2:	462b      	mov	r3, r5
7e1d8fa4:	e9dd 0110 	ldrd	r0, r1, [sp, #64]	; 0x40
7e1d8fa8:	f002 fc08 	bl	7e1db7bc <__aeabi_ddiv>
7e1d8fac:	4606      	mov	r6, r0
7e1d8fae:	460f      	mov	r7, r1
7e1d8fb0:	9b0e      	ldr	r3, [sp, #56]	; 0x38
7e1d8fb2:	b153      	cbz	r3, 7e1d8fca <_dtoa_r+0x312>
7e1d8fb4:	2300      	movs	r3, #0
7e1d8fb6:	2200      	movs	r2, #0
7e1d8fb8:	f6c3 73f0 	movt	r3, #16368	; 0x3ff0
7e1d8fbc:	4630      	mov	r0, r6
7e1d8fbe:	4639      	mov	r1, r7
7e1d8fc0:	f002 fd44 	bl	7e1dba4c <__aeabi_dcmplt>
7e1d8fc4:	2800      	cmp	r0, #0
7e1d8fc6:	f040 8436 	bne.w	7e1d9836 <_dtoa_r+0xb7e>
7e1d8fca:	4640      	mov	r0, r8
7e1d8fcc:	f002 fa62 	bl	7e1db494 <__aeabi_i2d>
7e1d8fd0:	4632      	mov	r2, r6
7e1d8fd2:	463b      	mov	r3, r7
7e1d8fd4:	f002 fac8 	bl	7e1db568 <__aeabi_dmul>
7e1d8fd8:	2200      	movs	r2, #0
7e1d8fda:	2300      	movs	r3, #0
7e1d8fdc:	f2c4 031c 	movt	r3, #16412	; 0x401c
7e1d8fe0:	f002 f90c 	bl	7e1db1fc <__adddf3>
7e1d8fe4:	9b0a      	ldr	r3, [sp, #40]	; 0x28
7e1d8fe6:	4680      	mov	r8, r0
7e1d8fe8:	f1a1 7950 	sub.w	r9, r1, #54525952	; 0x3400000
7e1d8fec:	2b00      	cmp	r3, #0
7e1d8fee:	f000 81f0 	beq.w	7e1d93d2 <_dtoa_r+0x71a>
7e1d8ff2:	9b06      	ldr	r3, [sp, #24]
7e1d8ff4:	9317      	str	r3, [sp, #92]	; 0x5c
7e1d8ff6:	9b0a      	ldr	r3, [sp, #40]	; 0x28
7e1d8ff8:	9310      	str	r3, [sp, #64]	; 0x40
7e1d8ffa:	4639      	mov	r1, r7
7e1d8ffc:	4630      	mov	r0, r6
7e1d8ffe:	e9cd 8912 	strd	r8, r9, [sp, #72]	; 0x48
7e1d9002:	f002 fd61 	bl	7e1dbac8 <__aeabi_d2iz>
7e1d9006:	9c10      	ldr	r4, [sp, #64]	; 0x40
7e1d9008:	f64a 43c8 	movw	r3, #44232	; 0xacc8
7e1d900c:	f2c8 032d 	movt	r3, #32813	; 0x802d
7e1d9010:	9907      	ldr	r1, [sp, #28]
7e1d9012:	eb03 03c4 	add.w	r3, r3, r4, lsl #3
7e1d9016:	f101 0801 	add.w	r8, r1, #1
7e1d901a:	e953 4502 	ldrd	r4, r5, [r3, #-8]
7e1d901e:	e9cd 4514 	strd	r4, r5, [sp, #80]	; 0x50
7e1d9022:	f100 0930 	add.w	r9, r0, #48	; 0x30
7e1d9026:	f002 fa35 	bl	7e1db494 <__aeabi_i2d>
7e1d902a:	fa5f f989 	uxtb.w	r9, r9
7e1d902e:	4602      	mov	r2, r0
7e1d9030:	460b      	mov	r3, r1
7e1d9032:	4630      	mov	r0, r6
7e1d9034:	4639      	mov	r1, r7
7e1d9036:	f002 f8df 	bl	7e1db1f8 <__aeabi_dsub>
7e1d903a:	e9dd 2314 	ldrd	r2, r3, [sp, #80]	; 0x50
7e1d903e:	4604      	mov	r4, r0
7e1d9040:	980c      	ldr	r0, [sp, #48]	; 0x30
7e1d9042:	460d      	mov	r5, r1
7e1d9044:	2800      	cmp	r0, #0
7e1d9046:	f000 834b 	beq.w	7e1d96e0 <_dtoa_r+0xa28>
7e1d904a:	2000      	movs	r0, #0
7e1d904c:	2100      	movs	r1, #0
7e1d904e:	f6c3 71e0 	movt	r1, #16352	; 0x3fe0
7e1d9052:	f002 fbb3 	bl	7e1db7bc <__aeabi_ddiv>
7e1d9056:	e9dd 2312 	ldrd	r2, r3, [sp, #72]	; 0x48
7e1d905a:	f002 f8cd 	bl	7e1db1f8 <__aeabi_dsub>
7e1d905e:	9b07      	ldr	r3, [sp, #28]
7e1d9060:	4622      	mov	r2, r4
7e1d9062:	f883 9000 	strb.w	r9, [r3]
7e1d9066:	462b      	mov	r3, r5
7e1d9068:	4606      	mov	r6, r0
7e1d906a:	460f      	mov	r7, r1
7e1d906c:	f002 fd0c 	bl	7e1dba88 <__aeabi_dcmpgt>
7e1d9070:	2800      	cmp	r0, #0
7e1d9072:	d159      	bne.n	7e1d9128 <_dtoa_r+0x470>
7e1d9074:	4622      	mov	r2, r4
7e1d9076:	462b      	mov	r3, r5
7e1d9078:	2000      	movs	r0, #0
7e1d907a:	2100      	movs	r1, #0
7e1d907c:	f6c3 71f0 	movt	r1, #16368	; 0x3ff0
7e1d9080:	f002 f8ba 	bl	7e1db1f8 <__aeabi_dsub>
7e1d9084:	4602      	mov	r2, r0
7e1d9086:	460b      	mov	r3, r1
7e1d9088:	4630      	mov	r0, r6
7e1d908a:	4639      	mov	r1, r7
7e1d908c:	f002 fcfc 	bl	7e1dba88 <__aeabi_dcmpgt>
7e1d9090:	2800      	cmp	r0, #0
7e1d9092:	f040 8583 	bne.w	7e1d9b9c <_dtoa_r+0xee4>
7e1d9096:	9b10      	ldr	r3, [sp, #64]	; 0x40
7e1d9098:	2b01      	cmp	r3, #1
7e1d909a:	d04d      	beq.n	7e1d9138 <_dtoa_r+0x480>
7e1d909c:	9a07      	ldr	r2, [sp, #28]
7e1d909e:	f8cd a040 	str.w	sl, [sp, #64]	; 0x40
7e1d90a2:	4413      	add	r3, r2
7e1d90a4:	469a      	mov	sl, r3
7e1d90a6:	e00e      	b.n	7e1d90c6 <_dtoa_r+0x40e>
7e1d90a8:	2000      	movs	r0, #0
7e1d90aa:	2100      	movs	r1, #0
7e1d90ac:	f6c3 71f0 	movt	r1, #16368	; 0x3ff0
7e1d90b0:	f002 f8a2 	bl	7e1db1f8 <__aeabi_dsub>
7e1d90b4:	4632      	mov	r2, r6
7e1d90b6:	463b      	mov	r3, r7
7e1d90b8:	f002 fcc8 	bl	7e1dba4c <__aeabi_dcmplt>
7e1d90bc:	2800      	cmp	r0, #0
7e1d90be:	f040 8513 	bne.w	7e1d9ae8 <_dtoa_r+0xe30>
7e1d90c2:	45d0      	cmp	r8, sl
7e1d90c4:	d036      	beq.n	7e1d9134 <_dtoa_r+0x47c>
7e1d90c6:	4630      	mov	r0, r6
7e1d90c8:	4639      	mov	r1, r7
7e1d90ca:	2200      	movs	r2, #0
7e1d90cc:	2300      	movs	r3, #0
7e1d90ce:	f2c4 0324 	movt	r3, #16420	; 0x4024
7e1d90d2:	f002 fa49 	bl	7e1db568 <__aeabi_dmul>
7e1d90d6:	2200      	movs	r2, #0
7e1d90d8:	2300      	movs	r3, #0
7e1d90da:	f2c4 0324 	movt	r3, #16420	; 0x4024
7e1d90de:	4606      	mov	r6, r0
7e1d90e0:	460f      	mov	r7, r1
7e1d90e2:	4620      	mov	r0, r4
7e1d90e4:	4629      	mov	r1, r5
7e1d90e6:	f002 fa3f 	bl	7e1db568 <__aeabi_dmul>
7e1d90ea:	460d      	mov	r5, r1
7e1d90ec:	4604      	mov	r4, r0
7e1d90ee:	f002 fceb 	bl	7e1dbac8 <__aeabi_d2iz>
7e1d90f2:	4681      	mov	r9, r0
7e1d90f4:	f002 f9ce 	bl	7e1db494 <__aeabi_i2d>
7e1d90f8:	f109 0930 	add.w	r9, r9, #48	; 0x30
7e1d90fc:	fa5f f989 	uxtb.w	r9, r9
7e1d9100:	4602      	mov	r2, r0
7e1d9102:	460b      	mov	r3, r1
7e1d9104:	4620      	mov	r0, r4
7e1d9106:	4629      	mov	r1, r5
7e1d9108:	f002 f876 	bl	7e1db1f8 <__aeabi_dsub>
7e1d910c:	4632      	mov	r2, r6
7e1d910e:	463b      	mov	r3, r7
7e1d9110:	f808 9b01 	strb.w	r9, [r8], #1
7e1d9114:	4604      	mov	r4, r0
7e1d9116:	460d      	mov	r5, r1
7e1d9118:	f002 fc98 	bl	7e1dba4c <__aeabi_dcmplt>
7e1d911c:	4622      	mov	r2, r4
7e1d911e:	462b      	mov	r3, r5
7e1d9120:	2800      	cmp	r0, #0
7e1d9122:	d0c1      	beq.n	7e1d90a8 <_dtoa_r+0x3f0>
7e1d9124:	f8dd a040 	ldr.w	sl, [sp, #64]	; 0x40
7e1d9128:	9b17      	ldr	r3, [sp, #92]	; 0x5c
7e1d912a:	9e07      	ldr	r6, [sp, #28]
7e1d912c:	3301      	adds	r3, #1
7e1d912e:	e9cd 3806 	strd	r3, r8, [sp, #24]
7e1d9132:	e0eb      	b.n	7e1d930c <_dtoa_r+0x654>
7e1d9134:	f8dd a040 	ldr.w	sl, [sp, #64]	; 0x40
7e1d9138:	e9dd 8908 	ldrd	r8, r9, [sp, #32]
7e1d913c:	9a06      	ldr	r2, [sp, #24]
7e1d913e:	9b19      	ldr	r3, [sp, #100]	; 0x64
7e1d9140:	4611      	mov	r1, r2
7e1d9142:	290e      	cmp	r1, #14
7e1d9144:	ea6f 0203 	mvn.w	r2, r3
7e1d9148:	ea4f 72d2 	mov.w	r2, r2, lsr #31
7e1d914c:	bfc8      	it	gt
7e1d914e:	2200      	movgt	r2, #0
7e1d9150:	2a00      	cmp	r2, #0
7e1d9152:	f040 80f6 	bne.w	7e1d9342 <_dtoa_r+0x68a>
7e1d9156:	9a0c      	ldr	r2, [sp, #48]	; 0x30
7e1d9158:	2a00      	cmp	r2, #0
7e1d915a:	d042      	beq.n	7e1d91e2 <_dtoa_r+0x52a>
7e1d915c:	9a24      	ldr	r2, [sp, #144]	; 0x90
7e1d915e:	2a01      	cmp	r2, #1
7e1d9160:	f340 8392 	ble.w	7e1d9888 <_dtoa_r+0xbd0>
7e1d9164:	9b0a      	ldr	r3, [sp, #40]	; 0x28
7e1d9166:	1e5c      	subs	r4, r3, #1
7e1d9168:	9b0d      	ldr	r3, [sp, #52]	; 0x34
7e1d916a:	42a3      	cmp	r3, r4
7e1d916c:	bfa8      	it	ge
7e1d916e:	1b1c      	subge	r4, r3, r4
7e1d9170:	da06      	bge.n	7e1d9180 <_dtoa_r+0x4c8>
7e1d9172:	9b0d      	ldr	r3, [sp, #52]	; 0x34
7e1d9174:	9a02      	ldr	r2, [sp, #8]
7e1d9176:	1ae3      	subs	r3, r4, r3
7e1d9178:	940d      	str	r4, [sp, #52]	; 0x34
7e1d917a:	2400      	movs	r4, #0
7e1d917c:	441a      	add	r2, r3
7e1d917e:	9202      	str	r2, [sp, #8]
7e1d9180:	9b0a      	ldr	r3, [sp, #40]	; 0x28
7e1d9182:	2b00      	cmp	r3, #0
7e1d9184:	f2c0 8330 	blt.w	7e1d97e8 <_dtoa_r+0xb30>
7e1d9188:	9a05      	ldr	r2, [sp, #20]
7e1d918a:	4611      	mov	r1, r2
7e1d918c:	9a0b      	ldr	r2, [sp, #44]	; 0x2c
7e1d918e:	4419      	add	r1, r3
7e1d9190:	9105      	str	r1, [sp, #20]
7e1d9192:	9208      	str	r2, [sp, #32]
7e1d9194:	441a      	add	r2, r3
7e1d9196:	920b      	str	r2, [sp, #44]	; 0x2c
7e1d9198:	2101      	movs	r1, #1
7e1d919a:	4658      	mov	r0, fp
7e1d919c:	f001 fbc4 	bl	7e1da928 <__i2b>
7e1d91a0:	4607      	mov	r7, r0
7e1d91a2:	e022      	b.n	7e1d91ea <_dtoa_r+0x532>
7e1d91a4:	2301      	movs	r3, #1
7e1d91a6:	930e      	str	r3, [sp, #56]	; 0x38
7e1d91a8:	e636      	b.n	7e1d8e18 <_dtoa_r+0x160>
7e1d91aa:	9802      	ldr	r0, [sp, #8]
7e1d91ac:	f002 f972 	bl	7e1db494 <__aeabi_i2d>
7e1d91b0:	4632      	mov	r2, r6
7e1d91b2:	463b      	mov	r3, r7
7e1d91b4:	f002 fc40 	bl	7e1dba38 <__aeabi_dcmpeq>
7e1d91b8:	2800      	cmp	r0, #0
7e1d91ba:	f47f ae14 	bne.w	7e1d8de6 <_dtoa_r+0x12e>
7e1d91be:	9b02      	ldr	r3, [sp, #8]
7e1d91c0:	3b01      	subs	r3, #1
7e1d91c2:	9302      	str	r3, [sp, #8]
7e1d91c4:	e60f      	b.n	7e1d8de6 <_dtoa_r+0x12e>
7e1d91c6:	f1c4 0301 	rsb	r3, r4, #1
7e1d91ca:	930b      	str	r3, [sp, #44]	; 0x2c
7e1d91cc:	2300      	movs	r3, #0
7e1d91ce:	9305      	str	r3, [sp, #20]
7e1d91d0:	e629      	b.n	7e1d8e26 <_dtoa_r+0x16e>
7e1d91d2:	f64a 3650 	movw	r6, #43856	; 0xab50
7e1d91d6:	f2c8 062d 	movt	r6, #32813	; 0x802d
7e1d91da:	4630      	mov	r0, r6
7e1d91dc:	b01b      	add	sp, #108	; 0x6c
7e1d91de:	e8bd 8ff0 	ldmia.w	sp!, {r4, r5, r6, r7, r8, r9, sl, fp, pc}
7e1d91e2:	9b0b      	ldr	r3, [sp, #44]	; 0x2c
7e1d91e4:	9c0d      	ldr	r4, [sp, #52]	; 0x34
7e1d91e6:	9f0c      	ldr	r7, [sp, #48]	; 0x30
7e1d91e8:	9308      	str	r3, [sp, #32]
7e1d91ea:	9a05      	ldr	r2, [sp, #20]
7e1d91ec:	9b08      	ldr	r3, [sp, #32]
7e1d91ee:	2b00      	cmp	r3, #0
7e1d91f0:	bfc8      	it	gt
7e1d91f2:	2a00      	cmpgt	r2, #0
7e1d91f4:	dd0c      	ble.n	7e1d9210 <_dtoa_r+0x558>
7e1d91f6:	9908      	ldr	r1, [sp, #32]
7e1d91f8:	4613      	mov	r3, r2
7e1d91fa:	428a      	cmp	r2, r1
7e1d91fc:	bfa8      	it	ge
7e1d91fe:	460b      	movge	r3, r1
7e1d9200:	990b      	ldr	r1, [sp, #44]	; 0x2c
7e1d9202:	1ac9      	subs	r1, r1, r3
7e1d9204:	910b      	str	r1, [sp, #44]	; 0x2c
7e1d9206:	9908      	ldr	r1, [sp, #32]
7e1d9208:	1ac9      	subs	r1, r1, r3
7e1d920a:	1ad3      	subs	r3, r2, r3
7e1d920c:	9108      	str	r1, [sp, #32]
7e1d920e:	9305      	str	r3, [sp, #20]
7e1d9210:	9b0d      	ldr	r3, [sp, #52]	; 0x34
7e1d9212:	b153      	cbz	r3, 7e1d922a <_dtoa_r+0x572>
7e1d9214:	9b0c      	ldr	r3, [sp, #48]	; 0x30
7e1d9216:	2b00      	cmp	r3, #0
7e1d9218:	f000 808c 	beq.w	7e1d9334 <_dtoa_r+0x67c>
7e1d921c:	2c00      	cmp	r4, #0
7e1d921e:	f300 82d1 	bgt.w	7e1d97c4 <_dtoa_r+0xb0c>
7e1d9222:	9b0d      	ldr	r3, [sp, #52]	; 0x34
7e1d9224:	1b1a      	subs	r2, r3, r4
7e1d9226:	f040 8086 	bne.w	7e1d9336 <_dtoa_r+0x67e>
7e1d922a:	2101      	movs	r1, #1
7e1d922c:	4658      	mov	r0, fp
7e1d922e:	f001 fb7b 	bl	7e1da928 <__i2b>
7e1d9232:	9a02      	ldr	r2, [sp, #8]
7e1d9234:	2a00      	cmp	r2, #0
7e1d9236:	4604      	mov	r4, r0
7e1d9238:	f300 819a 	bgt.w	7e1d9570 <_dtoa_r+0x8b8>
7e1d923c:	9b24      	ldr	r3, [sp, #144]	; 0x90
7e1d923e:	2b01      	cmp	r3, #1
7e1d9240:	f340 82ed 	ble.w	7e1d981e <_dtoa_r+0xb66>
7e1d9244:	2300      	movs	r3, #0
7e1d9246:	930d      	str	r3, [sp, #52]	; 0x34
7e1d9248:	9b02      	ldr	r3, [sp, #8]
7e1d924a:	2001      	movs	r0, #1
7e1d924c:	2b00      	cmp	r3, #0
7e1d924e:	f040 819a 	bne.w	7e1d9586 <_dtoa_r+0x8ce>
7e1d9252:	9a05      	ldr	r2, [sp, #20]
7e1d9254:	4410      	add	r0, r2
7e1d9256:	f010 001f 	ands.w	r0, r0, #31
7e1d925a:	f000 809f 	beq.w	7e1d939c <_dtoa_r+0x6e4>
7e1d925e:	f1c0 0320 	rsb	r3, r0, #32
7e1d9262:	2b04      	cmp	r3, #4
7e1d9264:	f340 84a6 	ble.w	7e1d9bb4 <_dtoa_r+0xefc>
7e1d9268:	9b0b      	ldr	r3, [sp, #44]	; 0x2c
7e1d926a:	f1c0 001c 	rsb	r0, r0, #28
7e1d926e:	4402      	add	r2, r0
7e1d9270:	9205      	str	r2, [sp, #20]
7e1d9272:	4403      	add	r3, r0
7e1d9274:	930b      	str	r3, [sp, #44]	; 0x2c
7e1d9276:	9b08      	ldr	r3, [sp, #32]
7e1d9278:	4403      	add	r3, r0
7e1d927a:	9308      	str	r3, [sp, #32]
7e1d927c:	9b0b      	ldr	r3, [sp, #44]	; 0x2c
7e1d927e:	2b00      	cmp	r3, #0
7e1d9280:	dd05      	ble.n	7e1d928e <_dtoa_r+0x5d6>
7e1d9282:	4651      	mov	r1, sl
7e1d9284:	461a      	mov	r2, r3
7e1d9286:	4658      	mov	r0, fp
7e1d9288:	f001 fc4a 	bl	7e1dab20 <__lshift>
7e1d928c:	4682      	mov	sl, r0
7e1d928e:	9b05      	ldr	r3, [sp, #20]
7e1d9290:	2b00      	cmp	r3, #0
7e1d9292:	dd05      	ble.n	7e1d92a0 <_dtoa_r+0x5e8>
7e1d9294:	4621      	mov	r1, r4
7e1d9296:	461a      	mov	r2, r3
7e1d9298:	4658      	mov	r0, fp
7e1d929a:	f001 fc41 	bl	7e1dab20 <__lshift>
7e1d929e:	4604      	mov	r4, r0
7e1d92a0:	9b24      	ldr	r3, [sp, #144]	; 0x90
7e1d92a2:	2b02      	cmp	r3, #2
7e1d92a4:	bfd4      	ite	le
7e1d92a6:	2300      	movle	r3, #0
7e1d92a8:	2301      	movgt	r3, #1
7e1d92aa:	461d      	mov	r5, r3
7e1d92ac:	9b0e      	ldr	r3, [sp, #56]	; 0x38
7e1d92ae:	2b00      	cmp	r3, #0
7e1d92b0:	f040 8172 	bne.w	7e1d9598 <_dtoa_r+0x8e0>
7e1d92b4:	9b0a      	ldr	r3, [sp, #40]	; 0x28
7e1d92b6:	462a      	mov	r2, r5
7e1d92b8:	2b00      	cmp	r3, #0
7e1d92ba:	bfcc      	ite	gt
7e1d92bc:	2200      	movgt	r2, #0
7e1d92be:	f002 0201 	andle.w	r2, r2, #1
7e1d92c2:	2a00      	cmp	r2, #0
7e1d92c4:	f000 80a3 	beq.w	7e1d940e <_dtoa_r+0x756>
7e1d92c8:	9b0a      	ldr	r3, [sp, #40]	; 0x28
7e1d92ca:	2b00      	cmp	r3, #0
7e1d92cc:	d162      	bne.n	7e1d9394 <_dtoa_r+0x6dc>
7e1d92ce:	4621      	mov	r1, r4
7e1d92d0:	2205      	movs	r2, #5
7e1d92d2:	4658      	mov	r0, fp
7e1d92d4:	f001 fa46 	bl	7e1da764 <__multadd>
7e1d92d8:	4601      	mov	r1, r0
7e1d92da:	4604      	mov	r4, r0
7e1d92dc:	4650      	mov	r0, sl
7e1d92de:	f001 fc7d 	bl	7e1dabdc <__mcmp>
7e1d92e2:	2800      	cmp	r0, #0
7e1d92e4:	dd56      	ble.n	7e1d9394 <_dtoa_r+0x6dc>
7e1d92e6:	e9dd 3206 	ldrd	r3, r2, [sp, #24]
7e1d92ea:	2131      	movs	r1, #49	; 0x31
7e1d92ec:	3301      	adds	r3, #1
7e1d92ee:	4616      	mov	r6, r2
7e1d92f0:	f802 1b01 	strb.w	r1, [r2], #1
7e1d92f4:	9207      	str	r2, [sp, #28]
7e1d92f6:	4621      	mov	r1, r4
7e1d92f8:	4658      	mov	r0, fp
7e1d92fa:	3301      	adds	r3, #1
7e1d92fc:	9306      	str	r3, [sp, #24]
7e1d92fe:	f001 fa27 	bl	7e1da750 <_Bfree>
7e1d9302:	b11f      	cbz	r7, 7e1d930c <_dtoa_r+0x654>
7e1d9304:	4639      	mov	r1, r7
7e1d9306:	4658      	mov	r0, fp
7e1d9308:	f001 fa22 	bl	7e1da750 <_Bfree>
7e1d930c:	4651      	mov	r1, sl
7e1d930e:	4658      	mov	r0, fp
7e1d9310:	f001 fa1e 	bl	7e1da750 <_Bfree>
7e1d9314:	9a07      	ldr	r2, [sp, #28]
7e1d9316:	2300      	movs	r3, #0
7e1d9318:	7013      	strb	r3, [r2, #0]
7e1d931a:	9b26      	ldr	r3, [sp, #152]	; 0x98
7e1d931c:	4619      	mov	r1, r3
7e1d931e:	9b06      	ldr	r3, [sp, #24]
7e1d9320:	600b      	str	r3, [r1, #0]
7e1d9322:	9b28      	ldr	r3, [sp, #160]	; 0xa0
7e1d9324:	2b00      	cmp	r3, #0
7e1d9326:	f43f ad01 	beq.w	7e1d8d2c <_dtoa_r+0x74>
7e1d932a:	4630      	mov	r0, r6
7e1d932c:	601a      	str	r2, [r3, #0]
7e1d932e:	b01b      	add	sp, #108	; 0x6c
7e1d9330:	e8bd 8ff0 	ldmia.w	sp!, {r4, r5, r6, r7, r8, r9, sl, fp, pc}
7e1d9334:	9a0d      	ldr	r2, [sp, #52]	; 0x34
7e1d9336:	4651      	mov	r1, sl
7e1d9338:	4658      	mov	r0, fp
7e1d933a:	f001 fb9f 	bl	7e1daa7c <__pow5mult>
7e1d933e:	4682      	mov	sl, r0
7e1d9340:	e773      	b.n	7e1d922a <_dtoa_r+0x572>
7e1d9342:	f64a 43c8 	movw	r3, #44232	; 0xacc8
7e1d9346:	f2c8 032d 	movt	r3, #32813	; 0x802d
7e1d934a:	eb03 03c1 	add.w	r3, r3, r1, lsl #3
7e1d934e:	9c0a      	ldr	r4, [sp, #40]	; 0x28
7e1d9350:	e9d3 5600 	ldrd	r5, r6, [r3]
7e1d9354:	2c00      	cmp	r4, #0
7e1d9356:	9b25      	ldr	r3, [sp, #148]	; 0x94
7e1d9358:	4622      	mov	r2, r4
7e1d935a:	bfcc      	ite	gt
7e1d935c:	2200      	movgt	r2, #0
7e1d935e:	2201      	movle	r2, #1
7e1d9360:	e9cd 5602 	strd	r5, r6, [sp, #8]
7e1d9364:	ea12 73d3 	ands.w	r3, r2, r3, lsr #31
7e1d9368:	f000 82bd 	beq.w	7e1d98e6 <_dtoa_r+0xc2e>
7e1d936c:	2c00      	cmp	r4, #0
7e1d936e:	f040 8240 	bne.w	7e1d97f2 <_dtoa_r+0xb3a>
7e1d9372:	2200      	movs	r2, #0
7e1d9374:	4628      	mov	r0, r5
7e1d9376:	4631      	mov	r1, r6
7e1d9378:	2300      	movs	r3, #0
7e1d937a:	f2c4 0314 	movt	r3, #16404	; 0x4014
7e1d937e:	f002 f8f3 	bl	7e1db568 <__aeabi_dmul>
7e1d9382:	4642      	mov	r2, r8
7e1d9384:	464b      	mov	r3, r9
7e1d9386:	f002 fb75 	bl	7e1dba74 <__aeabi_dcmpge>
7e1d938a:	2800      	cmp	r0, #0
7e1d938c:	f000 8245 	beq.w	7e1d981a <_dtoa_r+0xb62>
7e1d9390:	9c0a      	ldr	r4, [sp, #40]	; 0x28
7e1d9392:	4627      	mov	r7, r4
7e1d9394:	9b25      	ldr	r3, [sp, #148]	; 0x94
7e1d9396:	9e07      	ldr	r6, [sp, #28]
7e1d9398:	43db      	mvns	r3, r3
7e1d939a:	e7ac      	b.n	7e1d92f6 <_dtoa_r+0x63e>
7e1d939c:	201c      	movs	r0, #28
7e1d939e:	9b0b      	ldr	r3, [sp, #44]	; 0x2c
7e1d93a0:	4403      	add	r3, r0
7e1d93a2:	930b      	str	r3, [sp, #44]	; 0x2c
7e1d93a4:	9b08      	ldr	r3, [sp, #32]
7e1d93a6:	4403      	add	r3, r0
7e1d93a8:	9308      	str	r3, [sp, #32]
7e1d93aa:	9b05      	ldr	r3, [sp, #20]
7e1d93ac:	4403      	add	r3, r0
7e1d93ae:	9305      	str	r3, [sp, #20]
7e1d93b0:	e764      	b.n	7e1d927c <_dtoa_r+0x5c4>
7e1d93b2:	4640      	mov	r0, r8
7e1d93b4:	f002 f86e 	bl	7e1db494 <__aeabi_i2d>
7e1d93b8:	4632      	mov	r2, r6
7e1d93ba:	463b      	mov	r3, r7
7e1d93bc:	f002 f8d4 	bl	7e1db568 <__aeabi_dmul>
7e1d93c0:	2200      	movs	r2, #0
7e1d93c2:	2300      	movs	r3, #0
7e1d93c4:	f2c4 031c 	movt	r3, #16412	; 0x401c
7e1d93c8:	f001 ff18 	bl	7e1db1fc <__adddf3>
7e1d93cc:	f1a1 7950 	sub.w	r9, r1, #54525952	; 0x3400000
7e1d93d0:	4680      	mov	r8, r0
7e1d93d2:	4630      	mov	r0, r6
7e1d93d4:	4639      	mov	r1, r7
7e1d93d6:	2200      	movs	r2, #0
7e1d93d8:	2300      	movs	r3, #0
7e1d93da:	f2c4 0314 	movt	r3, #16404	; 0x4014
7e1d93de:	f001 ff0b 	bl	7e1db1f8 <__aeabi_dsub>
7e1d93e2:	4642      	mov	r2, r8
7e1d93e4:	464b      	mov	r3, r9
7e1d93e6:	4606      	mov	r6, r0
7e1d93e8:	460f      	mov	r7, r1
7e1d93ea:	f002 fb4d 	bl	7e1dba88 <__aeabi_dcmpgt>
7e1d93ee:	4604      	mov	r4, r0
7e1d93f0:	2800      	cmp	r0, #0
7e1d93f2:	f040 8211 	bne.w	7e1d9818 <_dtoa_r+0xb60>
7e1d93f6:	4642      	mov	r2, r8
7e1d93f8:	f109 4300 	add.w	r3, r9, #2147483648	; 0x80000000
7e1d93fc:	4630      	mov	r0, r6
7e1d93fe:	4639      	mov	r1, r7
7e1d9400:	f002 fb24 	bl	7e1dba4c <__aeabi_dcmplt>
7e1d9404:	2800      	cmp	r0, #0
7e1d9406:	f43f ae97 	beq.w	7e1d9138 <_dtoa_r+0x480>
7e1d940a:	4627      	mov	r7, r4
7e1d940c:	e7c2      	b.n	7e1d9394 <_dtoa_r+0x6dc>
7e1d940e:	9b06      	ldr	r3, [sp, #24]
7e1d9410:	3301      	adds	r3, #1
7e1d9412:	9306      	str	r3, [sp, #24]
7e1d9414:	9b0c      	ldr	r3, [sp, #48]	; 0x30
7e1d9416:	2b00      	cmp	r3, #0
7e1d9418:	f000 80df 	beq.w	7e1d95da <_dtoa_r+0x922>
7e1d941c:	9b08      	ldr	r3, [sp, #32]
7e1d941e:	2b00      	cmp	r3, #0
7e1d9420:	dd05      	ble.n	7e1d942e <_dtoa_r+0x776>
7e1d9422:	4639      	mov	r1, r7
7e1d9424:	461a      	mov	r2, r3
7e1d9426:	4658      	mov	r0, fp
7e1d9428:	f001 fb7a 	bl	7e1dab20 <__lshift>
7e1d942c:	4607      	mov	r7, r0
7e1d942e:	9b0d      	ldr	r3, [sp, #52]	; 0x34
7e1d9430:	2b00      	cmp	r3, #0
7e1d9432:	f040 8345 	bne.w	7e1d9ac0 <_dtoa_r+0xe08>
7e1d9436:	970c      	str	r7, [sp, #48]	; 0x30
7e1d9438:	9a07      	ldr	r2, [sp, #28]
7e1d943a:	f008 0101 	and.w	r1, r8, #1
7e1d943e:	46a0      	mov	r8, r4
7e1d9440:	9c0c      	ldr	r4, [sp, #48]	; 0x30
7e1d9442:	9105      	str	r1, [sp, #20]
7e1d9444:	1e53      	subs	r3, r2, #1
7e1d9446:	990a      	ldr	r1, [sp, #40]	; 0x28
7e1d9448:	4691      	mov	r9, r2
7e1d944a:	4419      	add	r1, r3
7e1d944c:	9108      	str	r1, [sp, #32]
7e1d944e:	4641      	mov	r1, r8
7e1d9450:	4650      	mov	r0, sl
7e1d9452:	f7ff fb91 	bl	7e1d8b78 <quorem>
7e1d9456:	4639      	mov	r1, r7
7e1d9458:	4605      	mov	r5, r0
7e1d945a:	900b      	str	r0, [sp, #44]	; 0x2c
7e1d945c:	4650      	mov	r0, sl
7e1d945e:	f001 fbbd 	bl	7e1dabdc <__mcmp>
7e1d9462:	4641      	mov	r1, r8
7e1d9464:	4622      	mov	r2, r4
7e1d9466:	462b      	mov	r3, r5
7e1d9468:	3330      	adds	r3, #48	; 0x30
7e1d946a:	9302      	str	r3, [sp, #8]
7e1d946c:	4606      	mov	r6, r0
7e1d946e:	4658      	mov	r0, fp
7e1d9470:	f001 fbd2 	bl	7e1dac18 <__mdiff>
7e1d9474:	68c3      	ldr	r3, [r0, #12]
7e1d9476:	4605      	mov	r5, r0
7e1d9478:	4601      	mov	r1, r0
7e1d947a:	2b00      	cmp	r3, #0
7e1d947c:	f040 81bc 	bne.w	7e1d97f8 <_dtoa_r+0xb40>
7e1d9480:	4650      	mov	r0, sl
7e1d9482:	f001 fbab 	bl	7e1dabdc <__mcmp>
7e1d9486:	4629      	mov	r1, r5
7e1d9488:	900a      	str	r0, [sp, #40]	; 0x28
7e1d948a:	4658      	mov	r0, fp
7e1d948c:	f001 f960 	bl	7e1da750 <_Bfree>
7e1d9490:	9b24      	ldr	r3, [sp, #144]	; 0x90
7e1d9492:	9905      	ldr	r1, [sp, #20]
7e1d9494:	461a      	mov	r2, r3
7e1d9496:	9b0a      	ldr	r3, [sp, #40]	; 0x28
7e1d9498:	431a      	orrs	r2, r3
7e1d949a:	430a      	orrs	r2, r1
7e1d949c:	f000 835a 	beq.w	7e1d9b54 <_dtoa_r+0xe9c>
7e1d94a0:	2e00      	cmp	r6, #0
7e1d94a2:	f109 0501 	add.w	r5, r9, #1
7e1d94a6:	f2c0 82df 	blt.w	7e1d9a68 <_dtoa_r+0xdb0>
7e1d94aa:	9a24      	ldr	r2, [sp, #144]	; 0x90
7e1d94ac:	4316      	orrs	r6, r2
7e1d94ae:	9a05      	ldr	r2, [sp, #20]
7e1d94b0:	4332      	orrs	r2, r6
7e1d94b2:	f000 82d9 	beq.w	7e1d9a68 <_dtoa_r+0xdb0>
7e1d94b6:	2b00      	cmp	r3, #0
7e1d94b8:	f300 831d 	bgt.w	7e1d9af6 <_dtoa_r+0xe3e>
7e1d94bc:	9b02      	ldr	r3, [sp, #8]
7e1d94be:	f889 3000 	strb.w	r3, [r9]
7e1d94c2:	9b08      	ldr	r3, [sp, #32]
7e1d94c4:	454b      	cmp	r3, r9
7e1d94c6:	f000 8326 	beq.w	7e1d9b16 <_dtoa_r+0xe5e>
7e1d94ca:	4651      	mov	r1, sl
7e1d94cc:	2300      	movs	r3, #0
7e1d94ce:	220a      	movs	r2, #10
7e1d94d0:	4658      	mov	r0, fp
7e1d94d2:	f001 f947 	bl	7e1da764 <__multadd>
7e1d94d6:	42a7      	cmp	r7, r4
7e1d94d8:	4639      	mov	r1, r7
7e1d94da:	f04f 0300 	mov.w	r3, #0
7e1d94de:	f04f 020a 	mov.w	r2, #10
7e1d94e2:	4682      	mov	sl, r0
7e1d94e4:	4658      	mov	r0, fp
7e1d94e6:	f000 818c 	beq.w	7e1d9802 <_dtoa_r+0xb4a>
7e1d94ea:	f001 f93b 	bl	7e1da764 <__multadd>
7e1d94ee:	4621      	mov	r1, r4
7e1d94f0:	2300      	movs	r3, #0
7e1d94f2:	220a      	movs	r2, #10
7e1d94f4:	46a9      	mov	r9, r5
7e1d94f6:	4607      	mov	r7, r0
7e1d94f8:	4658      	mov	r0, fp
7e1d94fa:	f001 f933 	bl	7e1da764 <__multadd>
7e1d94fe:	4604      	mov	r4, r0
7e1d9500:	e7a5      	b.n	7e1d944e <_dtoa_r+0x796>
7e1d9502:	f000 8140 	beq.w	7e1d9786 <_dtoa_r+0xace>
7e1d9506:	9b06      	ldr	r3, [sp, #24]
7e1d9508:	e9dd 0108 	ldrd	r0, r1, [sp, #32]
7e1d950c:	425d      	negs	r5, r3
7e1d950e:	f64a 43c8 	movw	r3, #44232	; 0xacc8
7e1d9512:	f005 020f 	and.w	r2, r5, #15
7e1d9516:	f2c8 032d 	movt	r3, #32813	; 0x802d
7e1d951a:	eb03 03c2 	add.w	r3, r3, r2, lsl #3
7e1d951e:	e9d3 2300 	ldrd	r2, r3, [r3]
7e1d9522:	f002 f821 	bl	7e1db568 <__aeabi_dmul>
7e1d9526:	112d      	asrs	r5, r5, #4
7e1d9528:	e9cd 0110 	strd	r0, r1, [sp, #64]	; 0x40
7e1d952c:	f000 832a 	beq.w	7e1d9b84 <_dtoa_r+0xecc>
7e1d9530:	f64a 49a0 	movw	r9, #44192	; 0xaca0
7e1d9534:	f2c8 092d 	movt	r9, #32813	; 0x802d
7e1d9538:	4606      	mov	r6, r0
7e1d953a:	460f      	mov	r7, r1
7e1d953c:	2300      	movs	r3, #0
7e1d953e:	f04f 0802 	mov.w	r8, #2
7e1d9542:	07ea      	lsls	r2, r5, #31
7e1d9544:	4630      	mov	r0, r6
7e1d9546:	4639      	mov	r1, r7
7e1d9548:	d508      	bpl.n	7e1d955c <_dtoa_r+0x8a4>
7e1d954a:	e9d9 2300 	ldrd	r2, r3, [r9]
7e1d954e:	f108 0801 	add.w	r8, r8, #1
7e1d9552:	f002 f809 	bl	7e1db568 <__aeabi_dmul>
7e1d9556:	4623      	mov	r3, r4
7e1d9558:	4606      	mov	r6, r0
7e1d955a:	460f      	mov	r7, r1
7e1d955c:	106d      	asrs	r5, r5, #1
7e1d955e:	f109 0908 	add.w	r9, r9, #8
7e1d9562:	d1ee      	bne.n	7e1d9542 <_dtoa_r+0x88a>
7e1d9564:	2b00      	cmp	r3, #0
7e1d9566:	f47f ad23 	bne.w	7e1d8fb0 <_dtoa_r+0x2f8>
7e1d956a:	e9dd 6710 	ldrd	r6, r7, [sp, #64]	; 0x40
7e1d956e:	e51f      	b.n	7e1d8fb0 <_dtoa_r+0x2f8>
7e1d9570:	4601      	mov	r1, r0
7e1d9572:	4658      	mov	r0, fp
7e1d9574:	f001 fa82 	bl	7e1daa7c <__pow5mult>
7e1d9578:	9b24      	ldr	r3, [sp, #144]	; 0x90
7e1d957a:	2b01      	cmp	r3, #1
7e1d957c:	4604      	mov	r4, r0
7e1d957e:	f340 8107 	ble.w	7e1d9790 <_dtoa_r+0xad8>
7e1d9582:	2300      	movs	r3, #0
7e1d9584:	930d      	str	r3, [sp, #52]	; 0x34
7e1d9586:	6923      	ldr	r3, [r4, #16]
7e1d9588:	eb04 0383 	add.w	r3, r4, r3, lsl #2
7e1d958c:	6918      	ldr	r0, [r3, #16]
7e1d958e:	f001 f97d 	bl	7e1da88c <__hi0bits>
7e1d9592:	f1c0 0020 	rsb	r0, r0, #32
7e1d9596:	e65c      	b.n	7e1d9252 <_dtoa_r+0x59a>
7e1d9598:	4621      	mov	r1, r4
7e1d959a:	4650      	mov	r0, sl
7e1d959c:	f001 fb1e 	bl	7e1dabdc <__mcmp>
7e1d95a0:	2800      	cmp	r0, #0
7e1d95a2:	f6bf ae87 	bge.w	7e1d92b4 <_dtoa_r+0x5fc>
7e1d95a6:	9e16      	ldr	r6, [sp, #88]	; 0x58
7e1d95a8:	2300      	movs	r3, #0
7e1d95aa:	4651      	mov	r1, sl
7e1d95ac:	220a      	movs	r2, #10
7e1d95ae:	4658      	mov	r0, fp
7e1d95b0:	429e      	cmp	r6, r3
7e1d95b2:	bfcc      	ite	gt
7e1d95b4:	2500      	movgt	r5, #0
7e1d95b6:	f005 0501 	andle.w	r5, r5, #1
7e1d95ba:	f001 f8d3 	bl	7e1da764 <__multadd>
7e1d95be:	9b06      	ldr	r3, [sp, #24]
7e1d95c0:	462e      	mov	r6, r5
7e1d95c2:	3b01      	subs	r3, #1
7e1d95c4:	461d      	mov	r5, r3
7e1d95c6:	9b0c      	ldr	r3, [sp, #48]	; 0x30
7e1d95c8:	4682      	mov	sl, r0
7e1d95ca:	2b00      	cmp	r3, #0
7e1d95cc:	f040 82ce 	bne.w	7e1d9b6c <_dtoa_r+0xeb4>
7e1d95d0:	2e00      	cmp	r6, #0
7e1d95d2:	f040 82aa 	bne.w	7e1d9b2a <_dtoa_r+0xe72>
7e1d95d6:	9b16      	ldr	r3, [sp, #88]	; 0x58
7e1d95d8:	930a      	str	r3, [sp, #40]	; 0x28
7e1d95da:	9d07      	ldr	r5, [sp, #28]
7e1d95dc:	2601      	movs	r6, #1
7e1d95de:	f8dd 9028 	ldr.w	r9, [sp, #40]	; 0x28
7e1d95e2:	e002      	b.n	7e1d95ea <_dtoa_r+0x932>
7e1d95e4:	f001 f8be 	bl	7e1da764 <__multadd>
7e1d95e8:	4682      	mov	sl, r0
7e1d95ea:	4621      	mov	r1, r4
7e1d95ec:	4650      	mov	r0, sl
7e1d95ee:	f7ff fac3 	bl	7e1d8b78 <quorem>
7e1d95f2:	454e      	cmp	r6, r9
7e1d95f4:	f04f 0300 	mov.w	r3, #0
7e1d95f8:	f04f 020a 	mov.w	r2, #10
7e1d95fc:	4651      	mov	r1, sl
7e1d95fe:	f106 0601 	add.w	r6, r6, #1
7e1d9602:	f100 0830 	add.w	r8, r0, #48	; 0x30
7e1d9606:	4658      	mov	r0, fp
7e1d9608:	f805 8b01 	strb.w	r8, [r5], #1
7e1d960c:	dbea      	blt.n	7e1d95e4 <_dtoa_r+0x92c>
7e1d960e:	2600      	movs	r6, #0
7e1d9610:	4651      	mov	r1, sl
7e1d9612:	2201      	movs	r2, #1
7e1d9614:	4658      	mov	r0, fp
7e1d9616:	f001 fa83 	bl	7e1dab20 <__lshift>
7e1d961a:	4621      	mov	r1, r4
7e1d961c:	4682      	mov	sl, r0
7e1d961e:	f001 fadd 	bl	7e1dabdc <__mcmp>
7e1d9622:	f815 2c01 	ldrb.w	r2, [r5, #-1]
7e1d9626:	2800      	cmp	r0, #0
7e1d9628:	f340 81fc 	ble.w	7e1d9a24 <_dtoa_r+0xd6c>
7e1d962c:	1e6b      	subs	r3, r5, #1
7e1d962e:	9907      	ldr	r1, [sp, #28]
7e1d9630:	e004      	b.n	7e1d963c <_dtoa_r+0x984>
7e1d9632:	4299      	cmp	r1, r3
7e1d9634:	f000 81ef 	beq.w	7e1d9a16 <_dtoa_r+0xd5e>
7e1d9638:	f813 2d01 	ldrb.w	r2, [r3, #-1]!
7e1d963c:	2a39      	cmp	r2, #57	; 0x39
7e1d963e:	f103 0501 	add.w	r5, r3, #1
7e1d9642:	d0f6      	beq.n	7e1d9632 <_dtoa_r+0x97a>
7e1d9644:	3201      	adds	r2, #1
7e1d9646:	701a      	strb	r2, [r3, #0]
7e1d9648:	4621      	mov	r1, r4
7e1d964a:	4658      	mov	r0, fp
7e1d964c:	f001 f880 	bl	7e1da750 <_Bfree>
7e1d9650:	2f00      	cmp	r7, #0
7e1d9652:	f000 81dd 	beq.w	7e1d9a10 <_dtoa_r+0xd58>
7e1d9656:	2e00      	cmp	r6, #0
7e1d9658:	bf18      	it	ne
7e1d965a:	42be      	cmpne	r6, r7
7e1d965c:	f000 82a6 	beq.w	7e1d9bac <_dtoa_r+0xef4>
7e1d9660:	4631      	mov	r1, r6
7e1d9662:	4658      	mov	r0, fp
7e1d9664:	9e07      	ldr	r6, [sp, #28]
7e1d9666:	f001 f873 	bl	7e1da750 <_Bfree>
7e1d966a:	9507      	str	r5, [sp, #28]
7e1d966c:	e64a      	b.n	7e1d9304 <_dtoa_r+0x64c>
7e1d966e:	e9cd 8910 	strd	r8, r9, [sp, #64]	; 0x40
7e1d9672:	f04f 0802 	mov.w	r8, #2
7e1d9676:	e47e      	b.n	7e1d8f76 <_dtoa_r+0x2be>
7e1d9678:	2301      	movs	r3, #1
7e1d967a:	930c      	str	r3, [sp, #48]	; 0x30
7e1d967c:	9b25      	ldr	r3, [sp, #148]	; 0x94
7e1d967e:	2b00      	cmp	r3, #0
7e1d9680:	f340 80c5 	ble.w	7e1d980e <_dtoa_r+0xb56>
7e1d9684:	461d      	mov	r5, r3
7e1d9686:	9316      	str	r3, [sp, #88]	; 0x58
7e1d9688:	930a      	str	r3, [sp, #40]	; 0x28
7e1d968a:	9b0a      	ldr	r3, [sp, #40]	; 0x28
7e1d968c:	2100      	movs	r1, #0
7e1d968e:	f8cb 1044 	str.w	r1, [fp, #68]	; 0x44
7e1d9692:	2b0e      	cmp	r3, #14
7e1d9694:	bf8c      	ite	hi
7e1d9696:	2400      	movhi	r4, #0
7e1d9698:	f004 0401 	andls.w	r4, r4, #1
7e1d969c:	2d17      	cmp	r5, #23
7e1d969e:	f77f ac3f 	ble.w	7e1d8f20 <_dtoa_r+0x268>
7e1d96a2:	2201      	movs	r2, #1
7e1d96a4:	2304      	movs	r3, #4
7e1d96a6:	005b      	lsls	r3, r3, #1
7e1d96a8:	4611      	mov	r1, r2
7e1d96aa:	f103 0014 	add.w	r0, r3, #20
7e1d96ae:	3201      	adds	r2, #1
7e1d96b0:	42a8      	cmp	r0, r5
7e1d96b2:	d9f8      	bls.n	7e1d96a6 <_dtoa_r+0x9ee>
7e1d96b4:	f8cb 1044 	str.w	r1, [fp, #68]	; 0x44
7e1d96b8:	e432      	b.n	7e1d8f20 <_dtoa_r+0x268>
7e1d96ba:	2301      	movs	r3, #1
7e1d96bc:	930c      	str	r3, [sp, #48]	; 0x30
7e1d96be:	9b25      	ldr	r3, [sp, #148]	; 0x94
7e1d96c0:	9a06      	ldr	r2, [sp, #24]
7e1d96c2:	4413      	add	r3, r2
7e1d96c4:	9316      	str	r3, [sp, #88]	; 0x58
7e1d96c6:	3301      	adds	r3, #1
7e1d96c8:	930a      	str	r3, [sp, #40]	; 0x28
7e1d96ca:	2b01      	cmp	r3, #1
7e1d96cc:	461d      	mov	r5, r3
7e1d96ce:	bfb8      	it	lt
7e1d96d0:	2501      	movlt	r5, #1
7e1d96d2:	e7da      	b.n	7e1d968a <_dtoa_r+0x9d2>
7e1d96d4:	2300      	movs	r3, #0
7e1d96d6:	930c      	str	r3, [sp, #48]	; 0x30
7e1d96d8:	e7f1      	b.n	7e1d96be <_dtoa_r+0xa06>
7e1d96da:	2300      	movs	r3, #0
7e1d96dc:	930c      	str	r3, [sp, #48]	; 0x30
7e1d96de:	e7cd      	b.n	7e1d967c <_dtoa_r+0x9c4>
7e1d96e0:	e9dd 0112 	ldrd	r0, r1, [sp, #72]	; 0x48
7e1d96e4:	f001 ff40 	bl	7e1db568 <__aeabi_dmul>
7e1d96e8:	9b07      	ldr	r3, [sp, #28]
7e1d96ea:	f883 9000 	strb.w	r9, [r3]
7e1d96ee:	9b10      	ldr	r3, [sp, #64]	; 0x40
7e1d96f0:	2b01      	cmp	r3, #1
7e1d96f2:	e9cd 0112 	strd	r0, r1, [sp, #72]	; 0x48
7e1d96f6:	d01f      	beq.n	7e1d9738 <_dtoa_r+0xa80>
7e1d96f8:	9b10      	ldr	r3, [sp, #64]	; 0x40
7e1d96fa:	9a07      	ldr	r2, [sp, #28]
7e1d96fc:	4413      	add	r3, r2
7e1d96fe:	461f      	mov	r7, r3
7e1d9700:	2200      	movs	r2, #0
7e1d9702:	4620      	mov	r0, r4
7e1d9704:	4629      	mov	r1, r5
7e1d9706:	2300      	movs	r3, #0
7e1d9708:	f2c4 0324 	movt	r3, #16420	; 0x4024
7e1d970c:	f001 ff2c 	bl	7e1db568 <__aeabi_dmul>
7e1d9710:	460d      	mov	r5, r1
7e1d9712:	4604      	mov	r4, r0
7e1d9714:	f002 f9d8 	bl	7e1dbac8 <__aeabi_d2iz>
7e1d9718:	4606      	mov	r6, r0
7e1d971a:	f001 febb 	bl	7e1db494 <__aeabi_i2d>
7e1d971e:	3630      	adds	r6, #48	; 0x30
7e1d9720:	4602      	mov	r2, r0
7e1d9722:	460b      	mov	r3, r1
7e1d9724:	4620      	mov	r0, r4
7e1d9726:	4629      	mov	r1, r5
7e1d9728:	f001 fd66 	bl	7e1db1f8 <__aeabi_dsub>
7e1d972c:	f808 6b01 	strb.w	r6, [r8], #1
7e1d9730:	45b8      	cmp	r8, r7
7e1d9732:	4604      	mov	r4, r0
7e1d9734:	460d      	mov	r5, r1
7e1d9736:	d1e3      	bne.n	7e1d9700 <_dtoa_r+0xa48>
7e1d9738:	2200      	movs	r2, #0
7e1d973a:	2300      	movs	r3, #0
7e1d973c:	e9dd 0112 	ldrd	r0, r1, [sp, #72]	; 0x48
7e1d9740:	f6c3 73e0 	movt	r3, #16352	; 0x3fe0
7e1d9744:	f001 fd5a 	bl	7e1db1fc <__adddf3>
7e1d9748:	4622      	mov	r2, r4
7e1d974a:	462b      	mov	r3, r5
7e1d974c:	f002 f97e 	bl	7e1dba4c <__aeabi_dcmplt>
7e1d9750:	2800      	cmp	r0, #0
7e1d9752:	f040 81ae 	bne.w	7e1d9ab2 <_dtoa_r+0xdfa>
7e1d9756:	e9dd 2312 	ldrd	r2, r3, [sp, #72]	; 0x48
7e1d975a:	2000      	movs	r0, #0
7e1d975c:	2100      	movs	r1, #0
7e1d975e:	f6c3 71e0 	movt	r1, #16352	; 0x3fe0
7e1d9762:	f001 fd49 	bl	7e1db1f8 <__aeabi_dsub>
7e1d9766:	4622      	mov	r2, r4
7e1d9768:	462b      	mov	r3, r5
7e1d976a:	f002 f98d 	bl	7e1dba88 <__aeabi_dcmpgt>
7e1d976e:	2800      	cmp	r0, #0
7e1d9770:	f43f ace2 	beq.w	7e1d9138 <_dtoa_r+0x480>
7e1d9774:	e000      	b.n	7e1d9778 <_dtoa_r+0xac0>
7e1d9776:	4690      	mov	r8, r2
7e1d9778:	f818 3c01 	ldrb.w	r3, [r8, #-1]
7e1d977c:	f108 32ff 	add.w	r2, r8, #4294967295
7e1d9780:	2b30      	cmp	r3, #48	; 0x30
7e1d9782:	d0f8      	beq.n	7e1d9776 <_dtoa_r+0xabe>
7e1d9784:	e4d0      	b.n	7e1d9128 <_dtoa_r+0x470>
7e1d9786:	4646      	mov	r6, r8
7e1d9788:	464f      	mov	r7, r9
7e1d978a:	f04f 0802 	mov.w	r8, #2
7e1d978e:	e40f      	b.n	7e1d8fb0 <_dtoa_r+0x2f8>
7e1d9790:	f1b8 0f00 	cmp.w	r8, #0
7e1d9794:	f47f aef5 	bne.w	7e1d9582 <_dtoa_r+0x8ca>
7e1d9798:	f3c9 0313 	ubfx	r3, r9, #0, #20
7e1d979c:	464a      	mov	r2, r9
7e1d979e:	2b00      	cmp	r3, #0
7e1d97a0:	f040 8201 	bne.w	7e1d9ba6 <_dtoa_r+0xeee>
7e1d97a4:	2300      	movs	r3, #0
7e1d97a6:	f6c7 73f0 	movt	r3, #32752	; 0x7ff0
7e1d97aa:	4013      	ands	r3, r2
7e1d97ac:	2b00      	cmp	r3, #0
7e1d97ae:	f000 81b9 	beq.w	7e1d9b24 <_dtoa_r+0xe6c>
7e1d97b2:	9b0b      	ldr	r3, [sp, #44]	; 0x2c
7e1d97b4:	3301      	adds	r3, #1
7e1d97b6:	930b      	str	r3, [sp, #44]	; 0x2c
7e1d97b8:	9b05      	ldr	r3, [sp, #20]
7e1d97ba:	3301      	adds	r3, #1
7e1d97bc:	9305      	str	r3, [sp, #20]
7e1d97be:	2301      	movs	r3, #1
7e1d97c0:	930d      	str	r3, [sp, #52]	; 0x34
7e1d97c2:	e541      	b.n	7e1d9248 <_dtoa_r+0x590>
7e1d97c4:	4639      	mov	r1, r7
7e1d97c6:	4622      	mov	r2, r4
7e1d97c8:	4658      	mov	r0, fp
7e1d97ca:	f001 f957 	bl	7e1daa7c <__pow5mult>
7e1d97ce:	4652      	mov	r2, sl
7e1d97d0:	4601      	mov	r1, r0
7e1d97d2:	4607      	mov	r7, r0
7e1d97d4:	4658      	mov	r0, fp
7e1d97d6:	f001 f8b1 	bl	7e1da93c <__multiply>
7e1d97da:	4651      	mov	r1, sl
7e1d97dc:	4606      	mov	r6, r0
7e1d97de:	4658      	mov	r0, fp
7e1d97e0:	f000 ffb6 	bl	7e1da750 <_Bfree>
7e1d97e4:	46b2      	mov	sl, r6
7e1d97e6:	e51c      	b.n	7e1d9222 <_dtoa_r+0x56a>
7e1d97e8:	e9dd 230a 	ldrd	r2, r3, [sp, #40]	; 0x28
7e1d97ec:	1a9b      	subs	r3, r3, r2
7e1d97ee:	9308      	str	r3, [sp, #32]
7e1d97f0:	e4d2      	b.n	7e1d9198 <_dtoa_r+0x4e0>
7e1d97f2:	2400      	movs	r4, #0
7e1d97f4:	4627      	mov	r7, r4
7e1d97f6:	e5cd      	b.n	7e1d9394 <_dtoa_r+0x6dc>
7e1d97f8:	4658      	mov	r0, fp
7e1d97fa:	f000 ffa9 	bl	7e1da750 <_Bfree>
7e1d97fe:	2301      	movs	r3, #1
7e1d9800:	e64e      	b.n	7e1d94a0 <_dtoa_r+0x7e8>
7e1d9802:	f000 ffaf 	bl	7e1da764 <__multadd>
7e1d9806:	46a9      	mov	r9, r5
7e1d9808:	4607      	mov	r7, r0
7e1d980a:	4604      	mov	r4, r0
7e1d980c:	e61f      	b.n	7e1d944e <_dtoa_r+0x796>
7e1d980e:	2301      	movs	r3, #1
7e1d9810:	9325      	str	r3, [sp, #148]	; 0x94
7e1d9812:	930a      	str	r3, [sp, #40]	; 0x28
7e1d9814:	f7ff bb7f 	b.w	7e1d8f16 <_dtoa_r+0x25e>
7e1d9818:	2400      	movs	r4, #0
7e1d981a:	4627      	mov	r7, r4
7e1d981c:	e563      	b.n	7e1d92e6 <_dtoa_r+0x62e>
7e1d981e:	f1b8 0f00 	cmp.w	r8, #0
7e1d9822:	f47f ad0f 	bne.w	7e1d9244 <_dtoa_r+0x58c>
7e1d9826:	f3c9 0313 	ubfx	r3, r9, #0, #20
7e1d982a:	464a      	mov	r2, r9
7e1d982c:	2b00      	cmp	r3, #0
7e1d982e:	d0b9      	beq.n	7e1d97a4 <_dtoa_r+0xaec>
7e1d9830:	f8cd 8034 	str.w	r8, [sp, #52]	; 0x34
7e1d9834:	e508      	b.n	7e1d9248 <_dtoa_r+0x590>
7e1d9836:	9b0a      	ldr	r3, [sp, #40]	; 0x28
7e1d9838:	2b00      	cmp	r3, #0
7e1d983a:	f43f adba 	beq.w	7e1d93b2 <_dtoa_r+0x6fa>
7e1d983e:	9c16      	ldr	r4, [sp, #88]	; 0x58
7e1d9840:	2c00      	cmp	r4, #0
7e1d9842:	f77f ac79 	ble.w	7e1d9138 <_dtoa_r+0x480>
7e1d9846:	2200      	movs	r2, #0
7e1d9848:	4630      	mov	r0, r6
7e1d984a:	4639      	mov	r1, r7
7e1d984c:	2300      	movs	r3, #0
7e1d984e:	f2c4 0324 	movt	r3, #16420	; 0x4024
7e1d9852:	f001 fe89 	bl	7e1db568 <__aeabi_dmul>
7e1d9856:	9b06      	ldr	r3, [sp, #24]
7e1d9858:	3b01      	subs	r3, #1
7e1d985a:	9317      	str	r3, [sp, #92]	; 0x5c
7e1d985c:	4606      	mov	r6, r0
7e1d985e:	460f      	mov	r7, r1
7e1d9860:	f108 0001 	add.w	r0, r8, #1
7e1d9864:	f001 fe16 	bl	7e1db494 <__aeabi_i2d>
7e1d9868:	4632      	mov	r2, r6
7e1d986a:	463b      	mov	r3, r7
7e1d986c:	f001 fe7c 	bl	7e1db568 <__aeabi_dmul>
7e1d9870:	2200      	movs	r2, #0
7e1d9872:	2300      	movs	r3, #0
7e1d9874:	f2c4 031c 	movt	r3, #16412	; 0x401c
7e1d9878:	f001 fcc0 	bl	7e1db1fc <__adddf3>
7e1d987c:	9410      	str	r4, [sp, #64]	; 0x40
7e1d987e:	4680      	mov	r8, r0
7e1d9880:	f1a1 7950 	sub.w	r9, r1, #54525952	; 0x3400000
7e1d9884:	f7ff bbb9 	b.w	7e1d8ffa <_dtoa_r+0x342>
7e1d9888:	9a0f      	ldr	r2, [sp, #60]	; 0x3c
7e1d988a:	2a00      	cmp	r2, #0
7e1d988c:	f000 80de 	beq.w	7e1d9a4c <_dtoa_r+0xd94>
7e1d9890:	990b      	ldr	r1, [sp, #44]	; 0x2c
7e1d9892:	f203 4333 	addw	r3, r3, #1075	; 0x433
7e1d9896:	9a05      	ldr	r2, [sp, #20]
7e1d9898:	9c0d      	ldr	r4, [sp, #52]	; 0x34
7e1d989a:	441a      	add	r2, r3
7e1d989c:	9108      	str	r1, [sp, #32]
7e1d989e:	9205      	str	r2, [sp, #20]
7e1d98a0:	460a      	mov	r2, r1
7e1d98a2:	441a      	add	r2, r3
7e1d98a4:	920b      	str	r2, [sp, #44]	; 0x2c
7e1d98a6:	e477      	b.n	7e1d9198 <_dtoa_r+0x4e0>
7e1d98a8:	2100      	movs	r1, #0
7e1d98aa:	4658      	mov	r0, fp
7e1d98ac:	f8cb 1044 	str.w	r1, [fp, #68]	; 0x44
7e1d98b0:	f000 ff28 	bl	7e1da704 <_Balloc>
7e1d98b4:	9a06      	ldr	r2, [sp, #24]
7e1d98b6:	9b19      	ldr	r3, [sp, #100]	; 0x64
7e1d98b8:	2a0e      	cmp	r2, #14
7e1d98ba:	9007      	str	r0, [sp, #28]
7e1d98bc:	f8cb 0040 	str.w	r0, [fp, #64]	; 0x40
7e1d98c0:	f300 817e 	bgt.w	7e1d9bc0 <_dtoa_r+0xf08>
7e1d98c4:	2b00      	cmp	r3, #0
7e1d98c6:	f2c0 817b 	blt.w	7e1d9bc0 <_dtoa_r+0xf08>
7e1d98ca:	9a06      	ldr	r2, [sp, #24]
7e1d98cc:	f64a 43c8 	movw	r3, #44232	; 0xacc8
7e1d98d0:	f2c8 032d 	movt	r3, #32813	; 0x802d
7e1d98d4:	eb03 03c2 	add.w	r3, r3, r2, lsl #3
7e1d98d8:	f04f 32ff 	mov.w	r2, #4294967295
7e1d98dc:	920a      	str	r2, [sp, #40]	; 0x28
7e1d98de:	e9d3 3400 	ldrd	r3, r4, [r3]
7e1d98e2:	e9cd 3402 	strd	r3, r4, [sp, #8]
7e1d98e6:	9e06      	ldr	r6, [sp, #24]
7e1d98e8:	4640      	mov	r0, r8
7e1d98ea:	e9dd 2302 	ldrd	r2, r3, [sp, #8]
7e1d98ee:	4649      	mov	r1, r9
7e1d98f0:	3601      	adds	r6, #1
7e1d98f2:	9606      	str	r6, [sp, #24]
7e1d98f4:	f001 ff62 	bl	7e1db7bc <__aeabi_ddiv>
7e1d98f8:	4644      	mov	r4, r8
7e1d98fa:	f002 f8e5 	bl	7e1dbac8 <__aeabi_d2iz>
7e1d98fe:	f8dd 801c 	ldr.w	r8, [sp, #28]
7e1d9902:	4607      	mov	r7, r0
7e1d9904:	f001 fdc6 	bl	7e1db494 <__aeabi_i2d>
7e1d9908:	e9dd 2302 	ldrd	r2, r3, [sp, #8]
7e1d990c:	f001 fe2c 	bl	7e1db568 <__aeabi_dmul>
7e1d9910:	460b      	mov	r3, r1
7e1d9912:	4602      	mov	r2, r0
7e1d9914:	4649      	mov	r1, r9
7e1d9916:	4620      	mov	r0, r4
7e1d9918:	f001 fc6e 	bl	7e1db1f8 <__aeabi_dsub>
7e1d991c:	f107 0330 	add.w	r3, r7, #48	; 0x30
7e1d9920:	f808 3b01 	strb.w	r3, [r8], #1
7e1d9924:	9b0a      	ldr	r3, [sp, #40]	; 0x28
7e1d9926:	2b01      	cmp	r3, #1
7e1d9928:	4604      	mov	r4, r0
7e1d992a:	460d      	mov	r5, r1
7e1d992c:	d04b      	beq.n	7e1d99c6 <_dtoa_r+0xd0e>
7e1d992e:	2200      	movs	r2, #0
7e1d9930:	2300      	movs	r3, #0
7e1d9932:	f2c4 0324 	movt	r3, #16420	; 0x4024
7e1d9936:	f001 fe17 	bl	7e1db568 <__aeabi_dmul>
7e1d993a:	2200      	movs	r2, #0
7e1d993c:	2300      	movs	r3, #0
7e1d993e:	4604      	mov	r4, r0
7e1d9940:	460d      	mov	r5, r1
7e1d9942:	f002 f879 	bl	7e1dba38 <__aeabi_dcmpeq>
7e1d9946:	2800      	cmp	r0, #0
7e1d9948:	f040 80af 	bne.w	7e1d9aaa <_dtoa_r+0xdf2>
7e1d994c:	f8cd a014 	str.w	sl, [sp, #20]
7e1d9950:	2601      	movs	r6, #1
7e1d9952:	f8dd 9028 	ldr.w	r9, [sp, #40]	; 0x28
7e1d9956:	f8cd b028 	str.w	fp, [sp, #40]	; 0x28
7e1d995a:	e9dd ab02 	ldrd	sl, fp, [sp, #8]
7e1d995e:	e00a      	b.n	7e1d9976 <_dtoa_r+0xcbe>
7e1d9960:	f001 fe02 	bl	7e1db568 <__aeabi_dmul>
7e1d9964:	2200      	movs	r2, #0
7e1d9966:	2300      	movs	r3, #0
7e1d9968:	4604      	mov	r4, r0
7e1d996a:	460d      	mov	r5, r1
7e1d996c:	f002 f864 	bl	7e1dba38 <__aeabi_dcmpeq>
7e1d9970:	2800      	cmp	r0, #0
7e1d9972:	f040 8096 	bne.w	7e1d9aa2 <_dtoa_r+0xdea>
7e1d9976:	4652      	mov	r2, sl
7e1d9978:	465b      	mov	r3, fp
7e1d997a:	4620      	mov	r0, r4
7e1d997c:	4629      	mov	r1, r5
7e1d997e:	f001 ff1d 	bl	7e1db7bc <__aeabi_ddiv>
7e1d9982:	3601      	adds	r6, #1
7e1d9984:	f002 f8a0 	bl	7e1dbac8 <__aeabi_d2iz>
7e1d9988:	4607      	mov	r7, r0
7e1d998a:	f001 fd83 	bl	7e1db494 <__aeabi_i2d>
7e1d998e:	4652      	mov	r2, sl
7e1d9990:	465b      	mov	r3, fp
7e1d9992:	f001 fde9 	bl	7e1db568 <__aeabi_dmul>
7e1d9996:	4602      	mov	r2, r0
7e1d9998:	460b      	mov	r3, r1
7e1d999a:	4620      	mov	r0, r4
7e1d999c:	4629      	mov	r1, r5
7e1d999e:	f001 fc2b 	bl	7e1db1f8 <__aeabi_dsub>
7e1d99a2:	454e      	cmp	r6, r9
7e1d99a4:	f04f 0300 	mov.w	r3, #0
7e1d99a8:	f107 0c30 	add.w	ip, r7, #48	; 0x30
7e1d99ac:	f04f 0200 	mov.w	r2, #0
7e1d99b0:	f2c4 0324 	movt	r3, #16420	; 0x4024
7e1d99b4:	f808 cb01 	strb.w	ip, [r8], #1
7e1d99b8:	4604      	mov	r4, r0
7e1d99ba:	460d      	mov	r5, r1
7e1d99bc:	d1d0      	bne.n	7e1d9960 <_dtoa_r+0xca8>
7e1d99be:	f8dd a014 	ldr.w	sl, [sp, #20]
7e1d99c2:	f8dd b028 	ldr.w	fp, [sp, #40]	; 0x28
7e1d99c6:	4622      	mov	r2, r4
7e1d99c8:	462b      	mov	r3, r5
7e1d99ca:	4620      	mov	r0, r4
7e1d99cc:	4629      	mov	r1, r5
7e1d99ce:	f001 fc15 	bl	7e1db1fc <__adddf3>
7e1d99d2:	e9dd 2302 	ldrd	r2, r3, [sp, #8]
7e1d99d6:	4604      	mov	r4, r0
7e1d99d8:	460d      	mov	r5, r1
7e1d99da:	f002 f855 	bl	7e1dba88 <__aeabi_dcmpgt>
7e1d99de:	2800      	cmp	r0, #0
7e1d99e0:	f000 80a8 	beq.w	7e1d9b34 <_dtoa_r+0xe7c>
7e1d99e4:	9e07      	ldr	r6, [sp, #28]
7e1d99e6:	f818 9c01 	ldrb.w	r9, [r8, #-1]
7e1d99ea:	f108 38ff 	add.w	r8, r8, #4294967295
7e1d99ee:	e003      	b.n	7e1d99f8 <_dtoa_r+0xd40>
7e1d99f0:	4546      	cmp	r6, r8
7e1d99f2:	d025      	beq.n	7e1d9a40 <_dtoa_r+0xd88>
7e1d99f4:	f818 9d01 	ldrb.w	r9, [r8, #-1]!
7e1d99f8:	f1b9 0f39 	cmp.w	r9, #57	; 0x39
7e1d99fc:	f108 0301 	add.w	r3, r8, #1
7e1d9a00:	d0f6      	beq.n	7e1d99f0 <_dtoa_r+0xd38>
7e1d9a02:	9307      	str	r3, [sp, #28]
7e1d9a04:	f109 0301 	add.w	r3, r9, #1
7e1d9a08:	b2db      	uxtb	r3, r3
7e1d9a0a:	f888 3000 	strb.w	r3, [r8]
7e1d9a0e:	e47d      	b.n	7e1d930c <_dtoa_r+0x654>
7e1d9a10:	9e07      	ldr	r6, [sp, #28]
7e1d9a12:	9507      	str	r5, [sp, #28]
7e1d9a14:	e47a      	b.n	7e1d930c <_dtoa_r+0x654>
7e1d9a16:	9a07      	ldr	r2, [sp, #28]
7e1d9a18:	9b06      	ldr	r3, [sp, #24]
7e1d9a1a:	3301      	adds	r3, #1
7e1d9a1c:	9306      	str	r3, [sp, #24]
7e1d9a1e:	2331      	movs	r3, #49	; 0x31
7e1d9a20:	7013      	strb	r3, [r2, #0]
7e1d9a22:	e611      	b.n	7e1d9648 <_dtoa_r+0x990>
7e1d9a24:	d103      	bne.n	7e1d9a2e <_dtoa_r+0xd76>
7e1d9a26:	f018 0f01 	tst.w	r8, #1
7e1d9a2a:	f47f adff 	bne.w	7e1d962c <_dtoa_r+0x974>
7e1d9a2e:	1e6b      	subs	r3, r5, #1
7e1d9a30:	e001      	b.n	7e1d9a36 <_dtoa_r+0xd7e>
7e1d9a32:	f813 2d01 	ldrb.w	r2, [r3, #-1]!
7e1d9a36:	2a30      	cmp	r2, #48	; 0x30
7e1d9a38:	f103 0501 	add.w	r5, r3, #1
7e1d9a3c:	d0f9      	beq.n	7e1d9a32 <_dtoa_r+0xd7a>
7e1d9a3e:	e603      	b.n	7e1d9648 <_dtoa_r+0x990>
7e1d9a40:	9307      	str	r3, [sp, #28]
7e1d9a42:	9b06      	ldr	r3, [sp, #24]
7e1d9a44:	3301      	adds	r3, #1
7e1d9a46:	9306      	str	r3, [sp, #24]
7e1d9a48:	2331      	movs	r3, #49	; 0x31
7e1d9a4a:	e7de      	b.n	7e1d9a0a <_dtoa_r+0xd52>
7e1d9a4c:	990b      	ldr	r1, [sp, #44]	; 0x2c
7e1d9a4e:	9b18      	ldr	r3, [sp, #96]	; 0x60
7e1d9a50:	9a05      	ldr	r2, [sp, #20]
7e1d9a52:	f1c3 0336 	rsb	r3, r3, #54	; 0x36
7e1d9a56:	9108      	str	r1, [sp, #32]
7e1d9a58:	441a      	add	r2, r3
7e1d9a5a:	9c0d      	ldr	r4, [sp, #52]	; 0x34
7e1d9a5c:	9205      	str	r2, [sp, #20]
7e1d9a5e:	460a      	mov	r2, r1
7e1d9a60:	441a      	add	r2, r3
7e1d9a62:	920b      	str	r2, [sp, #44]	; 0x2c
7e1d9a64:	f7ff bb98 	b.w	7e1d9198 <_dtoa_r+0x4e0>
7e1d9a68:	2b00      	cmp	r3, #0
7e1d9a6a:	940c      	str	r4, [sp, #48]	; 0x30
7e1d9a6c:	4644      	mov	r4, r8
7e1d9a6e:	f8dd 8008 	ldr.w	r8, [sp, #8]
7e1d9a72:	dd11      	ble.n	7e1d9a98 <_dtoa_r+0xde0>
7e1d9a74:	4651      	mov	r1, sl
7e1d9a76:	2201      	movs	r2, #1
7e1d9a78:	4658      	mov	r0, fp
7e1d9a7a:	f001 f851 	bl	7e1dab20 <__lshift>
7e1d9a7e:	4621      	mov	r1, r4
7e1d9a80:	4682      	mov	sl, r0
7e1d9a82:	f001 f8ab 	bl	7e1dabdc <__mcmp>
7e1d9a86:	2800      	cmp	r0, #0
7e1d9a88:	f340 8082 	ble.w	7e1d9b90 <_dtoa_r+0xed8>
7e1d9a8c:	f1b8 0f39 	cmp.w	r8, #57	; 0x39
7e1d9a90:	d03b      	beq.n	7e1d9b0a <_dtoa_r+0xe52>
7e1d9a92:	9b0b      	ldr	r3, [sp, #44]	; 0x2c
7e1d9a94:	f103 0831 	add.w	r8, r3, #49	; 0x31
7e1d9a98:	463e      	mov	r6, r7
7e1d9a9a:	f889 8000 	strb.w	r8, [r9]
7e1d9a9e:	9f0c      	ldr	r7, [sp, #48]	; 0x30
7e1d9aa0:	e5d2      	b.n	7e1d9648 <_dtoa_r+0x990>
7e1d9aa2:	f8dd a014 	ldr.w	sl, [sp, #20]
7e1d9aa6:	f8dd b028 	ldr.w	fp, [sp, #40]	; 0x28
7e1d9aaa:	9e07      	ldr	r6, [sp, #28]
7e1d9aac:	f8cd 801c 	str.w	r8, [sp, #28]
7e1d9ab0:	e42c      	b.n	7e1d930c <_dtoa_r+0x654>
7e1d9ab2:	9b17      	ldr	r3, [sp, #92]	; 0x5c
7e1d9ab4:	9e07      	ldr	r6, [sp, #28]
7e1d9ab6:	3301      	adds	r3, #1
7e1d9ab8:	9306      	str	r3, [sp, #24]
7e1d9aba:	f818 9c01 	ldrb.w	r9, [r8, #-1]
7e1d9abe:	e794      	b.n	7e1d99ea <_dtoa_r+0xd32>
7e1d9ac0:	6879      	ldr	r1, [r7, #4]
7e1d9ac2:	4658      	mov	r0, fp
7e1d9ac4:	f000 fe1e 	bl	7e1da704 <_Balloc>
7e1d9ac8:	693b      	ldr	r3, [r7, #16]
7e1d9aca:	f107 010c 	add.w	r1, r7, #12
7e1d9ace:	3302      	adds	r3, #2
7e1d9ad0:	009a      	lsls	r2, r3, #2
7e1d9ad2:	4605      	mov	r5, r0
7e1d9ad4:	300c      	adds	r0, #12
7e1d9ad6:	f7fb fa49 	bl	7e1d4f6c <memcpy>
7e1d9ada:	4629      	mov	r1, r5
7e1d9adc:	2201      	movs	r2, #1
7e1d9ade:	4658      	mov	r0, fp
7e1d9ae0:	f001 f81e 	bl	7e1dab20 <__lshift>
7e1d9ae4:	900c      	str	r0, [sp, #48]	; 0x30
7e1d9ae6:	e4a7      	b.n	7e1d9438 <_dtoa_r+0x780>
7e1d9ae8:	9b17      	ldr	r3, [sp, #92]	; 0x5c
7e1d9aea:	f8dd a040 	ldr.w	sl, [sp, #64]	; 0x40
7e1d9aee:	3301      	adds	r3, #1
7e1d9af0:	9e07      	ldr	r6, [sp, #28]
7e1d9af2:	9306      	str	r3, [sp, #24]
7e1d9af4:	e779      	b.n	7e1d99ea <_dtoa_r+0xd32>
7e1d9af6:	940c      	str	r4, [sp, #48]	; 0x30
7e1d9af8:	4644      	mov	r4, r8
7e1d9afa:	f8dd 8008 	ldr.w	r8, [sp, #8]
7e1d9afe:	f1b8 0f39 	cmp.w	r8, #57	; 0x39
7e1d9b02:	bf18      	it	ne
7e1d9b04:	f108 0801 	addne.w	r8, r8, #1
7e1d9b08:	d1c6      	bne.n	7e1d9a98 <_dtoa_r+0xde0>
7e1d9b0a:	2239      	movs	r2, #57	; 0x39
7e1d9b0c:	463e      	mov	r6, r7
7e1d9b0e:	f889 2000 	strb.w	r2, [r9]
7e1d9b12:	9f0c      	ldr	r7, [sp, #48]	; 0x30
7e1d9b14:	e58a      	b.n	7e1d962c <_dtoa_r+0x974>
7e1d9b16:	4623      	mov	r3, r4
7e1d9b18:	463e      	mov	r6, r7
7e1d9b1a:	4644      	mov	r4, r8
7e1d9b1c:	461f      	mov	r7, r3
7e1d9b1e:	f8dd 8008 	ldr.w	r8, [sp, #8]
7e1d9b22:	e575      	b.n	7e1d9610 <_dtoa_r+0x958>
7e1d9b24:	930d      	str	r3, [sp, #52]	; 0x34
7e1d9b26:	f7ff bb8f 	b.w	7e1d9248 <_dtoa_r+0x590>
7e1d9b2a:	9b16      	ldr	r3, [sp, #88]	; 0x58
7e1d9b2c:	9506      	str	r5, [sp, #24]
7e1d9b2e:	930a      	str	r3, [sp, #40]	; 0x28
7e1d9b30:	f7ff bbca 	b.w	7e1d92c8 <_dtoa_r+0x610>
7e1d9b34:	e9dd 2302 	ldrd	r2, r3, [sp, #8]
7e1d9b38:	4620      	mov	r0, r4
7e1d9b3a:	4629      	mov	r1, r5
7e1d9b3c:	f001 ff7c 	bl	7e1dba38 <__aeabi_dcmpeq>
7e1d9b40:	2800      	cmp	r0, #0
7e1d9b42:	d0b2      	beq.n	7e1d9aaa <_dtoa_r+0xdf2>
7e1d9b44:	07f8      	lsls	r0, r7, #31
7e1d9b46:	9e07      	ldr	r6, [sp, #28]
7e1d9b48:	bf48      	it	mi
7e1d9b4a:	f818 9c01 	ldrbmi.w	r9, [r8, #-1]
7e1d9b4e:	f53f af4c 	bmi.w	7e1d99ea <_dtoa_r+0xd32>
7e1d9b52:	e7ab      	b.n	7e1d9aac <_dtoa_r+0xdf4>
7e1d9b54:	940c      	str	r4, [sp, #48]	; 0x30
7e1d9b56:	4644      	mov	r4, r8
7e1d9b58:	f8dd 8008 	ldr.w	r8, [sp, #8]
7e1d9b5c:	f109 0501 	add.w	r5, r9, #1
7e1d9b60:	f1b8 0f39 	cmp.w	r8, #57	; 0x39
7e1d9b64:	d0d1      	beq.n	7e1d9b0a <_dtoa_r+0xe52>
7e1d9b66:	2e00      	cmp	r6, #0
7e1d9b68:	dc93      	bgt.n	7e1d9a92 <_dtoa_r+0xdda>
7e1d9b6a:	e795      	b.n	7e1d9a98 <_dtoa_r+0xde0>
7e1d9b6c:	4639      	mov	r1, r7
7e1d9b6e:	2300      	movs	r3, #0
7e1d9b70:	220a      	movs	r2, #10
7e1d9b72:	4658      	mov	r0, fp
7e1d9b74:	f000 fdf6 	bl	7e1da764 <__multadd>
7e1d9b78:	4607      	mov	r7, r0
7e1d9b7a:	2e00      	cmp	r6, #0
7e1d9b7c:	d1d5      	bne.n	7e1d9b2a <_dtoa_r+0xe72>
7e1d9b7e:	9b16      	ldr	r3, [sp, #88]	; 0x58
7e1d9b80:	930a      	str	r3, [sp, #40]	; 0x28
7e1d9b82:	e44b      	b.n	7e1d941c <_dtoa_r+0x764>
7e1d9b84:	e9dd 6710 	ldrd	r6, r7, [sp, #64]	; 0x40
7e1d9b88:	f04f 0802 	mov.w	r8, #2
7e1d9b8c:	f7ff ba10 	b.w	7e1d8fb0 <_dtoa_r+0x2f8>
7e1d9b90:	d182      	bne.n	7e1d9a98 <_dtoa_r+0xde0>
7e1d9b92:	f018 0f01 	tst.w	r8, #1
7e1d9b96:	f47f af79 	bne.w	7e1d9a8c <_dtoa_r+0xdd4>
7e1d9b9a:	e77d      	b.n	7e1d9a98 <_dtoa_r+0xde0>
7e1d9b9c:	9b17      	ldr	r3, [sp, #92]	; 0x5c
7e1d9b9e:	9e07      	ldr	r6, [sp, #28]
7e1d9ba0:	3301      	adds	r3, #1
7e1d9ba2:	9306      	str	r3, [sp, #24]
7e1d9ba4:	e721      	b.n	7e1d99ea <_dtoa_r+0xd32>
7e1d9ba6:	f8cd 8034 	str.w	r8, [sp, #52]	; 0x34
7e1d9baa:	e4ec      	b.n	7e1d9586 <_dtoa_r+0x8ce>
7e1d9bac:	9e07      	ldr	r6, [sp, #28]
7e1d9bae:	9507      	str	r5, [sp, #28]
7e1d9bb0:	f7ff bba8 	b.w	7e1d9304 <_dtoa_r+0x64c>
7e1d9bb4:	f43f ab62 	beq.w	7e1d927c <_dtoa_r+0x5c4>
7e1d9bb8:	f1c0 003c 	rsb	r0, r0, #60	; 0x3c
7e1d9bbc:	f7ff bbef 	b.w	7e1d939e <_dtoa_r+0x6e6>
7e1d9bc0:	f04f 32ff 	mov.w	r2, #4294967295
7e1d9bc4:	2100      	movs	r1, #0
7e1d9bc6:	9216      	str	r2, [sp, #88]	; 0x58
7e1d9bc8:	920a      	str	r2, [sp, #40]	; 0x28
7e1d9bca:	2201      	movs	r2, #1
7e1d9bcc:	9125      	str	r1, [sp, #148]	; 0x94
7e1d9bce:	920c      	str	r2, [sp, #48]	; 0x30
7e1d9bd0:	f7ff bac4 	b.w	7e1d915c <_dtoa_r+0x4a4>

7e1d9bd4 <_malloc_trim_r>:
7e1d9bd4:	b5f8      	push	{r3, r4, r5, r6, r7, lr}
7e1d9bd6:	f24c 5758 	movw	r7, #50520	; 0xc558
7e1d9bda:	f6c7 671d 	movt	r7, #32285	; 0x7e1d
7e1d9bde:	460c      	mov	r4, r1
7e1d9be0:	4606      	mov	r6, r0
7e1d9be2:	f7fb faf1 	bl	7e1d51c8 <__malloc_lock>
7e1d9be6:	68bb      	ldr	r3, [r7, #8]
7e1d9be8:	f5c4 617e 	rsb	r1, r4, #4064	; 0xfe0
7e1d9bec:	310f      	adds	r1, #15
7e1d9bee:	685d      	ldr	r5, [r3, #4]
7e1d9bf0:	f025 0503 	bic.w	r5, r5, #3
7e1d9bf4:	4429      	add	r1, r5
7e1d9bf6:	f421 617f 	bic.w	r1, r1, #4080	; 0xff0
7e1d9bfa:	f021 010f 	bic.w	r1, r1, #15
7e1d9bfe:	f5a1 5480 	sub.w	r4, r1, #4096	; 0x1000
7e1d9c02:	f5b4 5f80 	cmp.w	r4, #4096	; 0x1000
7e1d9c06:	db07      	blt.n	7e1d9c18 <_malloc_trim_r+0x44>
7e1d9c08:	2100      	movs	r1, #0
7e1d9c0a:	4630      	mov	r0, r6
7e1d9c0c:	f7fb fca2 	bl	7e1d5554 <_sbrk_r>
7e1d9c10:	68bb      	ldr	r3, [r7, #8]
7e1d9c12:	442b      	add	r3, r5
7e1d9c14:	4298      	cmp	r0, r3
7e1d9c16:	d004      	beq.n	7e1d9c22 <_malloc_trim_r+0x4e>
7e1d9c18:	4630      	mov	r0, r6
7e1d9c1a:	f7fb fadb 	bl	7e1d51d4 <__malloc_unlock>
7e1d9c1e:	2000      	movs	r0, #0
7e1d9c20:	bdf8      	pop	{r3, r4, r5, r6, r7, pc}
7e1d9c22:	4261      	negs	r1, r4
7e1d9c24:	4630      	mov	r0, r6
7e1d9c26:	f7fb fc95 	bl	7e1d5554 <_sbrk_r>
7e1d9c2a:	3001      	adds	r0, #1
7e1d9c2c:	d010      	beq.n	7e1d9c50 <_malloc_trim_r+0x7c>
7e1d9c2e:	68ba      	ldr	r2, [r7, #8]
7e1d9c30:	f242 63bc 	movw	r3, #9916	; 0x26bc
7e1d9c34:	f6c7 631e 	movt	r3, #32286	; 0x7e1e
7e1d9c38:	1b2d      	subs	r5, r5, r4
7e1d9c3a:	4630      	mov	r0, r6
7e1d9c3c:	f045 0501 	orr.w	r5, r5, #1
7e1d9c40:	6819      	ldr	r1, [r3, #0]
7e1d9c42:	6055      	str	r5, [r2, #4]
7e1d9c44:	1b09      	subs	r1, r1, r4
7e1d9c46:	6019      	str	r1, [r3, #0]
7e1d9c48:	f7fb fac4 	bl	7e1d51d4 <__malloc_unlock>
7e1d9c4c:	2001      	movs	r0, #1
7e1d9c4e:	bdf8      	pop	{r3, r4, r5, r6, r7, pc}
7e1d9c50:	2100      	movs	r1, #0
7e1d9c52:	4630      	mov	r0, r6
7e1d9c54:	f7fb fc7e 	bl	7e1d5554 <_sbrk_r>
7e1d9c58:	68ba      	ldr	r2, [r7, #8]
7e1d9c5a:	1a83      	subs	r3, r0, r2
7e1d9c5c:	2b0f      	cmp	r3, #15
7e1d9c5e:	dddb      	ble.n	7e1d9c18 <_malloc_trim_r+0x44>
7e1d9c60:	f64c 1460 	movw	r4, #51552	; 0xc960
7e1d9c64:	f6c7 641d 	movt	r4, #32285	; 0x7e1d
7e1d9c68:	f242 61bc 	movw	r1, #9916	; 0x26bc
7e1d9c6c:	f6c7 611e 	movt	r1, #32286	; 0x7e1e
7e1d9c70:	6824      	ldr	r4, [r4, #0]
7e1d9c72:	f043 0301 	orr.w	r3, r3, #1
7e1d9c76:	6053      	str	r3, [r2, #4]
7e1d9c78:	1b00      	subs	r0, r0, r4
7e1d9c7a:	6008      	str	r0, [r1, #0]
7e1d9c7c:	e7cc      	b.n	7e1d9c18 <_malloc_trim_r+0x44>
7e1d9c7e:	bf00      	nop

7e1d9c80 <_free_r>:
7e1d9c80:	2900      	cmp	r1, #0
7e1d9c82:	d061      	beq.n	7e1d9d48 <_free_r+0xc8>
7e1d9c84:	b5f8      	push	{r3, r4, r5, r6, r7, lr}
7e1d9c86:	460f      	mov	r7, r1
7e1d9c88:	4606      	mov	r6, r0
7e1d9c8a:	f7fb fa9d 	bl	7e1d51c8 <__malloc_lock>
7e1d9c8e:	f857 cc04 	ldr.w	ip, [r7, #-4]
7e1d9c92:	f24c 5258 	movw	r2, #50520	; 0xc558
7e1d9c96:	f6c7 621d 	movt	r2, #32285	; 0x7e1d
7e1d9c9a:	f1a7 0008 	sub.w	r0, r7, #8
7e1d9c9e:	f02c 0301 	bic.w	r3, ip, #1
7e1d9ca2:	18c4      	adds	r4, r0, r3
7e1d9ca4:	6891      	ldr	r1, [r2, #8]
7e1d9ca6:	6865      	ldr	r5, [r4, #4]
7e1d9ca8:	42a1      	cmp	r1, r4
7e1d9caa:	f025 0503 	bic.w	r5, r5, #3
7e1d9cae:	f000 8084 	beq.w	7e1d9dba <_free_r+0x13a>
7e1d9cb2:	f01c 0f01 	tst.w	ip, #1
7e1d9cb6:	6065      	str	r5, [r4, #4]
7e1d9cb8:	eb04 0105 	add.w	r1, r4, r5
7e1d9cbc:	d133      	bne.n	7e1d9d26 <_free_r+0xa6>
7e1d9cbe:	f857 7c08 	ldr.w	r7, [r7, #-8]
7e1d9cc2:	f102 0c08 	add.w	ip, r2, #8
7e1d9cc6:	6849      	ldr	r1, [r1, #4]
7e1d9cc8:	1bc0      	subs	r0, r0, r7
7e1d9cca:	443b      	add	r3, r7
7e1d9ccc:	f001 0101 	and.w	r1, r1, #1
7e1d9cd0:	6887      	ldr	r7, [r0, #8]
7e1d9cd2:	4567      	cmp	r7, ip
7e1d9cd4:	d061      	beq.n	7e1d9d9a <_free_r+0x11a>
7e1d9cd6:	f8d0 e00c 	ldr.w	lr, [r0, #12]
7e1d9cda:	f8c7 e00c 	str.w	lr, [r7, #12]
7e1d9cde:	f8ce 7008 	str.w	r7, [lr, #8]
7e1d9ce2:	2900      	cmp	r1, #0
7e1d9ce4:	f000 8094 	beq.w	7e1d9e10 <_free_r+0x190>
7e1d9ce8:	f043 0101 	orr.w	r1, r3, #1
7e1d9cec:	6041      	str	r1, [r0, #4]
7e1d9cee:	6023      	str	r3, [r4, #0]
7e1d9cf0:	f5b3 7f00 	cmp.w	r3, #512	; 0x200
7e1d9cf4:	d231      	bcs.n	7e1d9d5a <_free_r+0xda>
7e1d9cf6:	08db      	lsrs	r3, r3, #3
7e1d9cf8:	2101      	movs	r1, #1
7e1d9cfa:	185d      	adds	r5, r3, r1
7e1d9cfc:	6854      	ldr	r4, [r2, #4]
7e1d9cfe:	109b      	asrs	r3, r3, #2
7e1d9d00:	f852 7035 	ldr.w	r7, [r2, r5, lsl #3]
7e1d9d04:	fa01 f303 	lsl.w	r3, r1, r3
7e1d9d08:	eb02 01c5 	add.w	r1, r2, r5, lsl #3
7e1d9d0c:	4323      	orrs	r3, r4
7e1d9d0e:	3908      	subs	r1, #8
7e1d9d10:	6053      	str	r3, [r2, #4]
7e1d9d12:	e9c0 7102 	strd	r7, r1, [r0, #8]
7e1d9d16:	f842 0035 	str.w	r0, [r2, r5, lsl #3]
7e1d9d1a:	60f8      	str	r0, [r7, #12]
7e1d9d1c:	4630      	mov	r0, r6
7e1d9d1e:	e8bd 40f8 	ldmia.w	sp!, {r3, r4, r5, r6, r7, lr}
7e1d9d22:	f7fb ba57 	b.w	7e1d51d4 <__malloc_unlock>
7e1d9d26:	6849      	ldr	r1, [r1, #4]
7e1d9d28:	07c9      	lsls	r1, r1, #31
7e1d9d2a:	d40e      	bmi.n	7e1d9d4a <_free_r+0xca>
7e1d9d2c:	442b      	add	r3, r5
7e1d9d2e:	f102 0c08 	add.w	ip, r2, #8
7e1d9d32:	68a1      	ldr	r1, [r4, #8]
7e1d9d34:	f043 0501 	orr.w	r5, r3, #1
7e1d9d38:	4561      	cmp	r1, ip
7e1d9d3a:	d071      	beq.n	7e1d9e20 <_free_r+0x1a0>
7e1d9d3c:	68e4      	ldr	r4, [r4, #12]
7e1d9d3e:	60cc      	str	r4, [r1, #12]
7e1d9d40:	60a1      	str	r1, [r4, #8]
7e1d9d42:	6045      	str	r5, [r0, #4]
7e1d9d44:	50c3      	str	r3, [r0, r3]
7e1d9d46:	e7d3      	b.n	7e1d9cf0 <_free_r+0x70>
7e1d9d48:	4770      	bx	lr
7e1d9d4a:	f5b3 7f00 	cmp.w	r3, #512	; 0x200
7e1d9d4e:	f043 0101 	orr.w	r1, r3, #1
7e1d9d52:	f847 1c04 	str.w	r1, [r7, #-4]
7e1d9d56:	6023      	str	r3, [r4, #0]
7e1d9d58:	d3cd      	bcc.n	7e1d9cf6 <_free_r+0x76>
7e1d9d5a:	0a59      	lsrs	r1, r3, #9
7e1d9d5c:	2904      	cmp	r1, #4
7e1d9d5e:	d84c      	bhi.n	7e1d9dfa <_free_r+0x17a>
7e1d9d60:	0999      	lsrs	r1, r3, #6
7e1d9d62:	f101 0439 	add.w	r4, r1, #57	; 0x39
7e1d9d66:	f101 0538 	add.w	r5, r1, #56	; 0x38
7e1d9d6a:	00e1      	lsls	r1, r4, #3
7e1d9d6c:	1854      	adds	r4, r2, r1
7e1d9d6e:	5851      	ldr	r1, [r2, r1]
7e1d9d70:	3c08      	subs	r4, #8
7e1d9d72:	428c      	cmp	r4, r1
7e1d9d74:	d05b      	beq.n	7e1d9e2e <_free_r+0x1ae>
7e1d9d76:	684a      	ldr	r2, [r1, #4]
7e1d9d78:	f022 0203 	bic.w	r2, r2, #3
7e1d9d7c:	429a      	cmp	r2, r3
7e1d9d7e:	d902      	bls.n	7e1d9d86 <_free_r+0x106>
7e1d9d80:	6889      	ldr	r1, [r1, #8]
7e1d9d82:	428c      	cmp	r4, r1
7e1d9d84:	d1f7      	bne.n	7e1d9d76 <_free_r+0xf6>
7e1d9d86:	68cc      	ldr	r4, [r1, #12]
7e1d9d88:	e9c0 1402 	strd	r1, r4, [r0, #8]
7e1d9d8c:	60a0      	str	r0, [r4, #8]
7e1d9d8e:	60c8      	str	r0, [r1, #12]
7e1d9d90:	4630      	mov	r0, r6
7e1d9d92:	e8bd 40f8 	ldmia.w	sp!, {r3, r4, r5, r6, r7, lr}
7e1d9d96:	f7fb ba1d 	b.w	7e1d51d4 <__malloc_unlock>
7e1d9d9a:	2900      	cmp	r1, #0
7e1d9d9c:	d168      	bne.n	7e1d9e70 <_free_r+0x1f0>
7e1d9d9e:	68e2      	ldr	r2, [r4, #12]
7e1d9da0:	442b      	add	r3, r5
7e1d9da2:	68a1      	ldr	r1, [r4, #8]
7e1d9da4:	f043 0401 	orr.w	r4, r3, #1
7e1d9da8:	60ca      	str	r2, [r1, #12]
7e1d9daa:	6091      	str	r1, [r2, #8]
7e1d9dac:	6044      	str	r4, [r0, #4]
7e1d9dae:	50c3      	str	r3, [r0, r3]
7e1d9db0:	4630      	mov	r0, r6
7e1d9db2:	e8bd 40f8 	ldmia.w	sp!, {r3, r4, r5, r6, r7, lr}
7e1d9db6:	f7fb ba0d 	b.w	7e1d51d4 <__malloc_unlock>
7e1d9dba:	f01c 0f01 	tst.w	ip, #1
7e1d9dbe:	442b      	add	r3, r5
7e1d9dc0:	d107      	bne.n	7e1d9dd2 <_free_r+0x152>
7e1d9dc2:	f857 1c08 	ldr.w	r1, [r7, #-8]
7e1d9dc6:	1a40      	subs	r0, r0, r1
7e1d9dc8:	440b      	add	r3, r1
7e1d9dca:	e9d0 4102 	ldrd	r4, r1, [r0, #8]
7e1d9dce:	60e1      	str	r1, [r4, #12]
7e1d9dd0:	608c      	str	r4, [r1, #8]
7e1d9dd2:	f64c 1164 	movw	r1, #51556	; 0xc964
7e1d9dd6:	f6c7 611d 	movt	r1, #32285	; 0x7e1d
7e1d9dda:	f043 0401 	orr.w	r4, r3, #1
7e1d9dde:	6044      	str	r4, [r0, #4]
7e1d9de0:	6809      	ldr	r1, [r1, #0]
7e1d9de2:	6090      	str	r0, [r2, #8]
7e1d9de4:	4299      	cmp	r1, r3
7e1d9de6:	d899      	bhi.n	7e1d9d1c <_free_r+0x9c>
7e1d9de8:	f242 63ec 	movw	r3, #9964	; 0x26ec
7e1d9dec:	f6c7 631e 	movt	r3, #32286	; 0x7e1e
7e1d9df0:	4630      	mov	r0, r6
7e1d9df2:	6819      	ldr	r1, [r3, #0]
7e1d9df4:	f7ff feee 	bl	7e1d9bd4 <_malloc_trim_r>
7e1d9df8:	e790      	b.n	7e1d9d1c <_free_r+0x9c>
7e1d9dfa:	2914      	cmp	r1, #20
7e1d9dfc:	d90a      	bls.n	7e1d9e14 <_free_r+0x194>
7e1d9dfe:	2954      	cmp	r1, #84	; 0x54
7e1d9e00:	d81d      	bhi.n	7e1d9e3e <_free_r+0x1be>
7e1d9e02:	0b19      	lsrs	r1, r3, #12
7e1d9e04:	f101 046f 	add.w	r4, r1, #111	; 0x6f
7e1d9e08:	f101 056e 	add.w	r5, r1, #110	; 0x6e
7e1d9e0c:	00e1      	lsls	r1, r4, #3
7e1d9e0e:	e7ad      	b.n	7e1d9d6c <_free_r+0xec>
7e1d9e10:	442b      	add	r3, r5
7e1d9e12:	e78e      	b.n	7e1d9d32 <_free_r+0xb2>
7e1d9e14:	f101 045c 	add.w	r4, r1, #92	; 0x5c
7e1d9e18:	f101 055b 	add.w	r5, r1, #91	; 0x5b
7e1d9e1c:	00e1      	lsls	r1, r4, #3
7e1d9e1e:	e7a5      	b.n	7e1d9d6c <_free_r+0xec>
7e1d9e20:	e9c2 0004 	strd	r0, r0, [r2, #16]
7e1d9e24:	e9c0 cc02 	strd	ip, ip, [r0, #8]
7e1d9e28:	6045      	str	r5, [r0, #4]
7e1d9e2a:	50c3      	str	r3, [r0, r3]
7e1d9e2c:	e776      	b.n	7e1d9d1c <_free_r+0x9c>
7e1d9e2e:	6853      	ldr	r3, [r2, #4]
7e1d9e30:	10ad      	asrs	r5, r5, #2
7e1d9e32:	2701      	movs	r7, #1
7e1d9e34:	fa07 f505 	lsl.w	r5, r7, r5
7e1d9e38:	431d      	orrs	r5, r3
7e1d9e3a:	6055      	str	r5, [r2, #4]
7e1d9e3c:	e7a4      	b.n	7e1d9d88 <_free_r+0x108>
7e1d9e3e:	f5b1 7faa 	cmp.w	r1, #340	; 0x154
7e1d9e42:	d806      	bhi.n	7e1d9e52 <_free_r+0x1d2>
7e1d9e44:	0bd9      	lsrs	r1, r3, #15
7e1d9e46:	f101 0478 	add.w	r4, r1, #120	; 0x78
7e1d9e4a:	f101 0577 	add.w	r5, r1, #119	; 0x77
7e1d9e4e:	00e1      	lsls	r1, r4, #3
7e1d9e50:	e78c      	b.n	7e1d9d6c <_free_r+0xec>
7e1d9e52:	f240 5454 	movw	r4, #1364	; 0x554
7e1d9e56:	42a1      	cmp	r1, r4
7e1d9e58:	bf9d      	ittte	ls
7e1d9e5a:	0c99      	lsrls	r1, r3, #18
7e1d9e5c:	f101 047d 	addls.w	r4, r1, #125	; 0x7d
7e1d9e60:	f101 057c 	addls.w	r5, r1, #124	; 0x7c
7e1d9e64:	f44f 717e 	movhi.w	r1, #1016	; 0x3f8
7e1d9e68:	bf8c      	ite	hi
7e1d9e6a:	257e      	movhi	r5, #126	; 0x7e
7e1d9e6c:	00e1      	lslls	r1, r4, #3
7e1d9e6e:	e77d      	b.n	7e1d9d6c <_free_r+0xec>
7e1d9e70:	f043 0201 	orr.w	r2, r3, #1
7e1d9e74:	6042      	str	r2, [r0, #4]
7e1d9e76:	6023      	str	r3, [r4, #0]
7e1d9e78:	e750      	b.n	7e1d9d1c <_free_r+0x9c>
7e1d9e7a:	bf00      	nop

7e1d9e7c <rshift>:
7e1d9e7c:	e92d 41f0 	stmdb	sp!, {r4, r5, r6, r7, r8, lr}
7e1d9e80:	ea4f 1c61 	mov.w	ip, r1, asr #5
7e1d9e84:	6905      	ldr	r5, [r0, #16]
7e1d9e86:	4565      	cmp	r5, ip
7e1d9e88:	dd2f      	ble.n	7e1d9eea <rshift+0x6e>
7e1d9e8a:	f011 011f 	ands.w	r1, r1, #31
7e1d9e8e:	f100 0614 	add.w	r6, r0, #20
7e1d9e92:	eb06 0785 	add.w	r7, r6, r5, lsl #2
7e1d9e96:	eb06 038c 	add.w	r3, r6, ip, lsl #2
7e1d9e9a:	d02c      	beq.n	7e1d9ef6 <rshift+0x7a>
7e1d9e9c:	f856 202c 	ldr.w	r2, [r6, ip, lsl #2]
7e1d9ea0:	3304      	adds	r3, #4
7e1d9ea2:	429f      	cmp	r7, r3
7e1d9ea4:	f1c1 0e20 	rsb	lr, r1, #32
7e1d9ea8:	fa22 f401 	lsr.w	r4, r2, r1
7e1d9eac:	d919      	bls.n	7e1d9ee2 <rshift+0x66>
7e1d9eae:	46b0      	mov	r8, r6
7e1d9eb0:	681a      	ldr	r2, [r3, #0]
7e1d9eb2:	fa02 f20e 	lsl.w	r2, r2, lr
7e1d9eb6:	4322      	orrs	r2, r4
7e1d9eb8:	f848 2b04 	str.w	r2, [r8], #4
7e1d9ebc:	f853 4b04 	ldr.w	r4, [r3], #4
7e1d9ec0:	429f      	cmp	r7, r3
7e1d9ec2:	fa24 f401 	lsr.w	r4, r4, r1
7e1d9ec6:	d8f3      	bhi.n	7e1d9eb0 <rshift+0x34>
7e1d9ec8:	eba5 050c 	sub.w	r5, r5, ip
7e1d9ecc:	00ad      	lsls	r5, r5, #2
7e1d9ece:	3d05      	subs	r5, #5
7e1d9ed0:	08ad      	lsrs	r5, r5, #2
7e1d9ed2:	3501      	adds	r5, #1
7e1d9ed4:	f846 4025 	str.w	r4, [r6, r5, lsl #2]
7e1d9ed8:	eb06 0585 	add.w	r5, r6, r5, lsl #2
7e1d9edc:	b1d4      	cbz	r4, 7e1d9f14 <rshift+0x98>
7e1d9ede:	3504      	adds	r5, #4
7e1d9ee0:	e018      	b.n	7e1d9f14 <rshift+0x98>
7e1d9ee2:	6144      	str	r4, [r0, #20]
7e1d9ee4:	4635      	mov	r5, r6
7e1d9ee6:	2c00      	cmp	r4, #0
7e1d9ee8:	d1f9      	bne.n	7e1d9ede <rshift+0x62>
7e1d9eea:	2300      	movs	r3, #0
7e1d9eec:	6103      	str	r3, [r0, #16]
7e1d9eee:	2300      	movs	r3, #0
7e1d9ef0:	6143      	str	r3, [r0, #20]
7e1d9ef2:	e8bd 81f0 	ldmia.w	sp!, {r4, r5, r6, r7, r8, pc}
7e1d9ef6:	429f      	cmp	r7, r3
7e1d9ef8:	bf88      	it	hi
7e1d9efa:	f100 0210 	addhi.w	r2, r0, #16
7e1d9efe:	d9f4      	bls.n	7e1d9eea <rshift+0x6e>
7e1d9f00:	f853 1b04 	ldr.w	r1, [r3], #4
7e1d9f04:	429f      	cmp	r7, r3
7e1d9f06:	f842 1f04 	str.w	r1, [r2, #4]!
7e1d9f0a:	d8f9      	bhi.n	7e1d9f00 <rshift+0x84>
7e1d9f0c:	eba5 050c 	sub.w	r5, r5, ip
7e1d9f10:	eb06 0585 	add.w	r5, r6, r5, lsl #2
7e1d9f14:	1bab      	subs	r3, r5, r6
7e1d9f16:	42b5      	cmp	r5, r6
7e1d9f18:	ea4f 03a3 	mov.w	r3, r3, asr #2
7e1d9f1c:	6103      	str	r3, [r0, #16]
7e1d9f1e:	d0e6      	beq.n	7e1d9eee <rshift+0x72>
7e1d9f20:	e8bd 81f0 	ldmia.w	sp!, {r4, r5, r6, r7, r8, pc}

7e1d9f24 <__gethex>:
7e1d9f24:	e92d 4ff0 	stmdb	sp!, {r4, r5, r6, r7, r8, r9, sl, fp, lr}
7e1d9f28:	f64a 4484 	movw	r4, #44164	; 0xac84
7e1d9f2c:	f2c8 042d 	movt	r4, #32813	; 0x802d
7e1d9f30:	4689      	mov	r9, r1
7e1d9f32:	b08d      	sub	sp, #52	; 0x34
7e1d9f34:	6821      	ldr	r1, [r4, #0]
7e1d9f36:	9008      	str	r0, [sp, #32]
7e1d9f38:	9204      	str	r2, [sp, #16]
7e1d9f3a:	4608      	mov	r0, r1
7e1d9f3c:	460c      	mov	r4, r1
7e1d9f3e:	930a      	str	r3, [sp, #40]	; 0x28
7e1d9f40:	9106      	str	r1, [sp, #24]
7e1d9f42:	f7fb fd11 	bl	7e1d5968 <strlen>
7e1d9f46:	f8d9 3000 	ldr.w	r3, [r9]
7e1d9f4a:	1822      	adds	r2, r4, r0
7e1d9f4c:	9003      	str	r0, [sp, #12]
7e1d9f4e:	f812 2c01 	ldrb.w	r2, [r2, #-1]
7e1d9f52:	9201      	str	r2, [sp, #4]
7e1d9f54:	789a      	ldrb	r2, [r3, #2]
7e1d9f56:	2a30      	cmp	r2, #48	; 0x30
7e1d9f58:	f040 81ed 	bne.w	7e1da336 <__gethex+0x412>
7e1d9f5c:	f64f 71fe 	movw	r1, #65534	; 0xfffe
7e1d9f60:	f6cf 71ff 	movt	r1, #65535	; 0xffff
7e1d9f64:	1ac9      	subs	r1, r1, r3
7e1d9f66:	3303      	adds	r3, #3
7e1d9f68:	eb01 0a03 	add.w	sl, r1, r3
7e1d9f6c:	461c      	mov	r4, r3
7e1d9f6e:	f813 2b01 	ldrb.w	r2, [r3], #1
7e1d9f72:	2a30      	cmp	r2, #48	; 0x30
7e1d9f74:	d0f8      	beq.n	7e1d9f68 <__gethex+0x44>
7e1d9f76:	f64a 3684 	movw	r6, #43908	; 0xab84
7e1d9f7a:	f2c8 062d 	movt	r6, #32813	; 0x802d
7e1d9f7e:	5cb3      	ldrb	r3, [r6, r2]
7e1d9f80:	2b00      	cmp	r3, #0
7e1d9f82:	f000 80fa 	beq.w	7e1da17a <__gethex+0x256>
7e1d9f86:	7823      	ldrb	r3, [r4, #0]
7e1d9f88:	f04f 0800 	mov.w	r8, #0
7e1d9f8c:	4645      	mov	r5, r8
7e1d9f8e:	5cf3      	ldrb	r3, [r6, r3]
7e1d9f90:	4627      	mov	r7, r4
7e1d9f92:	b123      	cbz	r3, 7e1d9f9e <__gethex+0x7a>
7e1d9f94:	f817 3f01 	ldrb.w	r3, [r7, #1]!
7e1d9f98:	5cf3      	ldrb	r3, [r6, r3]
7e1d9f9a:	2b00      	cmp	r3, #0
7e1d9f9c:	d1fa      	bne.n	7e1d9f94 <__gethex+0x70>
7e1d9f9e:	9a03      	ldr	r2, [sp, #12]
7e1d9fa0:	4638      	mov	r0, r7
7e1d9fa2:	9906      	ldr	r1, [sp, #24]
7e1d9fa4:	f7fb fd0e 	bl	7e1d59c4 <strncmp>
7e1d9fa8:	9002      	str	r0, [sp, #8]
7e1d9faa:	2800      	cmp	r0, #0
7e1d9fac:	f000 809e 	beq.w	7e1da0ec <__gethex+0x1c8>
7e1d9fb0:	783b      	ldrb	r3, [r7, #0]
7e1d9fb2:	2d00      	cmp	r5, #0
7e1d9fb4:	f040 819c 	bne.w	7e1da2f0 <__gethex+0x3cc>
7e1d9fb8:	9502      	str	r5, [sp, #8]
7e1d9fba:	2b50      	cmp	r3, #80	; 0x50
7e1d9fbc:	f000 80a1 	beq.w	7e1da102 <__gethex+0x1de>
7e1d9fc0:	2b70      	cmp	r3, #112	; 0x70
7e1d9fc2:	f000 809e 	beq.w	7e1da102 <__gethex+0x1de>
7e1d9fc6:	463d      	mov	r5, r7
7e1d9fc8:	f8c9 7000 	str.w	r7, [r9]
7e1d9fcc:	f1b8 0f00 	cmp.w	r8, #0
7e1d9fd0:	f040 80ca 	bne.w	7e1da168 <__gethex+0x244>
7e1d9fd4:	1b2b      	subs	r3, r5, r4
7e1d9fd6:	4641      	mov	r1, r8
7e1d9fd8:	3b01      	subs	r3, #1
7e1d9fda:	2b07      	cmp	r3, #7
7e1d9fdc:	dd03      	ble.n	7e1d9fe6 <__gethex+0xc2>
7e1d9fde:	105b      	asrs	r3, r3, #1
7e1d9fe0:	3101      	adds	r1, #1
7e1d9fe2:	2b07      	cmp	r3, #7
7e1d9fe4:	dcfb      	bgt.n	7e1d9fde <__gethex+0xba>
7e1d9fe6:	9808      	ldr	r0, [sp, #32]
7e1d9fe8:	f000 fb8c 	bl	7e1da704 <_Balloc>
7e1d9fec:	42ac      	cmp	r4, r5
7e1d9fee:	4603      	mov	r3, r0
7e1d9ff0:	9005      	str	r0, [sp, #20]
7e1d9ff2:	f103 0314 	add.w	r3, r3, #20
7e1d9ff6:	9309      	str	r3, [sp, #36]	; 0x24
7e1d9ff8:	f080 81c8 	bcs.w	7e1da38c <__gethex+0x468>
7e1d9ffc:	9a03      	ldr	r2, [sp, #12]
7e1d9ffe:	2700      	movs	r7, #0
7e1da000:	46b9      	mov	r9, r7
7e1da002:	469b      	mov	fp, r3
7e1da004:	f1c2 0201 	rsb	r2, r2, #1
7e1da008:	9207      	str	r2, [sp, #28]
7e1da00a:	e018      	b.n	7e1da03e <__gethex+0x11a>
7e1da00c:	2f20      	cmp	r7, #32
7e1da00e:	bf1c      	itt	ne
7e1da010:	463a      	movne	r2, r7
7e1da012:	3704      	addne	r7, #4
7e1da014:	d107      	bne.n	7e1da026 <__gethex+0x102>
7e1da016:	465b      	mov	r3, fp
7e1da018:	2200      	movs	r2, #0
7e1da01a:	f843 9b08 	str.w	r9, [r3], #8
7e1da01e:	46c3      	mov	fp, r8
7e1da020:	4691      	mov	r9, r2
7e1da022:	4698      	mov	r8, r3
7e1da024:	2704      	movs	r7, #4
7e1da026:	f815 3c01 	ldrb.w	r3, [r5, #-1]
7e1da02a:	4655      	mov	r5, sl
7e1da02c:	42a5      	cmp	r5, r4
7e1da02e:	5cf3      	ldrb	r3, [r6, r3]
7e1da030:	f003 030f 	and.w	r3, r3, #15
7e1da034:	fa03 f302 	lsl.w	r3, r3, r2
7e1da038:	ea49 0903 	orr.w	r9, r9, r3
7e1da03c:	d918      	bls.n	7e1da070 <__gethex+0x14c>
7e1da03e:	f815 3c01 	ldrb.w	r3, [r5, #-1]
7e1da042:	f105 3aff 	add.w	sl, r5, #4294967295
7e1da046:	9a01      	ldr	r2, [sp, #4]
7e1da048:	f10b 0804 	add.w	r8, fp, #4
7e1da04c:	4293      	cmp	r3, r2
7e1da04e:	d1dd      	bne.n	7e1da00c <__gethex+0xe8>
7e1da050:	9b07      	ldr	r3, [sp, #28]
7e1da052:	4453      	add	r3, sl
7e1da054:	42a3      	cmp	r3, r4
7e1da056:	d3d9      	bcc.n	7e1da00c <__gethex+0xe8>
7e1da058:	4618      	mov	r0, r3
7e1da05a:	9a03      	ldr	r2, [sp, #12]
7e1da05c:	9906      	ldr	r1, [sp, #24]
7e1da05e:	930b      	str	r3, [sp, #44]	; 0x2c
7e1da060:	f7fb fcb0 	bl	7e1d59c4 <strncmp>
7e1da064:	9b0b      	ldr	r3, [sp, #44]	; 0x2c
7e1da066:	2800      	cmp	r0, #0
7e1da068:	d1d0      	bne.n	7e1da00c <__gethex+0xe8>
7e1da06a:	461d      	mov	r5, r3
7e1da06c:	42a5      	cmp	r5, r4
7e1da06e:	d8e6      	bhi.n	7e1da03e <__gethex+0x11a>
7e1da070:	9b09      	ldr	r3, [sp, #36]	; 0x24
7e1da072:	4648      	mov	r0, r9
7e1da074:	9a05      	ldr	r2, [sp, #20]
7e1da076:	eba8 0803 	sub.w	r8, r8, r3
7e1da07a:	f8cb 9000 	str.w	r9, [fp]
7e1da07e:	ea4f 03a8 	mov.w	r3, r8, asr #2
7e1da082:	6113      	str	r3, [r2, #16]
7e1da084:	ea4f 1843 	mov.w	r8, r3, lsl #5
7e1da088:	f000 fc00 	bl	7e1da88c <__hi0bits>
7e1da08c:	9b04      	ldr	r3, [sp, #16]
7e1da08e:	681c      	ldr	r4, [r3, #0]
7e1da090:	eba8 0000 	sub.w	r0, r8, r0
7e1da094:	42a0      	cmp	r0, r4
7e1da096:	f300 80a6 	bgt.w	7e1da1e6 <__gethex+0x2c2>
7e1da09a:	bfa8      	it	ge
7e1da09c:	2600      	movge	r6, #0
7e1da09e:	f2c0 812b 	blt.w	7e1da2f8 <__gethex+0x3d4>
7e1da0a2:	9b04      	ldr	r3, [sp, #16]
7e1da0a4:	9a02      	ldr	r2, [sp, #8]
7e1da0a6:	689b      	ldr	r3, [r3, #8]
7e1da0a8:	4293      	cmp	r3, r2
7e1da0aa:	f2c0 8166 	blt.w	7e1da37a <__gethex+0x456>
7e1da0ae:	9804      	ldr	r0, [sp, #16]
7e1da0b0:	9a02      	ldr	r2, [sp, #8]
7e1da0b2:	6843      	ldr	r3, [r0, #4]
7e1da0b4:	4293      	cmp	r3, r2
7e1da0b6:	dd7d      	ble.n	7e1da1b4 <__gethex+0x290>
7e1da0b8:	1a9d      	subs	r5, r3, r2
7e1da0ba:	42ac      	cmp	r4, r5
7e1da0bc:	f300 80b4 	bgt.w	7e1da228 <__gethex+0x304>
7e1da0c0:	68c2      	ldr	r2, [r0, #12]
7e1da0c2:	2a02      	cmp	r2, #2
7e1da0c4:	f000 817b 	beq.w	7e1da3be <__gethex+0x49a>
7e1da0c8:	2a03      	cmp	r2, #3
7e1da0ca:	f000 8196 	beq.w	7e1da3fa <__gethex+0x4d6>
7e1da0ce:	2a01      	cmp	r2, #1
7e1da0d0:	f000 8184 	beq.w	7e1da3dc <__gethex+0x4b8>
7e1da0d4:	9808      	ldr	r0, [sp, #32]
7e1da0d6:	2550      	movs	r5, #80	; 0x50
7e1da0d8:	9905      	ldr	r1, [sp, #20]
7e1da0da:	f000 fb39 	bl	7e1da750 <_Bfree>
7e1da0de:	9a16      	ldr	r2, [sp, #88]	; 0x58
7e1da0e0:	2300      	movs	r3, #0
7e1da0e2:	4628      	mov	r0, r5
7e1da0e4:	6013      	str	r3, [r2, #0]
7e1da0e6:	b00d      	add	sp, #52	; 0x34
7e1da0e8:	e8bd 8ff0 	ldmia.w	sp!, {r4, r5, r6, r7, r8, r9, sl, fp, pc}
7e1da0ec:	2d00      	cmp	r5, #0
7e1da0ee:	f000 8111 	beq.w	7e1da314 <__gethex+0x3f0>
7e1da0f2:	783b      	ldrb	r3, [r7, #0]
7e1da0f4:	1bed      	subs	r5, r5, r7
7e1da0f6:	2b50      	cmp	r3, #80	; 0x50
7e1da0f8:	ea4f 0285 	mov.w	r2, r5, lsl #2
7e1da0fc:	9202      	str	r2, [sp, #8]
7e1da0fe:	f47f af5f 	bne.w	7e1d9fc0 <__gethex+0x9c>
7e1da102:	787b      	ldrb	r3, [r7, #1]
7e1da104:	2b2b      	cmp	r3, #43	; 0x2b
7e1da106:	f000 80bf 	beq.w	7e1da288 <__gethex+0x364>
7e1da10a:	2b2d      	cmp	r3, #45	; 0x2d
7e1da10c:	bf1c      	itt	ne
7e1da10e:	1c78      	addne	r0, r7, #1
7e1da110:	f04f 0c00 	movne.w	ip, #0
7e1da114:	d103      	bne.n	7e1da11e <__gethex+0x1fa>
7e1da116:	f04f 0c01 	mov.w	ip, #1
7e1da11a:	78bb      	ldrb	r3, [r7, #2]
7e1da11c:	1cb8      	adds	r0, r7, #2
7e1da11e:	5cf3      	ldrb	r3, [r6, r3]
7e1da120:	1e5a      	subs	r2, r3, #1
7e1da122:	2a18      	cmp	r2, #24
7e1da124:	f63f af4f 	bhi.w	7e1d9fc6 <__gethex+0xa2>
7e1da128:	7842      	ldrb	r2, [r0, #1]
7e1da12a:	3b10      	subs	r3, #16
7e1da12c:	3001      	adds	r0, #1
7e1da12e:	5cb1      	ldrb	r1, [r6, r2]
7e1da130:	1e4a      	subs	r2, r1, #1
7e1da132:	2a18      	cmp	r2, #24
7e1da134:	d809      	bhi.n	7e1da14a <__gethex+0x226>
7e1da136:	250a      	movs	r5, #10
7e1da138:	f810 2f01 	ldrb.w	r2, [r0, #1]!
7e1da13c:	fb05 1303 	mla	r3, r5, r3, r1
7e1da140:	5cb1      	ldrb	r1, [r6, r2]
7e1da142:	1e4a      	subs	r2, r1, #1
7e1da144:	3b10      	subs	r3, #16
7e1da146:	2a18      	cmp	r2, #24
7e1da148:	d9f6      	bls.n	7e1da138 <__gethex+0x214>
7e1da14a:	f1bc 0f00 	cmp.w	ip, #0
7e1da14e:	d000      	beq.n	7e1da152 <__gethex+0x22e>
7e1da150:	425b      	negs	r3, r3
7e1da152:	9a02      	ldr	r2, [sp, #8]
7e1da154:	463d      	mov	r5, r7
7e1da156:	4607      	mov	r7, r0
7e1da158:	f8c9 7000 	str.w	r7, [r9]
7e1da15c:	441a      	add	r2, r3
7e1da15e:	9202      	str	r2, [sp, #8]
7e1da160:	f1b8 0f00 	cmp.w	r8, #0
7e1da164:	f43f af36 	beq.w	7e1d9fd4 <__gethex+0xb0>
7e1da168:	f1ba 0f00 	cmp.w	sl, #0
7e1da16c:	bf14      	ite	ne
7e1da16e:	2500      	movne	r5, #0
7e1da170:	2506      	moveq	r5, #6
7e1da172:	4628      	mov	r0, r5
7e1da174:	b00d      	add	sp, #52	; 0x34
7e1da176:	e8bd 8ff0 	ldmia.w	sp!, {r4, r5, r6, r7, r8, r9, sl, fp, pc}
7e1da17a:	9d03      	ldr	r5, [sp, #12]
7e1da17c:	4620      	mov	r0, r4
7e1da17e:	9906      	ldr	r1, [sp, #24]
7e1da180:	462a      	mov	r2, r5
7e1da182:	f7fb fc1f 	bl	7e1d59c4 <strncmp>
7e1da186:	2800      	cmp	r0, #0
7e1da188:	d16c      	bne.n	7e1da264 <__gethex+0x340>
7e1da18a:	5d62      	ldrb	r2, [r4, r5]
7e1da18c:	1967      	adds	r7, r4, r5
7e1da18e:	5cb3      	ldrb	r3, [r6, r2]
7e1da190:	2b00      	cmp	r3, #0
7e1da192:	d069      	beq.n	7e1da268 <__gethex+0x344>
7e1da194:	2a30      	cmp	r2, #48	; 0x30
7e1da196:	463c      	mov	r4, r7
7e1da198:	d104      	bne.n	7e1da1a4 <__gethex+0x280>
7e1da19a:	f814 3f01 	ldrb.w	r3, [r4, #1]!
7e1da19e:	2b30      	cmp	r3, #48	; 0x30
7e1da1a0:	d0fb      	beq.n	7e1da19a <__gethex+0x276>
7e1da1a2:	5cf3      	ldrb	r3, [r6, r3]
7e1da1a4:	fab3 f883 	clz	r8, r3
7e1da1a8:	463d      	mov	r5, r7
7e1da1aa:	f04f 0a01 	mov.w	sl, #1
7e1da1ae:	ea4f 1858 	mov.w	r8, r8, lsr #5
7e1da1b2:	e6ed      	b.n	7e1d9f90 <__gethex+0x6c>
7e1da1b4:	2501      	movs	r5, #1
7e1da1b6:	b156      	cbz	r6, 7e1da1ce <__gethex+0x2aa>
7e1da1b8:	9b04      	ldr	r3, [sp, #16]
7e1da1ba:	68db      	ldr	r3, [r3, #12]
7e1da1bc:	2b02      	cmp	r3, #2
7e1da1be:	d066      	beq.n	7e1da28e <__gethex+0x36a>
7e1da1c0:	2b03      	cmp	r3, #3
7e1da1c2:	d068      	beq.n	7e1da296 <__gethex+0x372>
7e1da1c4:	2b01      	cmp	r3, #1
7e1da1c6:	f000 808a 	beq.w	7e1da2de <__gethex+0x3ba>
7e1da1ca:	f045 0510 	orr.w	r5, r5, #16
7e1da1ce:	9b16      	ldr	r3, [sp, #88]	; 0x58
7e1da1d0:	4628      	mov	r0, r5
7e1da1d2:	461a      	mov	r2, r3
7e1da1d4:	9b05      	ldr	r3, [sp, #20]
7e1da1d6:	6013      	str	r3, [r2, #0]
7e1da1d8:	9b0a      	ldr	r3, [sp, #40]	; 0x28
7e1da1da:	461a      	mov	r2, r3
7e1da1dc:	9b02      	ldr	r3, [sp, #8]
7e1da1de:	6013      	str	r3, [r2, #0]
7e1da1e0:	b00d      	add	sp, #52	; 0x34
7e1da1e2:	e8bd 8ff0 	ldmia.w	sp!, {r4, r5, r6, r7, r8, r9, sl, fp, pc}
7e1da1e6:	f8dd 8014 	ldr.w	r8, [sp, #20]
7e1da1ea:	1b05      	subs	r5, r0, r4
7e1da1ec:	4629      	mov	r1, r5
7e1da1ee:	4640      	mov	r0, r8
7e1da1f0:	f000 febe 	bl	7e1daf70 <__any_on>
7e1da1f4:	4606      	mov	r6, r0
7e1da1f6:	b178      	cbz	r0, 7e1da218 <__gethex+0x2f4>
7e1da1f8:	1e6a      	subs	r2, r5, #1
7e1da1fa:	9f09      	ldr	r7, [sp, #36]	; 0x24
7e1da1fc:	2601      	movs	r6, #1
7e1da1fe:	f002 031f 	and.w	r3, r2, #31
7e1da202:	1151      	asrs	r1, r2, #5
7e1da204:	fa06 f303 	lsl.w	r3, r6, r3
7e1da208:	f857 1021 	ldr.w	r1, [r7, r1, lsl #2]
7e1da20c:	420b      	tst	r3, r1
7e1da20e:	d003      	beq.n	7e1da218 <__gethex+0x2f4>
7e1da210:	42b2      	cmp	r2, r6
7e1da212:	f300 80cb 	bgt.w	7e1da3ac <__gethex+0x488>
7e1da216:	2602      	movs	r6, #2
7e1da218:	9b02      	ldr	r3, [sp, #8]
7e1da21a:	4629      	mov	r1, r5
7e1da21c:	9805      	ldr	r0, [sp, #20]
7e1da21e:	442b      	add	r3, r5
7e1da220:	9302      	str	r3, [sp, #8]
7e1da222:	f7ff fe2b 	bl	7e1d9e7c <rshift>
7e1da226:	e73c      	b.n	7e1da0a2 <__gethex+0x17e>
7e1da228:	1e6f      	subs	r7, r5, #1
7e1da22a:	2e00      	cmp	r6, #0
7e1da22c:	f040 80b6 	bne.w	7e1da39c <__gethex+0x478>
7e1da230:	2f00      	cmp	r7, #0
7e1da232:	f040 80b5 	bne.w	7e1da3a0 <__gethex+0x47c>
7e1da236:	9909      	ldr	r1, [sp, #36]	; 0x24
7e1da238:	117a      	asrs	r2, r7, #5
7e1da23a:	2301      	movs	r3, #1
7e1da23c:	f007 071f 	and.w	r7, r7, #31
7e1da240:	fa03 f707 	lsl.w	r7, r3, r7
7e1da244:	9805      	ldr	r0, [sp, #20]
7e1da246:	f851 2022 	ldr.w	r2, [r1, r2, lsl #2]
7e1da24a:	4629      	mov	r1, r5
7e1da24c:	1b64      	subs	r4, r4, r5
7e1da24e:	2502      	movs	r5, #2
7e1da250:	4217      	tst	r7, r2
7e1da252:	bf18      	it	ne
7e1da254:	f046 0602 	orrne.w	r6, r6, #2
7e1da258:	f7ff fe10 	bl	7e1d9e7c <rshift>
7e1da25c:	9b04      	ldr	r3, [sp, #16]
7e1da25e:	685b      	ldr	r3, [r3, #4]
7e1da260:	9302      	str	r3, [sp, #8]
7e1da262:	e7a8      	b.n	7e1da1b6 <__gethex+0x292>
7e1da264:	7822      	ldrb	r2, [r4, #0]
7e1da266:	4627      	mov	r7, r4
7e1da268:	2a50      	cmp	r2, #80	; 0x50
7e1da26a:	d005      	beq.n	7e1da278 <__gethex+0x354>
7e1da26c:	2a70      	cmp	r2, #112	; 0x70
7e1da26e:	bf18      	it	ne
7e1da270:	f8c9 7000 	strne.w	r7, [r9]
7e1da274:	f47f af78 	bne.w	7e1da168 <__gethex+0x244>
7e1da278:	2300      	movs	r3, #0
7e1da27a:	9302      	str	r3, [sp, #8]
7e1da27c:	787b      	ldrb	r3, [r7, #1]
7e1da27e:	f04f 0801 	mov.w	r8, #1
7e1da282:	2b2b      	cmp	r3, #43	; 0x2b
7e1da284:	f47f af41 	bne.w	7e1da10a <__gethex+0x1e6>
7e1da288:	f04f 0c00 	mov.w	ip, #0
7e1da28c:	e745      	b.n	7e1da11a <__gethex+0x1f6>
7e1da28e:	9b17      	ldr	r3, [sp, #92]	; 0x5c
7e1da290:	f1c3 0301 	rsb	r3, r3, #1
7e1da294:	9317      	str	r3, [sp, #92]	; 0x5c
7e1da296:	9b17      	ldr	r3, [sp, #92]	; 0x5c
7e1da298:	2b00      	cmp	r3, #0
7e1da29a:	d096      	beq.n	7e1da1ca <__gethex+0x2a6>
7e1da29c:	9b05      	ldr	r3, [sp, #20]
7e1da29e:	f04f 0e00 	mov.w	lr, #0
7e1da2a2:	f8dd c024 	ldr.w	ip, [sp, #36]	; 0x24
7e1da2a6:	691e      	ldr	r6, [r3, #16]
7e1da2a8:	4663      	mov	r3, ip
7e1da2aa:	00b7      	lsls	r7, r6, #2
7e1da2ac:	eb0c 0007 	add.w	r0, ip, r7
7e1da2b0:	e003      	b.n	7e1da2ba <__gethex+0x396>
7e1da2b2:	4298      	cmp	r0, r3
7e1da2b4:	f843 ec04 	str.w	lr, [r3, #-4]
7e1da2b8:	d941      	bls.n	7e1da33e <__gethex+0x41a>
7e1da2ba:	4619      	mov	r1, r3
7e1da2bc:	f853 2b04 	ldr.w	r2, [r3], #4
7e1da2c0:	f1b2 3fff 	cmp.w	r2, #4294967295
7e1da2c4:	d0f5      	beq.n	7e1da2b2 <__gethex+0x38e>
7e1da2c6:	2d02      	cmp	r5, #2
7e1da2c8:	f102 0201 	add.w	r2, r2, #1
7e1da2cc:	600a      	str	r2, [r1, #0]
7e1da2ce:	f000 8099 	beq.w	7e1da404 <__gethex+0x4e0>
7e1da2d2:	f014 041f 	ands.w	r4, r4, #31
7e1da2d6:	f040 80c6 	bne.w	7e1da466 <__gethex+0x542>
7e1da2da:	2521      	movs	r5, #33	; 0x21
7e1da2dc:	e777      	b.n	7e1da1ce <__gethex+0x2aa>
7e1da2de:	07b2      	lsls	r2, r6, #30
7e1da2e0:	f57f af73 	bpl.w	7e1da1ca <__gethex+0x2a6>
7e1da2e4:	9b09      	ldr	r3, [sp, #36]	; 0x24
7e1da2e6:	681b      	ldr	r3, [r3, #0]
7e1da2e8:	431e      	orrs	r6, r3
7e1da2ea:	07f3      	lsls	r3, r6, #31
7e1da2ec:	d4d6      	bmi.n	7e1da29c <__gethex+0x378>
7e1da2ee:	e76c      	b.n	7e1da1ca <__gethex+0x2a6>
7e1da2f0:	1bed      	subs	r5, r5, r7
7e1da2f2:	00aa      	lsls	r2, r5, #2
7e1da2f4:	9202      	str	r2, [sp, #8]
7e1da2f6:	e660      	b.n	7e1d9fba <__gethex+0x96>
7e1da2f8:	9b02      	ldr	r3, [sp, #8]
7e1da2fa:	1a22      	subs	r2, r4, r0
7e1da2fc:	9905      	ldr	r1, [sp, #20]
7e1da2fe:	2600      	movs	r6, #0
7e1da300:	9808      	ldr	r0, [sp, #32]
7e1da302:	1a9b      	subs	r3, r3, r2
7e1da304:	9302      	str	r3, [sp, #8]
7e1da306:	f000 fc0b 	bl	7e1dab20 <__lshift>
7e1da30a:	4603      	mov	r3, r0
7e1da30c:	9005      	str	r0, [sp, #20]
7e1da30e:	3314      	adds	r3, #20
7e1da310:	9309      	str	r3, [sp, #36]	; 0x24
7e1da312:	e6c6      	b.n	7e1da0a2 <__gethex+0x17e>
7e1da314:	9a03      	ldr	r2, [sp, #12]
7e1da316:	18b9      	adds	r1, r7, r2
7e1da318:	5cbb      	ldrb	r3, [r7, r2]
7e1da31a:	460f      	mov	r7, r1
7e1da31c:	5cf2      	ldrb	r2, [r6, r3]
7e1da31e:	2a00      	cmp	r2, #0
7e1da320:	f43f ae4b 	beq.w	7e1d9fba <__gethex+0x96>
7e1da324:	f817 3f01 	ldrb.w	r3, [r7, #1]!
7e1da328:	5cf2      	ldrb	r2, [r6, r3]
7e1da32a:	2a00      	cmp	r2, #0
7e1da32c:	d1fa      	bne.n	7e1da324 <__gethex+0x400>
7e1da32e:	1bc9      	subs	r1, r1, r7
7e1da330:	008a      	lsls	r2, r1, #2
7e1da332:	9202      	str	r2, [sp, #8]
7e1da334:	e641      	b.n	7e1d9fba <__gethex+0x96>
7e1da336:	1c9c      	adds	r4, r3, #2
7e1da338:	f04f 0a00 	mov.w	sl, #0
7e1da33c:	e61b      	b.n	7e1d9f76 <__gethex+0x52>
7e1da33e:	9b05      	ldr	r3, [sp, #20]
7e1da340:	689b      	ldr	r3, [r3, #8]
7e1da342:	429e      	cmp	r6, r3
7e1da344:	bfb8      	it	lt
7e1da346:	4633      	movlt	r3, r6
7e1da348:	da70      	bge.n	7e1da42c <__gethex+0x508>
7e1da34a:	9805      	ldr	r0, [sp, #20]
7e1da34c:	2d02      	cmp	r5, #2
7e1da34e:	f04f 0101 	mov.w	r1, #1
7e1da352:	eb00 0283 	add.w	r2, r0, r3, lsl #2
7e1da356:	f103 0301 	add.w	r3, r3, #1
7e1da35a:	6103      	str	r3, [r0, #16]
7e1da35c:	6151      	str	r1, [r2, #20]
7e1da35e:	d051      	beq.n	7e1da404 <__gethex+0x4e0>
7e1da360:	429e      	cmp	r6, r3
7e1da362:	dab6      	bge.n	7e1da2d2 <__gethex+0x3ae>
7e1da364:	2101      	movs	r1, #1
7e1da366:	9805      	ldr	r0, [sp, #20]
7e1da368:	f7ff fd88 	bl	7e1d9e7c <rshift>
7e1da36c:	9b04      	ldr	r3, [sp, #16]
7e1da36e:	9a02      	ldr	r2, [sp, #8]
7e1da370:	689b      	ldr	r3, [r3, #8]
7e1da372:	3201      	adds	r2, #1
7e1da374:	9202      	str	r2, [sp, #8]
7e1da376:	4293      	cmp	r3, r2
7e1da378:	daaf      	bge.n	7e1da2da <__gethex+0x3b6>
7e1da37a:	9905      	ldr	r1, [sp, #20]
7e1da37c:	25a3      	movs	r5, #163	; 0xa3
7e1da37e:	9808      	ldr	r0, [sp, #32]
7e1da380:	f000 f9e6 	bl	7e1da750 <_Bfree>
7e1da384:	9a16      	ldr	r2, [sp, #88]	; 0x58
7e1da386:	2300      	movs	r3, #0
7e1da388:	6013      	str	r3, [r2, #0]
7e1da38a:	e6f2      	b.n	7e1da172 <__gethex+0x24e>
7e1da38c:	9b05      	ldr	r3, [sp, #20]
7e1da38e:	f04f 0900 	mov.w	r9, #0
7e1da392:	f8dd b024 	ldr.w	fp, [sp, #36]	; 0x24
7e1da396:	f103 0818 	add.w	r8, r3, #24
7e1da39a:	e669      	b.n	7e1da070 <__gethex+0x14c>
7e1da39c:	2601      	movs	r6, #1
7e1da39e:	e74a      	b.n	7e1da236 <__gethex+0x312>
7e1da3a0:	4639      	mov	r1, r7
7e1da3a2:	9805      	ldr	r0, [sp, #20]
7e1da3a4:	f000 fde4 	bl	7e1daf70 <__any_on>
7e1da3a8:	4606      	mov	r6, r0
7e1da3aa:	e744      	b.n	7e1da236 <__gethex+0x312>
7e1da3ac:	1ea9      	subs	r1, r5, #2
7e1da3ae:	4640      	mov	r0, r8
7e1da3b0:	f000 fdde 	bl	7e1daf70 <__any_on>
7e1da3b4:	2603      	movs	r6, #3
7e1da3b6:	2800      	cmp	r0, #0
7e1da3b8:	f47f af2e 	bne.w	7e1da218 <__gethex+0x2f4>
7e1da3bc:	e72b      	b.n	7e1da216 <__gethex+0x2f2>
7e1da3be:	9a17      	ldr	r2, [sp, #92]	; 0x5c
7e1da3c0:	2a00      	cmp	r2, #0
7e1da3c2:	f47f ae87 	bne.w	7e1da0d4 <__gethex+0x1b0>
7e1da3c6:	9a0a      	ldr	r2, [sp, #40]	; 0x28
7e1da3c8:	2562      	movs	r5, #98	; 0x62
7e1da3ca:	9909      	ldr	r1, [sp, #36]	; 0x24
7e1da3cc:	6013      	str	r3, [r2, #0]
7e1da3ce:	2301      	movs	r3, #1
7e1da3d0:	9a05      	ldr	r2, [sp, #20]
7e1da3d2:	6113      	str	r3, [r2, #16]
7e1da3d4:	600b      	str	r3, [r1, #0]
7e1da3d6:	9b16      	ldr	r3, [sp, #88]	; 0x58
7e1da3d8:	601a      	str	r2, [r3, #0]
7e1da3da:	e6ca      	b.n	7e1da172 <__gethex+0x24e>
7e1da3dc:	42ac      	cmp	r4, r5
7e1da3de:	f47f ae79 	bne.w	7e1da0d4 <__gethex+0x1b0>
7e1da3e2:	2c01      	cmp	r4, #1
7e1da3e4:	d0ef      	beq.n	7e1da3c6 <__gethex+0x4a2>
7e1da3e6:	1e61      	subs	r1, r4, #1
7e1da3e8:	9805      	ldr	r0, [sp, #20]
7e1da3ea:	f000 fdc1 	bl	7e1daf70 <__any_on>
7e1da3ee:	2800      	cmp	r0, #0
7e1da3f0:	f43f ae70 	beq.w	7e1da0d4 <__gethex+0x1b0>
7e1da3f4:	9b04      	ldr	r3, [sp, #16]
7e1da3f6:	685b      	ldr	r3, [r3, #4]
7e1da3f8:	e7e5      	b.n	7e1da3c6 <__gethex+0x4a2>
7e1da3fa:	9a17      	ldr	r2, [sp, #92]	; 0x5c
7e1da3fc:	2a00      	cmp	r2, #0
7e1da3fe:	f43f ae69 	beq.w	7e1da0d4 <__gethex+0x1b0>
7e1da402:	e7e0      	b.n	7e1da3c6 <__gethex+0x4a2>
7e1da404:	9b04      	ldr	r3, [sp, #16]
7e1da406:	681b      	ldr	r3, [r3, #0]
7e1da408:	3b01      	subs	r3, #1
7e1da40a:	42a3      	cmp	r3, r4
7e1da40c:	bf18      	it	ne
7e1da40e:	2522      	movne	r5, #34	; 0x22
7e1da410:	f47f aedd 	bne.w	7e1da1ce <__gethex+0x2aa>
7e1da414:	1162      	asrs	r2, r4, #5
7e1da416:	2301      	movs	r3, #1
7e1da418:	f004 041f 	and.w	r4, r4, #31
7e1da41c:	f85c 2022 	ldr.w	r2, [ip, r2, lsl #2]
7e1da420:	40a3      	lsls	r3, r4
7e1da422:	4213      	tst	r3, r2
7e1da424:	bf0c      	ite	eq
7e1da426:	2522      	moveq	r5, #34	; 0x22
7e1da428:	2521      	movne	r5, #33	; 0x21
7e1da42a:	e6d0      	b.n	7e1da1ce <__gethex+0x2aa>
7e1da42c:	9b05      	ldr	r3, [sp, #20]
7e1da42e:	f8dd 9020 	ldr.w	r9, [sp, #32]
7e1da432:	6859      	ldr	r1, [r3, #4]
7e1da434:	4648      	mov	r0, r9
7e1da436:	3101      	adds	r1, #1
7e1da438:	f000 f964 	bl	7e1da704 <_Balloc>
7e1da43c:	9a05      	ldr	r2, [sp, #20]
7e1da43e:	f102 010c 	add.w	r1, r2, #12
7e1da442:	6913      	ldr	r3, [r2, #16]
7e1da444:	3302      	adds	r3, #2
7e1da446:	009a      	lsls	r2, r3, #2
7e1da448:	4680      	mov	r8, r0
7e1da44a:	300c      	adds	r0, #12
7e1da44c:	f7fa fd8e 	bl	7e1d4f6c <memcpy>
7e1da450:	9905      	ldr	r1, [sp, #20]
7e1da452:	4648      	mov	r0, r9
7e1da454:	f8cd 8014 	str.w	r8, [sp, #20]
7e1da458:	f000 f97a 	bl	7e1da750 <_Bfree>
7e1da45c:	f108 0c14 	add.w	ip, r8, #20
7e1da460:	f8d8 3010 	ldr.w	r3, [r8, #16]
7e1da464:	e771      	b.n	7e1da34a <__gethex+0x426>
7e1da466:	4467      	add	r7, ip
7e1da468:	f1c4 0420 	rsb	r4, r4, #32
7e1da46c:	f857 0c04 	ldr.w	r0, [r7, #-4]
7e1da470:	f000 fa0c 	bl	7e1da88c <__hi0bits>
7e1da474:	42a0      	cmp	r0, r4
7e1da476:	f6bf af30 	bge.w	7e1da2da <__gethex+0x3b6>
7e1da47a:	e773      	b.n	7e1da364 <__gethex+0x440>

7e1da47c <__match>:
7e1da47c:	b430      	push	{r4, r5}
7e1da47e:	6804      	ldr	r4, [r0, #0]
7e1da480:	3401      	adds	r4, #1
7e1da482:	e008      	b.n	7e1da496 <__match+0x1a>
7e1da484:	f814 3b01 	ldrb.w	r3, [r4], #1
7e1da488:	f1a3 0541 	sub.w	r5, r3, #65	; 0x41
7e1da48c:	2d19      	cmp	r5, #25
7e1da48e:	bf98      	it	ls
7e1da490:	3320      	addls	r3, #32
7e1da492:	4293      	cmp	r3, r2
7e1da494:	d107      	bne.n	7e1da4a6 <__match+0x2a>
7e1da496:	f811 2b01 	ldrb.w	r2, [r1], #1
7e1da49a:	2a00      	cmp	r2, #0
7e1da49c:	d1f2      	bne.n	7e1da484 <__match+0x8>
7e1da49e:	6004      	str	r4, [r0, #0]
7e1da4a0:	2001      	movs	r0, #1
7e1da4a2:	bc30      	pop	{r4, r5}
7e1da4a4:	4770      	bx	lr
7e1da4a6:	2000      	movs	r0, #0
7e1da4a8:	bc30      	pop	{r4, r5}
7e1da4aa:	4770      	bx	lr

7e1da4ac <__hexnan>:
7e1da4ac:	6809      	ldr	r1, [r1, #0]
7e1da4ae:	e92d 4ff0 	stmdb	sp!, {r4, r5, r6, r7, r8, r9, sl, fp, lr}
7e1da4b2:	b085      	sub	sp, #20
7e1da4b4:	114b      	asrs	r3, r1, #5
7e1da4b6:	f011 011f 	ands.w	r1, r1, #31
7e1da4ba:	9002      	str	r0, [sp, #8]
7e1da4bc:	f64a 3984 	movw	r9, #43908	; 0xab84
7e1da4c0:	eb02 0383 	add.w	r3, r2, r3, lsl #2
7e1da4c4:	9103      	str	r1, [sp, #12]
7e1da4c6:	bf0e      	itee	eq
7e1da4c8:	9301      	streq	r3, [sp, #4]
7e1da4ca:	1d19      	addne	r1, r3, #4
7e1da4cc:	9101      	strne	r1, [sp, #4]
7e1da4ce:	f04f 0100 	mov.w	r1, #0
7e1da4d2:	9801      	ldr	r0, [sp, #4]
7e1da4d4:	bf0c      	ite	eq
7e1da4d6:	f1a3 0c04 	subeq.w	ip, r3, #4
7e1da4da:	469c      	movne	ip, r3
7e1da4dc:	468a      	mov	sl, r1
7e1da4de:	460b      	mov	r3, r1
7e1da4e0:	468e      	mov	lr, r1
7e1da4e2:	f840 1c04 	str.w	r1, [r0, #-4]
7e1da4e6:	f2c8 092d 	movt	r9, #32813	; 0x802d
7e1da4ea:	9902      	ldr	r1, [sp, #8]
7e1da4ec:	46e0      	mov	r8, ip
7e1da4ee:	4660      	mov	r0, ip
7e1da4f0:	680d      	ldr	r5, [r1, #0]
7e1da4f2:	1c6e      	adds	r6, r5, #1
7e1da4f4:	7869      	ldrb	r1, [r5, #1]
7e1da4f6:	b309      	cbz	r1, 7e1da53c <__hexnan+0x90>
7e1da4f8:	f819 4001 	ldrb.w	r4, [r9, r1]
7e1da4fc:	2c00      	cmp	r4, #0
7e1da4fe:	d15a      	bne.n	7e1da5b6 <__hexnan+0x10a>
7e1da500:	2920      	cmp	r1, #32
7e1da502:	f200 8090 	bhi.w	7e1da626 <__hexnan+0x17a>
7e1da506:	45d6      	cmp	lr, sl
7e1da508:	dd13      	ble.n	7e1da532 <__hexnan+0x86>
7e1da50a:	4540      	cmp	r0, r8
7e1da50c:	bf2c      	ite	cs
7e1da50e:	2100      	movcs	r1, #0
7e1da510:	2101      	movcc	r1, #1
7e1da512:	2b07      	cmp	r3, #7
7e1da514:	bfc8      	it	gt
7e1da516:	2100      	movgt	r1, #0
7e1da518:	2900      	cmp	r1, #0
7e1da51a:	d161      	bne.n	7e1da5e0 <__hexnan+0x134>
7e1da51c:	4290      	cmp	r0, r2
7e1da51e:	bf98      	it	ls
7e1da520:	2308      	movls	r3, #8
7e1da522:	d906      	bls.n	7e1da532 <__hexnan+0x86>
7e1da524:	f1a0 0804 	sub.w	r8, r0, #4
7e1da528:	2300      	movs	r3, #0
7e1da52a:	46f2      	mov	sl, lr
7e1da52c:	f840 3c04 	str.w	r3, [r0, #-4]
7e1da530:	4640      	mov	r0, r8
7e1da532:	4635      	mov	r5, r6
7e1da534:	7869      	ldrb	r1, [r5, #1]
7e1da536:	1c6e      	adds	r6, r5, #1
7e1da538:	2900      	cmp	r1, #0
7e1da53a:	d1dd      	bne.n	7e1da4f8 <__hexnan+0x4c>
7e1da53c:	f1be 0f00 	cmp.w	lr, #0
7e1da540:	d073      	beq.n	7e1da62a <__hexnan+0x17e>
7e1da542:	4540      	cmp	r0, r8
7e1da544:	bf2c      	ite	cs
7e1da546:	2100      	movcs	r1, #0
7e1da548:	2101      	movcc	r1, #1
7e1da54a:	2b07      	cmp	r3, #7
7e1da54c:	bfc8      	it	gt
7e1da54e:	2100      	movgt	r1, #0
7e1da550:	b189      	cbz	r1, 7e1da576 <__hexnan+0xca>
7e1da552:	f1c3 0308 	rsb	r3, r3, #8
7e1da556:	6805      	ldr	r5, [r0, #0]
7e1da558:	4601      	mov	r1, r0
7e1da55a:	009b      	lsls	r3, r3, #2
7e1da55c:	f1c3 0720 	rsb	r7, r3, #32
7e1da560:	684e      	ldr	r6, [r1, #4]
7e1da562:	fa06 f407 	lsl.w	r4, r6, r7
7e1da566:	432c      	orrs	r4, r5
7e1da568:	fa26 f503 	lsr.w	r5, r6, r3
7e1da56c:	600c      	str	r4, [r1, #0]
7e1da56e:	f841 5f04 	str.w	r5, [r1, #4]!
7e1da572:	4588      	cmp	r8, r1
7e1da574:	d8f4      	bhi.n	7e1da560 <__hexnan+0xb4>
7e1da576:	4290      	cmp	r0, r2
7e1da578:	d945      	bls.n	7e1da606 <__hexnan+0x15a>
7e1da57a:	4613      	mov	r3, r2
7e1da57c:	f850 1b04 	ldr.w	r1, [r0], #4
7e1da580:	4584      	cmp	ip, r0
7e1da582:	f843 1b04 	str.w	r1, [r3], #4
7e1da586:	d2f9      	bcs.n	7e1da57c <__hexnan+0xd0>
7e1da588:	2100      	movs	r1, #0
7e1da58a:	f843 1b04 	str.w	r1, [r3], #4
7e1da58e:	4563      	cmp	r3, ip
7e1da590:	d9fb      	bls.n	7e1da58a <__hexnan+0xde>
7e1da592:	9b01      	ldr	r3, [sp, #4]
7e1da594:	f853 1c04 	ldr.w	r1, [r3, #-4]
7e1da598:	b121      	cbz	r1, 7e1da5a4 <__hexnan+0xf8>
7e1da59a:	e04a      	b.n	7e1da632 <__hexnan+0x186>
7e1da59c:	f85c 3d04 	ldr.w	r3, [ip, #-4]!
7e1da5a0:	2b00      	cmp	r3, #0
7e1da5a2:	d146      	bne.n	7e1da632 <__hexnan+0x186>
7e1da5a4:	4562      	cmp	r2, ip
7e1da5a6:	d1f9      	bne.n	7e1da59c <__hexnan+0xf0>
7e1da5a8:	2301      	movs	r3, #1
7e1da5aa:	2005      	movs	r0, #5
7e1da5ac:	f8cc 3000 	str.w	r3, [ip]
7e1da5b0:	b005      	add	sp, #20
7e1da5b2:	e8bd 8ff0 	ldmia.w	sp!, {r4, r5, r6, r7, r8, r9, sl, fp, pc}
7e1da5b6:	3301      	adds	r3, #1
7e1da5b8:	f10e 0e01 	add.w	lr, lr, #1
7e1da5bc:	2b08      	cmp	r3, #8
7e1da5be:	dc07      	bgt.n	7e1da5d0 <__hexnan+0x124>
7e1da5c0:	6801      	ldr	r1, [r0, #0]
7e1da5c2:	0109      	lsls	r1, r1, #4
7e1da5c4:	f004 040f 	and.w	r4, r4, #15
7e1da5c8:	4635      	mov	r5, r6
7e1da5ca:	430c      	orrs	r4, r1
7e1da5cc:	6004      	str	r4, [r0, #0]
7e1da5ce:	e7b1      	b.n	7e1da534 <__hexnan+0x88>
7e1da5d0:	4290      	cmp	r0, r2
7e1da5d2:	d9ae      	bls.n	7e1da532 <__hexnan+0x86>
7e1da5d4:	2300      	movs	r3, #0
7e1da5d6:	3804      	subs	r0, #4
7e1da5d8:	6003      	str	r3, [r0, #0]
7e1da5da:	4619      	mov	r1, r3
7e1da5dc:	2301      	movs	r3, #1
7e1da5de:	e7f1      	b.n	7e1da5c4 <__hexnan+0x118>
7e1da5e0:	f1c3 0108 	rsb	r1, r3, #8
7e1da5e4:	6805      	ldr	r5, [r0, #0]
7e1da5e6:	4603      	mov	r3, r0
7e1da5e8:	0089      	lsls	r1, r1, #2
7e1da5ea:	f1c1 0b20 	rsb	fp, r1, #32
7e1da5ee:	685f      	ldr	r7, [r3, #4]
7e1da5f0:	fa07 f40b 	lsl.w	r4, r7, fp
7e1da5f4:	432c      	orrs	r4, r5
7e1da5f6:	fa27 f501 	lsr.w	r5, r7, r1
7e1da5fa:	601c      	str	r4, [r3, #0]
7e1da5fc:	f843 5f04 	str.w	r5, [r3, #4]!
7e1da600:	4598      	cmp	r8, r3
7e1da602:	d8f4      	bhi.n	7e1da5ee <__hexnan+0x142>
7e1da604:	e78a      	b.n	7e1da51c <__hexnan+0x70>
7e1da606:	9c01      	ldr	r4, [sp, #4]
7e1da608:	9b03      	ldr	r3, [sp, #12]
7e1da60a:	f854 1c04 	ldr.w	r1, [r4, #-4]
7e1da60e:	2b00      	cmp	r3, #0
7e1da610:	d0c2      	beq.n	7e1da598 <__hexnan+0xec>
7e1da612:	f1c3 0320 	rsb	r3, r3, #32
7e1da616:	f04f 30ff 	mov.w	r0, #4294967295
7e1da61a:	fa20 f303 	lsr.w	r3, r0, r3
7e1da61e:	4019      	ands	r1, r3
7e1da620:	f844 1c04 	str.w	r1, [r4, #-4]
7e1da624:	e7b8      	b.n	7e1da598 <__hexnan+0xec>
7e1da626:	2929      	cmp	r1, #41	; 0x29
7e1da628:	d007      	beq.n	7e1da63a <__hexnan+0x18e>
7e1da62a:	2004      	movs	r0, #4
7e1da62c:	b005      	add	sp, #20
7e1da62e:	e8bd 8ff0 	ldmia.w	sp!, {r4, r5, r6, r7, r8, r9, sl, fp, pc}
7e1da632:	2005      	movs	r0, #5
7e1da634:	b005      	add	sp, #20
7e1da636:	e8bd 8ff0 	ldmia.w	sp!, {r4, r5, r6, r7, r8, r9, sl, fp, pc}
7e1da63a:	9902      	ldr	r1, [sp, #8]
7e1da63c:	3502      	adds	r5, #2
7e1da63e:	600d      	str	r5, [r1, #0]
7e1da640:	e77c      	b.n	7e1da53c <__hexnan+0x90>
7e1da642:	bf00      	nop

7e1da644 <_localeconv_r>:
7e1da644:	4800      	ldr	r0, [pc, #0]	; (7e1da648 <_localeconv_r+0x4>)
7e1da646:	4770      	bx	lr
7e1da648:	7e1dca5c 	.word	0x7e1dca5c

7e1da64c <__retarget_lock_acquire_recursive>:
7e1da64c:	4770      	bx	lr
7e1da64e:	bf00      	nop

7e1da650 <__retarget_lock_release_recursive>:
7e1da650:	4770      	bx	lr
7e1da652:	bf00      	nop

7e1da654 <__ascii_mbtowc>:
7e1da654:	b082      	sub	sp, #8
7e1da656:	b151      	cbz	r1, 7e1da66e <__ascii_mbtowc+0x1a>
7e1da658:	4610      	mov	r0, r2
7e1da65a:	b132      	cbz	r2, 7e1da66a <__ascii_mbtowc+0x16>
7e1da65c:	b14b      	cbz	r3, 7e1da672 <__ascii_mbtowc+0x1e>
7e1da65e:	7813      	ldrb	r3, [r2, #0]
7e1da660:	600b      	str	r3, [r1, #0]
7e1da662:	7812      	ldrb	r2, [r2, #0]
7e1da664:	1c10      	adds	r0, r2, #0
7e1da666:	bf18      	it	ne
7e1da668:	2001      	movne	r0, #1
7e1da66a:	b002      	add	sp, #8
7e1da66c:	4770      	bx	lr
7e1da66e:	a901      	add	r1, sp, #4
7e1da670:	e7f2      	b.n	7e1da658 <__ascii_mbtowc+0x4>
7e1da672:	f06f 0001 	mvn.w	r0, #1
7e1da676:	e7f8      	b.n	7e1da66a <__ascii_mbtowc+0x16>

7e1da678 <memchr>:
7e1da678:	0783      	lsls	r3, r0, #30
7e1da67a:	b470      	push	{r4, r5, r6}
7e1da67c:	b2cd      	uxtb	r5, r1
7e1da67e:	d03d      	beq.n	7e1da6fc <memchr+0x84>
7e1da680:	1e54      	subs	r4, r2, #1
7e1da682:	b30a      	cbz	r2, 7e1da6c8 <memchr+0x50>
7e1da684:	7803      	ldrb	r3, [r0, #0]
7e1da686:	42ab      	cmp	r3, r5
7e1da688:	d01f      	beq.n	7e1da6ca <memchr+0x52>
7e1da68a:	1c43      	adds	r3, r0, #1
7e1da68c:	e005      	b.n	7e1da69a <memchr+0x22>
7e1da68e:	f114 34ff 	adds.w	r4, r4, #4294967295
7e1da692:	d319      	bcc.n	7e1da6c8 <memchr+0x50>
7e1da694:	7802      	ldrb	r2, [r0, #0]
7e1da696:	42aa      	cmp	r2, r5
7e1da698:	d017      	beq.n	7e1da6ca <memchr+0x52>
7e1da69a:	f013 0f03 	tst.w	r3, #3
7e1da69e:	4618      	mov	r0, r3
7e1da6a0:	f103 0301 	add.w	r3, r3, #1
7e1da6a4:	d1f3      	bne.n	7e1da68e <memchr+0x16>
7e1da6a6:	2c03      	cmp	r4, #3
7e1da6a8:	d811      	bhi.n	7e1da6ce <memchr+0x56>
7e1da6aa:	b34c      	cbz	r4, 7e1da700 <memchr+0x88>
7e1da6ac:	7803      	ldrb	r3, [r0, #0]
7e1da6ae:	42ab      	cmp	r3, r5
7e1da6b0:	d00b      	beq.n	7e1da6ca <memchr+0x52>
7e1da6b2:	4404      	add	r4, r0
7e1da6b4:	1c43      	adds	r3, r0, #1
7e1da6b6:	e002      	b.n	7e1da6be <memchr+0x46>
7e1da6b8:	7802      	ldrb	r2, [r0, #0]
7e1da6ba:	42aa      	cmp	r2, r5
7e1da6bc:	d005      	beq.n	7e1da6ca <memchr+0x52>
7e1da6be:	429c      	cmp	r4, r3
7e1da6c0:	4618      	mov	r0, r3
7e1da6c2:	f103 0301 	add.w	r3, r3, #1
7e1da6c6:	d1f7      	bne.n	7e1da6b8 <memchr+0x40>
7e1da6c8:	2000      	movs	r0, #0
7e1da6ca:	bc70      	pop	{r4, r5, r6}
7e1da6cc:	4770      	bx	lr
7e1da6ce:	0209      	lsls	r1, r1, #8
7e1da6d0:	4602      	mov	r2, r0
7e1da6d2:	b289      	uxth	r1, r1
7e1da6d4:	ea41 0605 	orr.w	r6, r1, r5
7e1da6d8:	ea46 4606 	orr.w	r6, r6, r6, lsl #16
7e1da6dc:	4610      	mov	r0, r2
7e1da6de:	3204      	adds	r2, #4
7e1da6e0:	6803      	ldr	r3, [r0, #0]
7e1da6e2:	4073      	eors	r3, r6
7e1da6e4:	f1a3 3101 	sub.w	r1, r3, #16843009	; 0x1010101
7e1da6e8:	ea21 0303 	bic.w	r3, r1, r3
7e1da6ec:	f013 3f80 	tst.w	r3, #2155905152	; 0x80808080
7e1da6f0:	d1dc      	bne.n	7e1da6ac <memchr+0x34>
7e1da6f2:	3c04      	subs	r4, #4
7e1da6f4:	4610      	mov	r0, r2
7e1da6f6:	2c03      	cmp	r4, #3
7e1da6f8:	d8f0      	bhi.n	7e1da6dc <memchr+0x64>
7e1da6fa:	e7d6      	b.n	7e1da6aa <memchr+0x32>
7e1da6fc:	4614      	mov	r4, r2
7e1da6fe:	e7d2      	b.n	7e1da6a6 <memchr+0x2e>
7e1da700:	4620      	mov	r0, r4
7e1da702:	e7e2      	b.n	7e1da6ca <memchr+0x52>

7e1da704 <_Balloc>:
7e1da704:	b538      	push	{r3, r4, r5, lr}
7e1da706:	4605      	mov	r5, r0
7e1da708:	6cc3      	ldr	r3, [r0, #76]	; 0x4c
7e1da70a:	460c      	mov	r4, r1
7e1da70c:	b14b      	cbz	r3, 7e1da722 <_Balloc+0x1e>
7e1da70e:	f853 0024 	ldr.w	r0, [r3, r4, lsl #2]
7e1da712:	b180      	cbz	r0, 7e1da736 <_Balloc+0x32>
7e1da714:	6802      	ldr	r2, [r0, #0]
7e1da716:	f843 2024 	str.w	r2, [r3, r4, lsl #2]
7e1da71a:	2300      	movs	r3, #0
7e1da71c:	e9c0 3303 	strd	r3, r3, [r0, #12]
7e1da720:	bd38      	pop	{r3, r4, r5, pc}
7e1da722:	2221      	movs	r2, #33	; 0x21
7e1da724:	2104      	movs	r1, #4
7e1da726:	f000 fd31 	bl	7e1db18c <_calloc_r>
7e1da72a:	4603      	mov	r3, r0
7e1da72c:	64e8      	str	r0, [r5, #76]	; 0x4c
7e1da72e:	2800      	cmp	r0, #0
7e1da730:	d1ed      	bne.n	7e1da70e <_Balloc+0xa>
7e1da732:	2000      	movs	r0, #0
7e1da734:	bd38      	pop	{r3, r4, r5, pc}
7e1da736:	2101      	movs	r1, #1
7e1da738:	4628      	mov	r0, r5
7e1da73a:	fa01 f504 	lsl.w	r5, r1, r4
7e1da73e:	1d6a      	adds	r2, r5, #5
7e1da740:	0092      	lsls	r2, r2, #2
7e1da742:	f000 fd23 	bl	7e1db18c <_calloc_r>
7e1da746:	2800      	cmp	r0, #0
7e1da748:	d0f3      	beq.n	7e1da732 <_Balloc+0x2e>
7e1da74a:	e9c0 4501 	strd	r4, r5, [r0, #4]
7e1da74e:	e7e4      	b.n	7e1da71a <_Balloc+0x16>

7e1da750 <_Bfree>:
7e1da750:	b131      	cbz	r1, 7e1da760 <_Bfree+0x10>
7e1da752:	6cc3      	ldr	r3, [r0, #76]	; 0x4c
7e1da754:	684a      	ldr	r2, [r1, #4]
7e1da756:	f853 0022 	ldr.w	r0, [r3, r2, lsl #2]
7e1da75a:	6008      	str	r0, [r1, #0]
7e1da75c:	f843 1022 	str.w	r1, [r3, r2, lsl #2]
7e1da760:	4770      	bx	lr
7e1da762:	bf00      	nop

7e1da764 <__multadd>:
7e1da764:	b5f0      	push	{r4, r5, r6, r7, lr}
7e1da766:	f101 0714 	add.w	r7, r1, #20
7e1da76a:	690c      	ldr	r4, [r1, #16]
7e1da76c:	b083      	sub	sp, #12
7e1da76e:	460d      	mov	r5, r1
7e1da770:	4606      	mov	r6, r0
7e1da772:	f04f 0c00 	mov.w	ip, #0
7e1da776:	6838      	ldr	r0, [r7, #0]
7e1da778:	f10c 0c01 	add.w	ip, ip, #1
7e1da77c:	4564      	cmp	r4, ip
7e1da77e:	b281      	uxth	r1, r0
7e1da780:	ea4f 4010 	mov.w	r0, r0, lsr #16
7e1da784:	fb02 3301 	mla	r3, r2, r1, r3
7e1da788:	ea4f 4113 	mov.w	r1, r3, lsr #16
7e1da78c:	b29b      	uxth	r3, r3
7e1da78e:	fb02 1000 	mla	r0, r2, r0, r1
7e1da792:	eb03 4100 	add.w	r1, r3, r0, lsl #16
7e1da796:	ea4f 4310 	mov.w	r3, r0, lsr #16
7e1da79a:	f847 1b04 	str.w	r1, [r7], #4
7e1da79e:	dcea      	bgt.n	7e1da776 <__multadd+0x12>
7e1da7a0:	b13b      	cbz	r3, 7e1da7b2 <__multadd+0x4e>
7e1da7a2:	68aa      	ldr	r2, [r5, #8]
7e1da7a4:	42a2      	cmp	r2, r4
7e1da7a6:	dd07      	ble.n	7e1da7b8 <__multadd+0x54>
7e1da7a8:	eb05 0284 	add.w	r2, r5, r4, lsl #2
7e1da7ac:	3401      	adds	r4, #1
7e1da7ae:	6153      	str	r3, [r2, #20]
7e1da7b0:	612c      	str	r4, [r5, #16]
7e1da7b2:	4628      	mov	r0, r5
7e1da7b4:	b003      	add	sp, #12
7e1da7b6:	bdf0      	pop	{r4, r5, r6, r7, pc}
7e1da7b8:	6869      	ldr	r1, [r5, #4]
7e1da7ba:	4630      	mov	r0, r6
7e1da7bc:	9301      	str	r3, [sp, #4]
7e1da7be:	3101      	adds	r1, #1
7e1da7c0:	f7ff ffa0 	bl	7e1da704 <_Balloc>
7e1da7c4:	692a      	ldr	r2, [r5, #16]
7e1da7c6:	f105 010c 	add.w	r1, r5, #12
7e1da7ca:	3202      	adds	r2, #2
7e1da7cc:	0092      	lsls	r2, r2, #2
7e1da7ce:	4607      	mov	r7, r0
7e1da7d0:	300c      	adds	r0, #12
7e1da7d2:	f7fa fbcb 	bl	7e1d4f6c <memcpy>
7e1da7d6:	6cf2      	ldr	r2, [r6, #76]	; 0x4c
7e1da7d8:	6869      	ldr	r1, [r5, #4]
7e1da7da:	9b01      	ldr	r3, [sp, #4]
7e1da7dc:	f852 0021 	ldr.w	r0, [r2, r1, lsl #2]
7e1da7e0:	6028      	str	r0, [r5, #0]
7e1da7e2:	f842 5021 	str.w	r5, [r2, r1, lsl #2]
7e1da7e6:	463d      	mov	r5, r7
7e1da7e8:	eb05 0284 	add.w	r2, r5, r4, lsl #2
7e1da7ec:	3401      	adds	r4, #1
7e1da7ee:	6153      	str	r3, [r2, #20]
7e1da7f0:	612c      	str	r4, [r5, #16]
7e1da7f2:	e7de      	b.n	7e1da7b2 <__multadd+0x4e>

7e1da7f4 <__s2b>:
7e1da7f4:	e92d 43f8 	stmdb	sp!, {r3, r4, r5, r6, r7, r8, r9, lr}
7e1da7f8:	461d      	mov	r5, r3
7e1da7fa:	f648 6639 	movw	r6, #36409	; 0x8e39
7e1da7fe:	3308      	adds	r3, #8
7e1da800:	f6c3 06e3 	movt	r6, #14563	; 0x38e3
7e1da804:	4607      	mov	r7, r0
7e1da806:	460c      	mov	r4, r1
7e1da808:	2d09      	cmp	r5, #9
7e1da80a:	fb86 0103 	smull	r0, r1, r6, r3
7e1da80e:	ea4f 73e3 	mov.w	r3, r3, asr #31
7e1da812:	4690      	mov	r8, r2
7e1da814:	9e08      	ldr	r6, [sp, #32]
7e1da816:	ebc3 0261 	rsb	r2, r3, r1, asr #1
7e1da81a:	dd35      	ble.n	7e1da888 <__s2b+0x94>
7e1da81c:	2301      	movs	r3, #1
7e1da81e:	2100      	movs	r1, #0
7e1da820:	005b      	lsls	r3, r3, #1
7e1da822:	3101      	adds	r1, #1
7e1da824:	429a      	cmp	r2, r3
7e1da826:	dcfb      	bgt.n	7e1da820 <__s2b+0x2c>
7e1da828:	4638      	mov	r0, r7
7e1da82a:	f7ff ff6b 	bl	7e1da704 <_Balloc>
7e1da82e:	f1b8 0f09 	cmp.w	r8, #9
7e1da832:	f04f 0301 	mov.w	r3, #1
7e1da836:	bfdc      	itt	le
7e1da838:	340a      	addle	r4, #10
7e1da83a:	f04f 0809 	movle.w	r8, #9
7e1da83e:	6146      	str	r6, [r0, #20]
7e1da840:	6103      	str	r3, [r0, #16]
7e1da842:	dd10      	ble.n	7e1da866 <__s2b+0x72>
7e1da844:	f104 0909 	add.w	r9, r4, #9
7e1da848:	4444      	add	r4, r8
7e1da84a:	464e      	mov	r6, r9
7e1da84c:	f816 3b01 	ldrb.w	r3, [r6], #1
7e1da850:	4601      	mov	r1, r0
7e1da852:	220a      	movs	r2, #10
7e1da854:	4638      	mov	r0, r7
7e1da856:	3b30      	subs	r3, #48	; 0x30
7e1da858:	f7ff ff84 	bl	7e1da764 <__multadd>
7e1da85c:	42b4      	cmp	r4, r6
7e1da85e:	d1f5      	bne.n	7e1da84c <__s2b+0x58>
7e1da860:	f1a8 0408 	sub.w	r4, r8, #8
7e1da864:	444c      	add	r4, r9
7e1da866:	4545      	cmp	r5, r8
7e1da868:	dd0c      	ble.n	7e1da884 <__s2b+0x90>
7e1da86a:	eba5 0508 	sub.w	r5, r5, r8
7e1da86e:	4425      	add	r5, r4
7e1da870:	f814 3b01 	ldrb.w	r3, [r4], #1
7e1da874:	4601      	mov	r1, r0
7e1da876:	220a      	movs	r2, #10
7e1da878:	4638      	mov	r0, r7
7e1da87a:	3b30      	subs	r3, #48	; 0x30
7e1da87c:	f7ff ff72 	bl	7e1da764 <__multadd>
7e1da880:	42a5      	cmp	r5, r4
7e1da882:	d1f5      	bne.n	7e1da870 <__s2b+0x7c>
7e1da884:	e8bd 83f8 	ldmia.w	sp!, {r3, r4, r5, r6, r7, r8, r9, pc}
7e1da888:	2100      	movs	r1, #0
7e1da88a:	e7cd      	b.n	7e1da828 <__s2b+0x34>

7e1da88c <__hi0bits>:
7e1da88c:	0c02      	lsrs	r2, r0, #16
7e1da88e:	4603      	mov	r3, r0
7e1da890:	2000      	movs	r0, #0
7e1da892:	0412      	lsls	r2, r2, #16
7e1da894:	b90a      	cbnz	r2, 7e1da89a <__hi0bits+0xe>
7e1da896:	041b      	lsls	r3, r3, #16
7e1da898:	2010      	movs	r0, #16
7e1da89a:	f013 4f7f 	tst.w	r3, #4278190080	; 0xff000000
7e1da89e:	bf04      	itt	eq
7e1da8a0:	021b      	lsleq	r3, r3, #8
7e1da8a2:	3008      	addeq	r0, #8
7e1da8a4:	f013 4f70 	tst.w	r3, #4026531840	; 0xf0000000
7e1da8a8:	bf04      	itt	eq
7e1da8aa:	011b      	lsleq	r3, r3, #4
7e1da8ac:	3004      	addeq	r0, #4
7e1da8ae:	f013 4f40 	tst.w	r3, #3221225472	; 0xc0000000
7e1da8b2:	bf04      	itt	eq
7e1da8b4:	009b      	lsleq	r3, r3, #2
7e1da8b6:	3002      	addeq	r0, #2
7e1da8b8:	2b00      	cmp	r3, #0
7e1da8ba:	db05      	blt.n	7e1da8c8 <__hi0bits+0x3c>
7e1da8bc:	f013 4f80 	tst.w	r3, #1073741824	; 0x40000000
7e1da8c0:	f100 0001 	add.w	r0, r0, #1
7e1da8c4:	bf08      	it	eq
7e1da8c6:	2020      	moveq	r0, #32
7e1da8c8:	4770      	bx	lr
7e1da8ca:	bf00      	nop

7e1da8cc <__lo0bits>:
7e1da8cc:	6803      	ldr	r3, [r0, #0]
7e1da8ce:	4601      	mov	r1, r0
7e1da8d0:	f013 0207 	ands.w	r2, r3, #7
7e1da8d4:	d009      	beq.n	7e1da8ea <__lo0bits+0x1e>
7e1da8d6:	07da      	lsls	r2, r3, #31
7e1da8d8:	d422      	bmi.n	7e1da920 <__lo0bits+0x54>
7e1da8da:	0798      	lsls	r0, r3, #30
7e1da8dc:	bf4b      	itete	mi
7e1da8de:	085b      	lsrmi	r3, r3, #1
7e1da8e0:	089b      	lsrpl	r3, r3, #2
7e1da8e2:	2001      	movmi	r0, #1
7e1da8e4:	2002      	movpl	r0, #2
7e1da8e6:	600b      	str	r3, [r1, #0]
7e1da8e8:	4770      	bx	lr
7e1da8ea:	b298      	uxth	r0, r3
7e1da8ec:	b9b0      	cbnz	r0, 7e1da91c <__lo0bits+0x50>
7e1da8ee:	0c1b      	lsrs	r3, r3, #16
7e1da8f0:	2010      	movs	r0, #16
7e1da8f2:	f013 0fff 	tst.w	r3, #255	; 0xff
7e1da8f6:	bf04      	itt	eq
7e1da8f8:	0a1b      	lsreq	r3, r3, #8
7e1da8fa:	3008      	addeq	r0, #8
7e1da8fc:	071a      	lsls	r2, r3, #28
7e1da8fe:	bf04      	itt	eq
7e1da900:	091b      	lsreq	r3, r3, #4
7e1da902:	3004      	addeq	r0, #4
7e1da904:	079a      	lsls	r2, r3, #30
7e1da906:	bf04      	itt	eq
7e1da908:	089b      	lsreq	r3, r3, #2
7e1da90a:	3002      	addeq	r0, #2
7e1da90c:	07da      	lsls	r2, r3, #31
7e1da90e:	d403      	bmi.n	7e1da918 <__lo0bits+0x4c>
7e1da910:	085b      	lsrs	r3, r3, #1
7e1da912:	f100 0001 	add.w	r0, r0, #1
7e1da916:	d005      	beq.n	7e1da924 <__lo0bits+0x58>
7e1da918:	600b      	str	r3, [r1, #0]
7e1da91a:	4770      	bx	lr
7e1da91c:	4610      	mov	r0, r2
7e1da91e:	e7e8      	b.n	7e1da8f2 <__lo0bits+0x26>
7e1da920:	2000      	movs	r0, #0
7e1da922:	4770      	bx	lr
7e1da924:	2020      	movs	r0, #32
7e1da926:	4770      	bx	lr

7e1da928 <__i2b>:
7e1da928:	b510      	push	{r4, lr}
7e1da92a:	460c      	mov	r4, r1
7e1da92c:	2101      	movs	r1, #1
7e1da92e:	f7ff fee9 	bl	7e1da704 <_Balloc>
7e1da932:	2201      	movs	r2, #1
7e1da934:	6144      	str	r4, [r0, #20]
7e1da936:	6102      	str	r2, [r0, #16]
7e1da938:	bd10      	pop	{r4, pc}
7e1da93a:	bf00      	nop

7e1da93c <__multiply>:
7e1da93c:	e92d 4ff0 	stmdb	sp!, {r4, r5, r6, r7, r8, r9, sl, fp, lr}
7e1da940:	b083      	sub	sp, #12
7e1da942:	690d      	ldr	r5, [r1, #16]
7e1da944:	6913      	ldr	r3, [r2, #16]
7e1da946:	429d      	cmp	r5, r3
7e1da948:	bfb5      	itete	lt
7e1da94a:	4614      	movlt	r4, r2
7e1da94c:	460c      	movge	r4, r1
7e1da94e:	461f      	movlt	r7, r3
7e1da950:	469b      	movge	fp, r3
7e1da952:	68a3      	ldr	r3, [r4, #8]
7e1da954:	bfae      	itee	ge
7e1da956:	462f      	movge	r7, r5
7e1da958:	46ab      	movlt	fp, r5
7e1da95a:	460d      	movlt	r5, r1
7e1da95c:	eb07 080b 	add.w	r8, r7, fp
7e1da960:	6861      	ldr	r1, [r4, #4]
7e1da962:	bfa8      	it	ge
7e1da964:	4615      	movge	r5, r2
7e1da966:	4543      	cmp	r3, r8
7e1da968:	bfb8      	it	lt
7e1da96a:	3101      	addlt	r1, #1
7e1da96c:	f7ff feca 	bl	7e1da704 <_Balloc>
7e1da970:	f100 0a14 	add.w	sl, r0, #20
7e1da974:	4603      	mov	r3, r0
7e1da976:	eb0a 0988 	add.w	r9, sl, r8, lsl #2
7e1da97a:	9000      	str	r0, [sp, #0]
7e1da97c:	45ca      	cmp	sl, r9
7e1da97e:	bf3c      	itt	cc
7e1da980:	4653      	movcc	r3, sl
7e1da982:	2000      	movcc	r0, #0
7e1da984:	d203      	bcs.n	7e1da98e <__multiply+0x52>
7e1da986:	f843 0b04 	str.w	r0, [r3], #4
7e1da98a:	4599      	cmp	r9, r3
7e1da98c:	d8fb      	bhi.n	7e1da986 <__multiply+0x4a>
7e1da98e:	f105 0e14 	add.w	lr, r5, #20
7e1da992:	f104 0314 	add.w	r3, r4, #20
7e1da996:	eb0e 0b8b 	add.w	fp, lr, fp, lsl #2
7e1da99a:	eb03 0787 	add.w	r7, r3, r7, lsl #2
7e1da99e:	45de      	cmp	lr, fp
7e1da9a0:	bf3c      	itt	cc
7e1da9a2:	f8cd 8004 	strcc.w	r8, [sp, #4]
7e1da9a6:	4698      	movcc	r8, r3
7e1da9a8:	d306      	bcc.n	7e1da9b8 <__multiply+0x7c>
7e1da9aa:	e051      	b.n	7e1daa50 <__multiply+0x114>
7e1da9ac:	0c24      	lsrs	r4, r4, #16
7e1da9ae:	d12a      	bne.n	7e1daa06 <__multiply+0xca>
7e1da9b0:	45f3      	cmp	fp, lr
7e1da9b2:	f10a 0a04 	add.w	sl, sl, #4
7e1da9b6:	d949      	bls.n	7e1daa4c <__multiply+0x110>
7e1da9b8:	f85e 4b04 	ldr.w	r4, [lr], #4
7e1da9bc:	b2a6      	uxth	r6, r4
7e1da9be:	2e00      	cmp	r6, #0
7e1da9c0:	d0f4      	beq.n	7e1da9ac <__multiply+0x70>
7e1da9c2:	4645      	mov	r5, r8
7e1da9c4:	4654      	mov	r4, sl
7e1da9c6:	2300      	movs	r3, #0
7e1da9c8:	f855 1b04 	ldr.w	r1, [r5], #4
7e1da9cc:	6820      	ldr	r0, [r4, #0]
7e1da9ce:	42af      	cmp	r7, r5
7e1da9d0:	b28a      	uxth	r2, r1
7e1da9d2:	ea4f 4111 	mov.w	r1, r1, lsr #16
7e1da9d6:	fa1f fc80 	uxth.w	ip, r0
7e1da9da:	ea4f 4010 	mov.w	r0, r0, lsr #16
7e1da9de:	fb06 c202 	mla	r2, r6, r2, ip
7e1da9e2:	fb06 0101 	mla	r1, r6, r1, r0
7e1da9e6:	4413      	add	r3, r2
7e1da9e8:	eb01 4113 	add.w	r1, r1, r3, lsr #16
7e1da9ec:	b29b      	uxth	r3, r3
7e1da9ee:	ea43 4201 	orr.w	r2, r3, r1, lsl #16
7e1da9f2:	ea4f 4311 	mov.w	r3, r1, lsr #16
7e1da9f6:	f844 2b04 	str.w	r2, [r4], #4
7e1da9fa:	d8e5      	bhi.n	7e1da9c8 <__multiply+0x8c>
7e1da9fc:	6023      	str	r3, [r4, #0]
7e1da9fe:	f85e 4c04 	ldr.w	r4, [lr, #-4]
7e1daa02:	0c24      	lsrs	r4, r4, #16
7e1daa04:	d0d4      	beq.n	7e1da9b0 <__multiply+0x74>
7e1daa06:	f8da 3000 	ldr.w	r3, [sl]
7e1daa0a:	4645      	mov	r5, r8
7e1daa0c:	4656      	mov	r6, sl
7e1daa0e:	2200      	movs	r2, #0
7e1daa10:	4618      	mov	r0, r3
7e1daa12:	8829      	ldrh	r1, [r5, #0]
7e1daa14:	0c00      	lsrs	r0, r0, #16
7e1daa16:	b29b      	uxth	r3, r3
7e1daa18:	fb04 0001 	mla	r0, r4, r1, r0
7e1daa1c:	4402      	add	r2, r0
7e1daa1e:	ea43 4302 	orr.w	r3, r3, r2, lsl #16
7e1daa22:	f846 3b04 	str.w	r3, [r6], #4
7e1daa26:	f855 3b04 	ldr.w	r3, [r5], #4
7e1daa2a:	6830      	ldr	r0, [r6, #0]
7e1daa2c:	42af      	cmp	r7, r5
7e1daa2e:	ea4f 4313 	mov.w	r3, r3, lsr #16
7e1daa32:	b281      	uxth	r1, r0
7e1daa34:	fb04 1303 	mla	r3, r4, r3, r1
7e1daa38:	eb03 4312 	add.w	r3, r3, r2, lsr #16
7e1daa3c:	ea4f 4213 	mov.w	r2, r3, lsr #16
7e1daa40:	d8e7      	bhi.n	7e1daa12 <__multiply+0xd6>
7e1daa42:	45f3      	cmp	fp, lr
7e1daa44:	6033      	str	r3, [r6, #0]
7e1daa46:	f10a 0a04 	add.w	sl, sl, #4
7e1daa4a:	d8b5      	bhi.n	7e1da9b8 <__multiply+0x7c>
7e1daa4c:	f8dd 8004 	ldr.w	r8, [sp, #4]
7e1daa50:	f1b8 0f00 	cmp.w	r8, #0
7e1daa54:	dd0b      	ble.n	7e1daa6e <__multiply+0x132>
7e1daa56:	f859 3c04 	ldr.w	r3, [r9, #-4]
7e1daa5a:	f1a9 0904 	sub.w	r9, r9, #4
7e1daa5e:	b11b      	cbz	r3, 7e1daa68 <__multiply+0x12c>
7e1daa60:	e005      	b.n	7e1daa6e <__multiply+0x132>
7e1daa62:	f859 3d04 	ldr.w	r3, [r9, #-4]!
7e1daa66:	b913      	cbnz	r3, 7e1daa6e <__multiply+0x132>
7e1daa68:	f1b8 0801 	subs.w	r8, r8, #1
7e1daa6c:	d1f9      	bne.n	7e1daa62 <__multiply+0x126>
7e1daa6e:	9800      	ldr	r0, [sp, #0]
7e1daa70:	f8c0 8010 	str.w	r8, [r0, #16]
7e1daa74:	b003      	add	sp, #12
7e1daa76:	e8bd 8ff0 	ldmia.w	sp!, {r4, r5, r6, r7, r8, r9, sl, fp, pc}
7e1daa7a:	bf00      	nop

7e1daa7c <__pow5mult>:
7e1daa7c:	f012 0303 	ands.w	r3, r2, #3
7e1daa80:	e92d 41f0 	stmdb	sp!, {r4, r5, r6, r7, r8, lr}
7e1daa84:	4614      	mov	r4, r2
7e1daa86:	4607      	mov	r7, r0
7e1daa88:	bf08      	it	eq
7e1daa8a:	460d      	moveq	r5, r1
7e1daa8c:	d12d      	bne.n	7e1daaea <__pow5mult+0x6e>
7e1daa8e:	10a4      	asrs	r4, r4, #2
7e1daa90:	d01c      	beq.n	7e1daacc <__pow5mult+0x50>
7e1daa92:	6cbe      	ldr	r6, [r7, #72]	; 0x48
7e1daa94:	b3ae      	cbz	r6, 7e1dab02 <__pow5mult+0x86>
7e1daa96:	07e3      	lsls	r3, r4, #31
7e1daa98:	f04f 0800 	mov.w	r8, #0
7e1daa9c:	d406      	bmi.n	7e1daaac <__pow5mult+0x30>
7e1daa9e:	1064      	asrs	r4, r4, #1
7e1daaa0:	d014      	beq.n	7e1daacc <__pow5mult+0x50>
7e1daaa2:	6830      	ldr	r0, [r6, #0]
7e1daaa4:	b1a8      	cbz	r0, 7e1daad2 <__pow5mult+0x56>
7e1daaa6:	4606      	mov	r6, r0
7e1daaa8:	07e3      	lsls	r3, r4, #31
7e1daaaa:	d5f8      	bpl.n	7e1daa9e <__pow5mult+0x22>
7e1daaac:	4632      	mov	r2, r6
7e1daaae:	4629      	mov	r1, r5
7e1daab0:	4638      	mov	r0, r7
7e1daab2:	f7ff ff43 	bl	7e1da93c <__multiply>
7e1daab6:	b1b5      	cbz	r5, 7e1daae6 <__pow5mult+0x6a>
7e1daab8:	686a      	ldr	r2, [r5, #4]
7e1daaba:	1064      	asrs	r4, r4, #1
7e1daabc:	6cfb      	ldr	r3, [r7, #76]	; 0x4c
7e1daabe:	f853 1022 	ldr.w	r1, [r3, r2, lsl #2]
7e1daac2:	6029      	str	r1, [r5, #0]
7e1daac4:	f843 5022 	str.w	r5, [r3, r2, lsl #2]
7e1daac8:	4605      	mov	r5, r0
7e1daaca:	d1ea      	bne.n	7e1daaa2 <__pow5mult+0x26>
7e1daacc:	4628      	mov	r0, r5
7e1daace:	e8bd 81f0 	ldmia.w	sp!, {r4, r5, r6, r7, r8, pc}
7e1daad2:	4632      	mov	r2, r6
7e1daad4:	4631      	mov	r1, r6
7e1daad6:	4638      	mov	r0, r7
7e1daad8:	f7ff ff30 	bl	7e1da93c <__multiply>
7e1daadc:	6030      	str	r0, [r6, #0]
7e1daade:	4606      	mov	r6, r0
7e1daae0:	f8c0 8000 	str.w	r8, [r0]
7e1daae4:	e7e0      	b.n	7e1daaa8 <__pow5mult+0x2c>
7e1daae6:	4605      	mov	r5, r0
7e1daae8:	e7d9      	b.n	7e1daa9e <__pow5mult+0x22>
7e1daaea:	1e5a      	subs	r2, r3, #1
7e1daaec:	f64a 5590 	movw	r5, #44432	; 0xad90
7e1daaf0:	f2c8 052d 	movt	r5, #32813	; 0x802d
7e1daaf4:	2300      	movs	r3, #0
7e1daaf6:	f855 2022 	ldr.w	r2, [r5, r2, lsl #2]
7e1daafa:	f7ff fe33 	bl	7e1da764 <__multadd>
7e1daafe:	4605      	mov	r5, r0
7e1dab00:	e7c5      	b.n	7e1daa8e <__pow5mult+0x12>
7e1dab02:	2101      	movs	r1, #1
7e1dab04:	4638      	mov	r0, r7
7e1dab06:	f7ff fdfd 	bl	7e1da704 <_Balloc>
7e1dab0a:	2301      	movs	r3, #1
7e1dab0c:	f240 2271 	movw	r2, #625	; 0x271
7e1dab10:	4606      	mov	r6, r0
7e1dab12:	e9c0 3204 	strd	r3, r2, [r0, #16]
7e1dab16:	2300      	movs	r3, #0
7e1dab18:	64b8      	str	r0, [r7, #72]	; 0x48
7e1dab1a:	6003      	str	r3, [r0, #0]
7e1dab1c:	e7bb      	b.n	7e1daa96 <__pow5mult+0x1a>
7e1dab1e:	bf00      	nop

7e1dab20 <__lshift>:
7e1dab20:	e92d 43f8 	stmdb	sp!, {r3, r4, r5, r6, r7, r8, r9, lr}
7e1dab24:	ea4f 1962 	mov.w	r9, r2, asr #5
7e1dab28:	690e      	ldr	r6, [r1, #16]
7e1dab2a:	460d      	mov	r5, r1
7e1dab2c:	688b      	ldr	r3, [r1, #8]
7e1dab2e:	4690      	mov	r8, r2
7e1dab30:	444e      	add	r6, r9
7e1dab32:	4607      	mov	r7, r0
7e1dab34:	1c74      	adds	r4, r6, #1
7e1dab36:	6849      	ldr	r1, [r1, #4]
7e1dab38:	429c      	cmp	r4, r3
7e1dab3a:	dd03      	ble.n	7e1dab44 <__lshift+0x24>
7e1dab3c:	005b      	lsls	r3, r3, #1
7e1dab3e:	3101      	adds	r1, #1
7e1dab40:	429c      	cmp	r4, r3
7e1dab42:	dcfb      	bgt.n	7e1dab3c <__lshift+0x1c>
7e1dab44:	4638      	mov	r0, r7
7e1dab46:	f7ff fddd 	bl	7e1da704 <_Balloc>
7e1dab4a:	f1b9 0f00 	cmp.w	r9, #0
7e1dab4e:	4684      	mov	ip, r0
7e1dab50:	f100 0014 	add.w	r0, r0, #20
7e1dab54:	dd0e      	ble.n	7e1dab74 <__lshift+0x54>
7e1dab56:	f109 0905 	add.w	r9, r9, #5
7e1dab5a:	4603      	mov	r3, r0
7e1dab5c:	2100      	movs	r1, #0
7e1dab5e:	ea4f 0989 	mov.w	r9, r9, lsl #2
7e1dab62:	eb0c 0209 	add.w	r2, ip, r9
7e1dab66:	f843 1b04 	str.w	r1, [r3], #4
7e1dab6a:	4293      	cmp	r3, r2
7e1dab6c:	d1fb      	bne.n	7e1dab66 <__lshift+0x46>
7e1dab6e:	f1a9 0914 	sub.w	r9, r9, #20
7e1dab72:	4448      	add	r0, r9
7e1dab74:	6929      	ldr	r1, [r5, #16]
7e1dab76:	f018 081f 	ands.w	r8, r8, #31
7e1dab7a:	f105 0314 	add.w	r3, r5, #20
7e1dab7e:	eb03 0e81 	add.w	lr, r3, r1, lsl #2
7e1dab82:	d022      	beq.n	7e1dabca <__lshift+0xaa>
7e1dab84:	f1c8 0220 	rsb	r2, r8, #32
7e1dab88:	f04f 0900 	mov.w	r9, #0
7e1dab8c:	6819      	ldr	r1, [r3, #0]
7e1dab8e:	fa01 f108 	lsl.w	r1, r1, r8
7e1dab92:	ea41 0109 	orr.w	r1, r1, r9
7e1dab96:	f840 1b04 	str.w	r1, [r0], #4
7e1dab9a:	f853 1b04 	ldr.w	r1, [r3], #4
7e1dab9e:	4573      	cmp	r3, lr
7e1daba0:	fa21 f902 	lsr.w	r9, r1, r2
7e1daba4:	d3f2      	bcc.n	7e1dab8c <__lshift+0x6c>
7e1daba6:	f1b9 0f00 	cmp.w	r9, #0
7e1dabaa:	bf18      	it	ne
7e1dabac:	4626      	movne	r6, r4
7e1dabae:	f8c0 9000 	str.w	r9, [r0]
7e1dabb2:	6cfb      	ldr	r3, [r7, #76]	; 0x4c
7e1dabb4:	4660      	mov	r0, ip
7e1dabb6:	686a      	ldr	r2, [r5, #4]
7e1dabb8:	f8cc 6010 	str.w	r6, [ip, #16]
7e1dabbc:	f853 1022 	ldr.w	r1, [r3, r2, lsl #2]
7e1dabc0:	6029      	str	r1, [r5, #0]
7e1dabc2:	f843 5022 	str.w	r5, [r3, r2, lsl #2]
7e1dabc6:	e8bd 83f8 	ldmia.w	sp!, {r3, r4, r5, r6, r7, r8, r9, pc}
7e1dabca:	3804      	subs	r0, #4
7e1dabcc:	f853 2b04 	ldr.w	r2, [r3], #4
7e1dabd0:	459e      	cmp	lr, r3
7e1dabd2:	f840 2f04 	str.w	r2, [r0, #4]!
7e1dabd6:	d8f9      	bhi.n	7e1dabcc <__lshift+0xac>
7e1dabd8:	e7eb      	b.n	7e1dabb2 <__lshift+0x92>
7e1dabda:	bf00      	nop

7e1dabdc <__mcmp>:
7e1dabdc:	b430      	push	{r4, r5}
7e1dabde:	4605      	mov	r5, r0
7e1dabe0:	690a      	ldr	r2, [r1, #16]
7e1dabe2:	6900      	ldr	r0, [r0, #16]
7e1dabe4:	1a80      	subs	r0, r0, r2
7e1dabe6:	d110      	bne.n	7e1dac0a <__mcmp+0x2e>
7e1dabe8:	0092      	lsls	r2, r2, #2
7e1dabea:	3514      	adds	r5, #20
7e1dabec:	3114      	adds	r1, #20
7e1dabee:	18ab      	adds	r3, r5, r2
7e1dabf0:	4411      	add	r1, r2
7e1dabf2:	e001      	b.n	7e1dabf8 <__mcmp+0x1c>
7e1dabf4:	429d      	cmp	r5, r3
7e1dabf6:	d208      	bcs.n	7e1dac0a <__mcmp+0x2e>
7e1dabf8:	f853 4d04 	ldr.w	r4, [r3, #-4]!
7e1dabfc:	f851 2d04 	ldr.w	r2, [r1, #-4]!
7e1dac00:	4294      	cmp	r4, r2
7e1dac02:	d0f7      	beq.n	7e1dabf4 <__mcmp+0x18>
7e1dac04:	bf28      	it	cs
7e1dac06:	2001      	movcs	r0, #1
7e1dac08:	d301      	bcc.n	7e1dac0e <__mcmp+0x32>
7e1dac0a:	bc30      	pop	{r4, r5}
7e1dac0c:	4770      	bx	lr
7e1dac0e:	f04f 30ff 	mov.w	r0, #4294967295
7e1dac12:	bc30      	pop	{r4, r5}
7e1dac14:	4770      	bx	lr
7e1dac16:	bf00      	nop

7e1dac18 <__mdiff>:
7e1dac18:	e92d 47f0 	stmdb	sp!, {r4, r5, r6, r7, r8, r9, sl, lr}
7e1dac1c:	460f      	mov	r7, r1
7e1dac1e:	690c      	ldr	r4, [r1, #16]
7e1dac20:	4615      	mov	r5, r2
7e1dac22:	6911      	ldr	r1, [r2, #16]
7e1dac24:	4684      	mov	ip, r0
7e1dac26:	f107 0614 	add.w	r6, r7, #20
7e1dac2a:	f102 0814 	add.w	r8, r2, #20
7e1dac2e:	1a64      	subs	r4, r4, r1
7e1dac30:	2c00      	cmp	r4, #0
7e1dac32:	d160      	bne.n	7e1dacf6 <__mdiff+0xde>
7e1dac34:	0089      	lsls	r1, r1, #2
7e1dac36:	1873      	adds	r3, r6, r1
7e1dac38:	4441      	add	r1, r8
7e1dac3a:	e001      	b.n	7e1dac40 <__mdiff+0x28>
7e1dac3c:	42b3      	cmp	r3, r6
7e1dac3e:	d965      	bls.n	7e1dad0c <__mdiff+0xf4>
7e1dac40:	f853 0d04 	ldr.w	r0, [r3, #-4]!
7e1dac44:	f851 2d04 	ldr.w	r2, [r1, #-4]!
7e1dac48:	4290      	cmp	r0, r2
7e1dac4a:	d0f7      	beq.n	7e1dac3c <__mdiff+0x24>
7e1dac4c:	d356      	bcc.n	7e1dacfc <__mdiff+0xe4>
7e1dac4e:	4660      	mov	r0, ip
7e1dac50:	6879      	ldr	r1, [r7, #4]
7e1dac52:	f7ff fd57 	bl	7e1da704 <_Balloc>
7e1dac56:	692b      	ldr	r3, [r5, #16]
7e1dac58:	693f      	ldr	r7, [r7, #16]
7e1dac5a:	46c6      	mov	lr, r8
7e1dac5c:	4635      	mov	r5, r6
7e1dac5e:	f04f 0900 	mov.w	r9, #0
7e1dac62:	eb08 0883 	add.w	r8, r8, r3, lsl #2
7e1dac66:	eb06 0687 	add.w	r6, r6, r7, lsl #2
7e1dac6a:	60c4      	str	r4, [r0, #12]
7e1dac6c:	f100 0c14 	add.w	ip, r0, #20
7e1dac70:	e000      	b.n	7e1dac74 <__mdiff+0x5c>
7e1dac72:	468c      	mov	ip, r1
7e1dac74:	f855 ab04 	ldr.w	sl, [r5], #4
7e1dac78:	4661      	mov	r1, ip
7e1dac7a:	f85e 2b04 	ldr.w	r2, [lr], #4
7e1dac7e:	fa1f f38a 	uxth.w	r3, sl
7e1dac82:	45f0      	cmp	r8, lr
7e1dac84:	444b      	add	r3, r9
7e1dac86:	fa1f f982 	uxth.w	r9, r2
7e1dac8a:	eba3 0309 	sub.w	r3, r3, r9
7e1dac8e:	ea4f 4212 	mov.w	r2, r2, lsr #16
7e1dac92:	ebc2 421a 	rsb	r2, r2, sl, lsr #16
7e1dac96:	462c      	mov	r4, r5
7e1dac98:	eb02 4223 	add.w	r2, r2, r3, asr #16
7e1dac9c:	b29b      	uxth	r3, r3
7e1dac9e:	ea43 4302 	orr.w	r3, r3, r2, lsl #16
7e1daca2:	ea4f 4922 	mov.w	r9, r2, asr #16
7e1daca6:	f841 3b04 	str.w	r3, [r1], #4
7e1dacaa:	d8e2      	bhi.n	7e1dac72 <__mdiff+0x5a>
7e1dacac:	42ae      	cmp	r6, r5
7e1dacae:	d919      	bls.n	7e1dace4 <__mdiff+0xcc>
7e1dacb0:	468c      	mov	ip, r1
7e1dacb2:	f854 eb04 	ldr.w	lr, [r4], #4
7e1dacb6:	42a6      	cmp	r6, r4
7e1dacb8:	fa1f f38e 	uxth.w	r3, lr
7e1dacbc:	444b      	add	r3, r9
7e1dacbe:	ea4f 4223 	mov.w	r2, r3, asr #16
7e1dacc2:	b29b      	uxth	r3, r3
7e1dacc4:	eb02 421e 	add.w	r2, r2, lr, lsr #16
7e1dacc8:	ea43 4302 	orr.w	r3, r3, r2, lsl #16
7e1daccc:	ea4f 4922 	mov.w	r9, r2, asr #16
7e1dacd0:	f84c 3b04 	str.w	r3, [ip], #4
7e1dacd4:	d8ed      	bhi.n	7e1dacb2 <__mdiff+0x9a>
7e1dacd6:	f106 3cff 	add.w	ip, r6, #4294967295
7e1dacda:	ebac 0c05 	sub.w	ip, ip, r5
7e1dacde:	f02c 0c03 	bic.w	ip, ip, #3
7e1dace2:	448c      	add	ip, r1
7e1dace4:	b923      	cbnz	r3, 7e1dacf0 <__mdiff+0xd8>
7e1dace6:	f85c 3d04 	ldr.w	r3, [ip, #-4]!
7e1dacea:	3f01      	subs	r7, #1
7e1dacec:	2b00      	cmp	r3, #0
7e1dacee:	d0fa      	beq.n	7e1dace6 <__mdiff+0xce>
7e1dacf0:	6107      	str	r7, [r0, #16]
7e1dacf2:	e8bd 87f0 	ldmia.w	sp!, {r4, r5, r6, r7, r8, r9, sl, pc}
7e1dacf6:	bfa8      	it	ge
7e1dacf8:	2400      	movge	r4, #0
7e1dacfa:	daa8      	bge.n	7e1dac4e <__mdiff+0x36>
7e1dacfc:	4632      	mov	r2, r6
7e1dacfe:	463b      	mov	r3, r7
7e1dad00:	4646      	mov	r6, r8
7e1dad02:	462f      	mov	r7, r5
7e1dad04:	4690      	mov	r8, r2
7e1dad06:	461d      	mov	r5, r3
7e1dad08:	2401      	movs	r4, #1
7e1dad0a:	e7a0      	b.n	7e1dac4e <__mdiff+0x36>
7e1dad0c:	4660      	mov	r0, ip
7e1dad0e:	2100      	movs	r1, #0
7e1dad10:	f7ff fcf8 	bl	7e1da704 <_Balloc>
7e1dad14:	2201      	movs	r2, #1
7e1dad16:	2300      	movs	r3, #0
7e1dad18:	e9c0 2304 	strd	r2, r3, [r0, #16]
7e1dad1c:	e8bd 87f0 	ldmia.w	sp!, {r4, r5, r6, r7, r8, r9, sl, pc}

7e1dad20 <__ulp>:
7e1dad20:	2300      	movs	r3, #0
7e1dad22:	f6c7 73f0 	movt	r3, #32752	; 0x7ff0
7e1dad26:	400b      	ands	r3, r1
7e1dad28:	f1a3 7350 	sub.w	r3, r3, #54525952	; 0x3400000
7e1dad2c:	2b00      	cmp	r3, #0
7e1dad2e:	dd02      	ble.n	7e1dad36 <__ulp+0x16>
7e1dad30:	2000      	movs	r0, #0
7e1dad32:	4619      	mov	r1, r3
7e1dad34:	4770      	bx	lr
7e1dad36:	425b      	negs	r3, r3
7e1dad38:	151b      	asrs	r3, r3, #20
7e1dad3a:	2b13      	cmp	r3, #19
7e1dad3c:	dc05      	bgt.n	7e1dad4a <__ulp+0x2a>
7e1dad3e:	f44f 2200 	mov.w	r2, #524288	; 0x80000
7e1dad42:	2000      	movs	r0, #0
7e1dad44:	fa42 f103 	asr.w	r1, r2, r3
7e1dad48:	4770      	bx	lr
7e1dad4a:	3b14      	subs	r3, #20
7e1dad4c:	2100      	movs	r1, #0
7e1dad4e:	2b1e      	cmp	r3, #30
7e1dad50:	bfd6      	itet	le
7e1dad52:	f04f 4200 	movle.w	r2, #2147483648	; 0x80000000
7e1dad56:	2301      	movgt	r3, #1
7e1dad58:	fa22 f303 	lsrle.w	r3, r2, r3
7e1dad5c:	4618      	mov	r0, r3
7e1dad5e:	4770      	bx	lr

7e1dad60 <__b2d>:
7e1dad60:	e92d 43f8 	stmdb	sp!, {r3, r4, r5, r6, r7, r8, r9, lr}
7e1dad64:	f100 0814 	add.w	r8, r0, #20
7e1dad68:	6906      	ldr	r6, [r0, #16]
7e1dad6a:	eb08 0686 	add.w	r6, r8, r6, lsl #2
7e1dad6e:	f1a6 0904 	sub.w	r9, r6, #4
7e1dad72:	f856 7c04 	ldr.w	r7, [r6, #-4]
7e1dad76:	4638      	mov	r0, r7
7e1dad78:	f7ff fd88 	bl	7e1da88c <__hi0bits>
7e1dad7c:	280a      	cmp	r0, #10
7e1dad7e:	f1c0 0320 	rsb	r3, r0, #32
7e1dad82:	600b      	str	r3, [r1, #0]
7e1dad84:	dd1e      	ble.n	7e1dadc4 <__b2d+0x64>
7e1dad86:	45c8      	cmp	r8, r9
7e1dad88:	f1a0 000b 	sub.w	r0, r0, #11
7e1dad8c:	d20b      	bcs.n	7e1dada6 <__b2d+0x46>
7e1dad8e:	f856 2c08 	ldr.w	r2, [r6, #-8]
7e1dad92:	bb80      	cbnz	r0, 7e1dadf6 <__b2d+0x96>
7e1dad94:	f047 557f 	orr.w	r5, r7, #1069547520	; 0x3fc00000
7e1dad98:	4614      	mov	r4, r2
7e1dad9a:	f445 1540 	orr.w	r5, r5, #3145728	; 0x300000
7e1dad9e:	4620      	mov	r0, r4
7e1dada0:	4629      	mov	r1, r5
7e1dada2:	e8bd 83f8 	ldmia.w	sp!, {r3, r4, r5, r6, r7, r8, r9, pc}
7e1dada6:	4602      	mov	r2, r0
7e1dada8:	2800      	cmp	r0, #0
7e1dadaa:	d0f3      	beq.n	7e1dad94 <__b2d+0x34>
7e1dadac:	fa07 f300 	lsl.w	r3, r7, r0
7e1dadb0:	2000      	movs	r0, #0
7e1dadb2:	f043 557f 	orr.w	r5, r3, #1069547520	; 0x3fc00000
7e1dadb6:	4604      	mov	r4, r0
7e1dadb8:	f445 1540 	orr.w	r5, r5, #3145728	; 0x300000
7e1dadbc:	4620      	mov	r0, r4
7e1dadbe:	4629      	mov	r1, r5
7e1dadc0:	e8bd 83f8 	ldmia.w	sp!, {r3, r4, r5, r6, r7, r8, r9, pc}
7e1dadc4:	f1c0 030b 	rsb	r3, r0, #11
7e1dadc8:	45c8      	cmp	r8, r9
7e1dadca:	fa27 f203 	lsr.w	r2, r7, r3
7e1dadce:	f042 557f 	orr.w	r5, r2, #1069547520	; 0x3fc00000
7e1dadd2:	bf38      	it	cc
7e1dadd4:	f856 2c08 	ldrcc.w	r2, [r6, #-8]
7e1dadd8:	f445 1540 	orr.w	r5, r5, #3145728	; 0x300000
7e1daddc:	bf2c      	ite	cs
7e1dadde:	2200      	movcs	r2, #0
7e1dade0:	40da      	lsrcc	r2, r3
7e1dade2:	f100 0315 	add.w	r3, r0, #21
7e1dade6:	fa07 f303 	lsl.w	r3, r7, r3
7e1dadea:	4629      	mov	r1, r5
7e1dadec:	ea43 0402 	orr.w	r4, r3, r2
7e1dadf0:	4620      	mov	r0, r4
7e1dadf2:	e8bd 83f8 	ldmia.w	sp!, {r3, r4, r5, r6, r7, r8, r9, pc}
7e1dadf6:	f1c0 0120 	rsb	r1, r0, #32
7e1dadfa:	fa07 f300 	lsl.w	r3, r7, r0
7e1dadfe:	fa02 f000 	lsl.w	r0, r2, r0
7e1dae02:	fa22 f701 	lsr.w	r7, r2, r1
7e1dae06:	f1a6 0208 	sub.w	r2, r6, #8
7e1dae0a:	431f      	orrs	r7, r3
7e1dae0c:	4590      	cmp	r8, r2
7e1dae0e:	f047 557f 	orr.w	r5, r7, #1069547520	; 0x3fc00000
7e1dae12:	f445 1540 	orr.w	r5, r5, #3145728	; 0x300000
7e1dae16:	bf3e      	ittt	cc
7e1dae18:	f856 3c0c 	ldrcc.w	r3, [r6, #-12]
7e1dae1c:	40cb      	lsrcc	r3, r1
7e1dae1e:	4318      	orrcc	r0, r3
7e1dae20:	4604      	mov	r4, r0
7e1dae22:	e7cb      	b.n	7e1dadbc <__b2d+0x5c>

7e1dae24 <__d2b>:
7e1dae24:	e92d 41f0 	stmdb	sp!, {r4, r5, r6, r7, r8, lr}
7e1dae28:	b082      	sub	sp, #8
7e1dae2a:	2101      	movs	r1, #1
7e1dae2c:	461c      	mov	r4, r3
7e1dae2e:	4690      	mov	r8, r2
7e1dae30:	e9dd 6508 	ldrd	r6, r5, [sp, #32]
7e1dae34:	f7ff fc66 	bl	7e1da704 <_Balloc>
7e1dae38:	4623      	mov	r3, r4
7e1dae3a:	f3c4 540a 	ubfx	r4, r4, #20, #11
7e1dae3e:	f3c3 0313 	ubfx	r3, r3, #0, #20
7e1dae42:	4607      	mov	r7, r0
7e1dae44:	b10c      	cbz	r4, 7e1dae4a <__d2b+0x26>
7e1dae46:	f443 1380 	orr.w	r3, r3, #1048576	; 0x100000
7e1dae4a:	f1b8 0200 	subs.w	r2, r8, #0
7e1dae4e:	9301      	str	r3, [sp, #4]
7e1dae50:	d024      	beq.n	7e1dae9c <__d2b+0x78>
7e1dae52:	4668      	mov	r0, sp
7e1dae54:	9200      	str	r2, [sp, #0]
7e1dae56:	f7ff fd39 	bl	7e1da8cc <__lo0bits>
7e1dae5a:	b9a0      	cbnz	r0, 7e1dae86 <__d2b+0x62>
7e1dae5c:	e9dd 2300 	ldrd	r2, r3, [sp]
7e1dae60:	617a      	str	r2, [r7, #20]
7e1dae62:	2b00      	cmp	r3, #0
7e1dae64:	61bb      	str	r3, [r7, #24]
7e1dae66:	bf14      	ite	ne
7e1dae68:	2102      	movne	r1, #2
7e1dae6a:	2101      	moveq	r1, #1
7e1dae6c:	6139      	str	r1, [r7, #16]
7e1dae6e:	b1fc      	cbz	r4, 7e1daeb0 <__d2b+0x8c>
7e1dae70:	f2a4 4433 	subw	r4, r4, #1075	; 0x433
7e1dae74:	f1c0 0335 	rsb	r3, r0, #53	; 0x35
7e1dae78:	4404      	add	r4, r0
7e1dae7a:	4638      	mov	r0, r7
7e1dae7c:	6034      	str	r4, [r6, #0]
7e1dae7e:	602b      	str	r3, [r5, #0]
7e1dae80:	b002      	add	sp, #8
7e1dae82:	e8bd 81f0 	ldmia.w	sp!, {r4, r5, r6, r7, r8, pc}
7e1dae86:	9b01      	ldr	r3, [sp, #4]
7e1dae88:	f1c0 0220 	rsb	r2, r0, #32
7e1dae8c:	9900      	ldr	r1, [sp, #0]
7e1dae8e:	fa03 f202 	lsl.w	r2, r3, r2
7e1dae92:	40c3      	lsrs	r3, r0
7e1dae94:	430a      	orrs	r2, r1
7e1dae96:	9301      	str	r3, [sp, #4]
7e1dae98:	617a      	str	r2, [r7, #20]
7e1dae9a:	e7e2      	b.n	7e1dae62 <__d2b+0x3e>
7e1dae9c:	a801      	add	r0, sp, #4
7e1dae9e:	f7ff fd15 	bl	7e1da8cc <__lo0bits>
7e1daea2:	9b01      	ldr	r3, [sp, #4]
7e1daea4:	2101      	movs	r1, #1
7e1daea6:	e9c7 1304 	strd	r1, r3, [r7, #16]
7e1daeaa:	3020      	adds	r0, #32
7e1daeac:	2c00      	cmp	r4, #0
7e1daeae:	d1df      	bne.n	7e1dae70 <__d2b+0x4c>
7e1daeb0:	eb07 0381 	add.w	r3, r7, r1, lsl #2
7e1daeb4:	f2a0 4032 	subw	r0, r0, #1074	; 0x432
7e1daeb8:	6030      	str	r0, [r6, #0]
7e1daeba:	6918      	ldr	r0, [r3, #16]
7e1daebc:	f7ff fce6 	bl	7e1da88c <__hi0bits>
7e1daec0:	ebc0 1041 	rsb	r0, r0, r1, lsl #5
7e1daec4:	6028      	str	r0, [r5, #0]
7e1daec6:	4638      	mov	r0, r7
7e1daec8:	b002      	add	sp, #8
7e1daeca:	e8bd 81f0 	ldmia.w	sp!, {r4, r5, r6, r7, r8, pc}
7e1daece:	bf00      	nop

7e1daed0 <__ratio>:
7e1daed0:	e92d 4ff0 	stmdb	sp!, {r4, r5, r6, r7, r8, r9, sl, fp, lr}
7e1daed4:	b083      	sub	sp, #12
7e1daed6:	468a      	mov	sl, r1
7e1daed8:	4683      	mov	fp, r0
7e1daeda:	4669      	mov	r1, sp
7e1daedc:	f7ff ff40 	bl	7e1dad60 <__b2d>
7e1daee0:	4604      	mov	r4, r0
7e1daee2:	460d      	mov	r5, r1
7e1daee4:	4650      	mov	r0, sl
7e1daee6:	a901      	add	r1, sp, #4
7e1daee8:	f7ff ff3a 	bl	7e1dad60 <__b2d>
7e1daeec:	f8db 2010 	ldr.w	r2, [fp, #16]
7e1daef0:	4680      	mov	r8, r0
7e1daef2:	f8da 0010 	ldr.w	r0, [sl, #16]
7e1daef6:	4689      	mov	r9, r1
7e1daef8:	e9dd 1300 	ldrd	r1, r3, [sp]
7e1daefc:	1a12      	subs	r2, r2, r0
7e1daefe:	1acb      	subs	r3, r1, r3
7e1daf00:	eb03 1342 	add.w	r3, r3, r2, lsl #5
7e1daf04:	2b00      	cmp	r3, #0
7e1daf06:	dd0b      	ble.n	7e1daf20 <__ratio+0x50>
7e1daf08:	eb05 5703 	add.w	r7, r5, r3, lsl #20
7e1daf0c:	463d      	mov	r5, r7
7e1daf0e:	4642      	mov	r2, r8
7e1daf10:	464b      	mov	r3, r9
7e1daf12:	4620      	mov	r0, r4
7e1daf14:	4629      	mov	r1, r5
7e1daf16:	f000 fc51 	bl	7e1db7bc <__aeabi_ddiv>
7e1daf1a:	b003      	add	sp, #12
7e1daf1c:	e8bd 8ff0 	ldmia.w	sp!, {r4, r5, r6, r7, r8, r9, sl, fp, pc}
7e1daf20:	eba9 5103 	sub.w	r1, r9, r3, lsl #20
7e1daf24:	4689      	mov	r9, r1
7e1daf26:	e7f2      	b.n	7e1daf0e <__ratio+0x3e>

7e1daf28 <__copybits>:
7e1daf28:	b470      	push	{r4, r5, r6}
7e1daf2a:	3901      	subs	r1, #1
7e1daf2c:	6914      	ldr	r4, [r2, #16]
7e1daf2e:	f102 0314 	add.w	r3, r2, #20
7e1daf32:	1149      	asrs	r1, r1, #5
7e1daf34:	1c4e      	adds	r6, r1, #1
7e1daf36:	eb03 0184 	add.w	r1, r3, r4, lsl #2
7e1daf3a:	428b      	cmp	r3, r1
7e1daf3c:	eb00 0686 	add.w	r6, r0, r6, lsl #2
7e1daf40:	d20c      	bcs.n	7e1daf5c <__copybits+0x34>
7e1daf42:	1f04      	subs	r4, r0, #4
7e1daf44:	f853 5b04 	ldr.w	r5, [r3], #4
7e1daf48:	4299      	cmp	r1, r3
7e1daf4a:	f844 5f04 	str.w	r5, [r4, #4]!
7e1daf4e:	d8f9      	bhi.n	7e1daf44 <__copybits+0x1c>
7e1daf50:	1a8b      	subs	r3, r1, r2
7e1daf52:	3b15      	subs	r3, #21
7e1daf54:	f023 0303 	bic.w	r3, r3, #3
7e1daf58:	3304      	adds	r3, #4
7e1daf5a:	4418      	add	r0, r3
7e1daf5c:	4286      	cmp	r6, r0
7e1daf5e:	d904      	bls.n	7e1daf6a <__copybits+0x42>
7e1daf60:	2300      	movs	r3, #0
7e1daf62:	f840 3b04 	str.w	r3, [r0], #4
7e1daf66:	4286      	cmp	r6, r0
7e1daf68:	d8fb      	bhi.n	7e1daf62 <__copybits+0x3a>
7e1daf6a:	bc70      	pop	{r4, r5, r6}
7e1daf6c:	4770      	bx	lr
7e1daf6e:	bf00      	nop

7e1daf70 <__any_on>:
7e1daf70:	6903      	ldr	r3, [r0, #16]
7e1daf72:	114a      	asrs	r2, r1, #5
7e1daf74:	b410      	push	{r4}
7e1daf76:	4293      	cmp	r3, r2
7e1daf78:	f100 0414 	add.w	r4, r0, #20
7e1daf7c:	bfb8      	it	lt
7e1daf7e:	eb04 0383 	addlt.w	r3, r4, r3, lsl #2
7e1daf82:	db02      	blt.n	7e1daf8a <__any_on+0x1a>
7e1daf84:	eb04 0382 	add.w	r3, r4, r2, lsl #2
7e1daf88:	dc0d      	bgt.n	7e1dafa6 <__any_on+0x36>
7e1daf8a:	429c      	cmp	r4, r3
7e1daf8c:	d219      	bcs.n	7e1dafc2 <__any_on+0x52>
7e1daf8e:	f853 0c04 	ldr.w	r0, [r3, #-4]
7e1daf92:	3b04      	subs	r3, #4
7e1daf94:	b118      	cbz	r0, 7e1daf9e <__any_on+0x2e>
7e1daf96:	e011      	b.n	7e1dafbc <__any_on+0x4c>
7e1daf98:	f853 2d04 	ldr.w	r2, [r3, #-4]!
7e1daf9c:	b972      	cbnz	r2, 7e1dafbc <__any_on+0x4c>
7e1daf9e:	429c      	cmp	r4, r3
7e1dafa0:	d3fa      	bcc.n	7e1daf98 <__any_on+0x28>
7e1dafa2:	bc10      	pop	{r4}
7e1dafa4:	4770      	bx	lr
7e1dafa6:	f011 011f 	ands.w	r1, r1, #31
7e1dafaa:	d0ee      	beq.n	7e1daf8a <__any_on+0x1a>
7e1dafac:	f854 0022 	ldr.w	r0, [r4, r2, lsl #2]
7e1dafb0:	fa20 f201 	lsr.w	r2, r0, r1
7e1dafb4:	fa02 f101 	lsl.w	r1, r2, r1
7e1dafb8:	4288      	cmp	r0, r1
7e1dafba:	d0e6      	beq.n	7e1daf8a <__any_on+0x1a>
7e1dafbc:	2001      	movs	r0, #1
7e1dafbe:	bc10      	pop	{r4}
7e1dafc0:	4770      	bx	lr
7e1dafc2:	2000      	movs	r0, #0
7e1dafc4:	e7ed      	b.n	7e1dafa2 <__any_on+0x32>
7e1dafc6:	bf00      	nop

7e1dafc8 <frexp>:
7e1dafc8:	b5f8      	push	{r3, r4, r5, r6, r7, lr}
7e1dafca:	f64f 7cff 	movw	ip, #65535	; 0xffff
7e1dafce:	f021 4300 	bic.w	r3, r1, #2147483648	; 0x80000000
7e1dafd2:	f6c7 7cef 	movt	ip, #32751	; 0x7fef
7e1dafd6:	4563      	cmp	r3, ip
7e1dafd8:	f04f 0700 	mov.w	r7, #0
7e1dafdc:	4604      	mov	r4, r0
7e1dafde:	460d      	mov	r5, r1
7e1dafe0:	4616      	mov	r6, r2
7e1dafe2:	6017      	str	r7, [r2, #0]
7e1dafe4:	dc25      	bgt.n	7e1db032 <frexp+0x6a>
7e1dafe6:	4684      	mov	ip, r0
7e1dafe8:	ea53 0c0c 	orrs.w	ip, r3, ip
7e1dafec:	d021      	beq.n	7e1db032 <frexp+0x6a>
7e1dafee:	46bc      	mov	ip, r7
7e1daff0:	f6c7 7cf0 	movt	ip, #32752	; 0x7ff0
7e1daff4:	ea01 0c0c 	and.w	ip, r1, ip
7e1daff8:	460a      	mov	r2, r1
7e1daffa:	f1bc 0f00 	cmp.w	ip, #0
7e1daffe:	d10b      	bne.n	7e1db018 <frexp+0x50>
7e1db000:	2200      	movs	r2, #0
7e1db002:	2300      	movs	r3, #0
7e1db004:	f2c4 3350 	movt	r3, #17232	; 0x4350
7e1db008:	f06f 0735 	mvn.w	r7, #53	; 0x35
7e1db00c:	f000 faac 	bl	7e1db568 <__aeabi_dmul>
7e1db010:	f021 4300 	bic.w	r3, r1, #2147483648	; 0x80000000
7e1db014:	4604      	mov	r4, r0
7e1db016:	460a      	mov	r2, r1
7e1db018:	f022 42ff 	bic.w	r2, r2, #2139095040	; 0x7f800000
7e1db01c:	151b      	asrs	r3, r3, #20
7e1db01e:	f422 02e0 	bic.w	r2, r2, #7340032	; 0x700000
7e1db022:	f2a3 33fe 	subw	r3, r3, #1022	; 0x3fe
7e1db026:	f042 557f 	orr.w	r5, r2, #1069547520	; 0x3fc00000
7e1db02a:	443b      	add	r3, r7
7e1db02c:	f445 1500 	orr.w	r5, r5, #2097152	; 0x200000
7e1db030:	6033      	str	r3, [r6, #0]
7e1db032:	4620      	mov	r0, r4
7e1db034:	4629      	mov	r1, r5
7e1db036:	bdf8      	pop	{r3, r4, r5, r6, r7, pc}

7e1db038 <strnlen>:
7e1db038:	b1c9      	cbz	r1, 7e1db06e <strnlen+0x36>
7e1db03a:	7802      	ldrb	r2, [r0, #0]
7e1db03c:	b1ca      	cbz	r2, 7e1db072 <strnlen+0x3a>
7e1db03e:	1c43      	adds	r3, r0, #1
7e1db040:	4401      	add	r1, r0
7e1db042:	4299      	cmp	r1, r3
7e1db044:	461a      	mov	r2, r3
7e1db046:	f103 0301 	add.w	r3, r3, #1
7e1db04a:	d014      	beq.n	7e1db076 <strnlen+0x3e>
7e1db04c:	b410      	push	{r4}
7e1db04e:	7814      	ldrb	r4, [r2, #0]
7e1db050:	b13c      	cbz	r4, 7e1db062 <strnlen+0x2a>
7e1db052:	4299      	cmp	r1, r3
7e1db054:	461a      	mov	r2, r3
7e1db056:	f103 0301 	add.w	r3, r3, #1
7e1db05a:	d005      	beq.n	7e1db068 <strnlen+0x30>
7e1db05c:	7814      	ldrb	r4, [r2, #0]
7e1db05e:	2c00      	cmp	r4, #0
7e1db060:	d1f7      	bne.n	7e1db052 <strnlen+0x1a>
7e1db062:	1a10      	subs	r0, r2, r0
7e1db064:	bc10      	pop	{r4}
7e1db066:	4770      	bx	lr
7e1db068:	1a08      	subs	r0, r1, r0
7e1db06a:	bc10      	pop	{r4}
7e1db06c:	4770      	bx	lr
7e1db06e:	4608      	mov	r0, r1
7e1db070:	4770      	bx	lr
7e1db072:	4610      	mov	r0, r2
7e1db074:	4770      	bx	lr
7e1db076:	1a08      	subs	r0, r1, r0
7e1db078:	4770      	bx	lr
7e1db07a:	bf00      	nop

7e1db07c <__ssprint_r>:
7e1db07c:	6893      	ldr	r3, [r2, #8]
7e1db07e:	e92d 4ff0 	stmdb	sp!, {r4, r5, r6, r7, r8, r9, sl, fp, lr}
7e1db082:	4692      	mov	sl, r2
7e1db084:	b083      	sub	sp, #12
7e1db086:	2b00      	cmp	r3, #0
7e1db088:	d06e      	beq.n	7e1db168 <__ssprint_r+0xec>
7e1db08a:	6817      	ldr	r7, [r2, #0]
7e1db08c:	4681      	mov	r9, r0
7e1db08e:	460c      	mov	r4, r1
7e1db090:	6808      	ldr	r0, [r1, #0]
7e1db092:	3708      	adds	r7, #8
7e1db094:	688d      	ldr	r5, [r1, #8]
7e1db096:	e042      	b.n	7e1db11e <__ssprint_r+0xa2>
7e1db098:	89a3      	ldrh	r3, [r4, #12]
7e1db09a:	f413 6f90 	tst.w	r3, #1152	; 0x480
7e1db09e:	d02d      	beq.n	7e1db0fc <__ssprint_r+0x80>
7e1db0a0:	e9d4 1204 	ldrd	r1, r2, [r4, #16]
7e1db0a4:	1a45      	subs	r5, r0, r1
7e1db0a6:	eb02 0242 	add.w	r2, r2, r2, lsl #1
7e1db0aa:	eb05 0806 	add.w	r8, r5, r6
7e1db0ae:	f108 0801 	add.w	r8, r8, #1
7e1db0b2:	eb02 72d2 	add.w	r2, r2, r2, lsr #31
7e1db0b6:	1052      	asrs	r2, r2, #1
7e1db0b8:	4590      	cmp	r8, r2
7e1db0ba:	bf94      	ite	ls
7e1db0bc:	4690      	movls	r8, r2
7e1db0be:	4642      	movhi	r2, r8
7e1db0c0:	055b      	lsls	r3, r3, #21
7e1db0c2:	d538      	bpl.n	7e1db136 <__ssprint_r+0xba>
7e1db0c4:	4611      	mov	r1, r2
7e1db0c6:	4648      	mov	r0, r9
7e1db0c8:	f7f9 fc4e 	bl	7e1d4968 <_malloc_r>
7e1db0cc:	2800      	cmp	r0, #0
7e1db0ce:	d03c      	beq.n	7e1db14a <__ssprint_r+0xce>
7e1db0d0:	462a      	mov	r2, r5
7e1db0d2:	6921      	ldr	r1, [r4, #16]
7e1db0d4:	9001      	str	r0, [sp, #4]
7e1db0d6:	f7f9 ff49 	bl	7e1d4f6c <memcpy>
7e1db0da:	89a2      	ldrh	r2, [r4, #12]
7e1db0dc:	9b01      	ldr	r3, [sp, #4]
7e1db0de:	f422 6290 	bic.w	r2, r2, #1152	; 0x480
7e1db0e2:	f042 0280 	orr.w	r2, r2, #128	; 0x80
7e1db0e6:	81a2      	strh	r2, [r4, #12]
7e1db0e8:	1958      	adds	r0, r3, r5
7e1db0ea:	f8c4 8014 	str.w	r8, [r4, #20]
7e1db0ee:	eba8 0505 	sub.w	r5, r8, r5
7e1db0f2:	46b0      	mov	r8, r6
7e1db0f4:	60a5      	str	r5, [r4, #8]
7e1db0f6:	4635      	mov	r5, r6
7e1db0f8:	6123      	str	r3, [r4, #16]
7e1db0fa:	6020      	str	r0, [r4, #0]
7e1db0fc:	4642      	mov	r2, r8
7e1db0fe:	4659      	mov	r1, fp
7e1db100:	f7f9 ffaa 	bl	7e1d5058 <memmove>
7e1db104:	f8da 2008 	ldr.w	r2, [sl, #8]
7e1db108:	68a3      	ldr	r3, [r4, #8]
7e1db10a:	6820      	ldr	r0, [r4, #0]
7e1db10c:	1b96      	subs	r6, r2, r6
7e1db10e:	1b5d      	subs	r5, r3, r5
7e1db110:	60a5      	str	r5, [r4, #8]
7e1db112:	4440      	add	r0, r8
7e1db114:	6020      	str	r0, [r4, #0]
7e1db116:	f8ca 6008 	str.w	r6, [sl, #8]
7e1db11a:	b32e      	cbz	r6, 7e1db168 <__ssprint_r+0xec>
7e1db11c:	3708      	adds	r7, #8
7e1db11e:	f857 6c04 	ldr.w	r6, [r7, #-4]
7e1db122:	46a8      	mov	r8, r5
7e1db124:	f857 bc08 	ldr.w	fp, [r7, #-8]
7e1db128:	2e00      	cmp	r6, #0
7e1db12a:	d0f7      	beq.n	7e1db11c <__ssprint_r+0xa0>
7e1db12c:	42ae      	cmp	r6, r5
7e1db12e:	d2b3      	bcs.n	7e1db098 <__ssprint_r+0x1c>
7e1db130:	4635      	mov	r5, r6
7e1db132:	46b0      	mov	r8, r6
7e1db134:	e7e2      	b.n	7e1db0fc <__ssprint_r+0x80>
7e1db136:	4648      	mov	r0, r9
7e1db138:	f7fa f852 	bl	7e1d51e0 <_realloc_r>
7e1db13c:	4603      	mov	r3, r0
7e1db13e:	2800      	cmp	r0, #0
7e1db140:	d1d2      	bne.n	7e1db0e8 <__ssprint_r+0x6c>
7e1db142:	6921      	ldr	r1, [r4, #16]
7e1db144:	4648      	mov	r0, r9
7e1db146:	f7fe fd9b 	bl	7e1d9c80 <_free_r>
7e1db14a:	230c      	movs	r3, #12
7e1db14c:	f8c9 3000 	str.w	r3, [r9]
7e1db150:	89a3      	ldrh	r3, [r4, #12]
7e1db152:	f04f 30ff 	mov.w	r0, #4294967295
7e1db156:	2200      	movs	r2, #0
7e1db158:	f043 0340 	orr.w	r3, r3, #64	; 0x40
7e1db15c:	81a3      	strh	r3, [r4, #12]
7e1db15e:	e9ca 2201 	strd	r2, r2, [sl, #4]
7e1db162:	b003      	add	sp, #12
7e1db164:	e8bd 8ff0 	ldmia.w	sp!, {r4, r5, r6, r7, r8, r9, sl, fp, pc}
7e1db168:	2000      	movs	r0, #0
7e1db16a:	f8ca 0004 	str.w	r0, [sl, #4]
7e1db16e:	b003      	add	sp, #12
7e1db170:	e8bd 8ff0 	ldmia.w	sp!, {r4, r5, r6, r7, r8, r9, sl, fp, pc}

7e1db174 <__ascii_wctomb>:
7e1db174:	b141      	cbz	r1, 7e1db188 <__ascii_wctomb+0x14>
7e1db176:	2aff      	cmp	r2, #255	; 0xff
7e1db178:	bf95      	itete	ls
7e1db17a:	700a      	strbls	r2, [r1, #0]
7e1db17c:	f04f 31ff 	movhi.w	r1, #4294967295
7e1db180:	2101      	movls	r1, #1
7e1db182:	238a      	movhi	r3, #138	; 0x8a
7e1db184:	bf88      	it	hi
7e1db186:	6003      	strhi	r3, [r0, #0]
7e1db188:	4608      	mov	r0, r1
7e1db18a:	4770      	bx	lr

7e1db18c <_calloc_r>:
7e1db18c:	b510      	push	{r4, lr}
7e1db18e:	fb02 f101 	mul.w	r1, r2, r1
7e1db192:	f7f9 fbe9 	bl	7e1d4968 <_malloc_r>
7e1db196:	4604      	mov	r4, r0
7e1db198:	b170      	cbz	r0, 7e1db1b8 <_calloc_r+0x2c>
7e1db19a:	f850 2c04 	ldr.w	r2, [r0, #-4]
7e1db19e:	f022 0203 	bic.w	r2, r2, #3
7e1db1a2:	3a04      	subs	r2, #4
7e1db1a4:	2a24      	cmp	r2, #36	; 0x24
7e1db1a6:	d81d      	bhi.n	7e1db1e4 <_calloc_r+0x58>
7e1db1a8:	2a13      	cmp	r2, #19
7e1db1aa:	bf98      	it	ls
7e1db1ac:	4602      	movls	r2, r0
7e1db1ae:	d805      	bhi.n	7e1db1bc <_calloc_r+0x30>
7e1db1b0:	2300      	movs	r3, #0
7e1db1b2:	e9c2 3300 	strd	r3, r3, [r2]
7e1db1b6:	6093      	str	r3, [r2, #8]
7e1db1b8:	4620      	mov	r0, r4
7e1db1ba:	bd10      	pop	{r4, pc}
7e1db1bc:	2a1b      	cmp	r2, #27
7e1db1be:	f04f 0300 	mov.w	r3, #0
7e1db1c2:	bf98      	it	ls
7e1db1c4:	f100 0208 	addls.w	r2, r0, #8
7e1db1c8:	e9c0 3300 	strd	r3, r3, [r0]
7e1db1cc:	d9f0      	bls.n	7e1db1b0 <_calloc_r+0x24>
7e1db1ce:	2a24      	cmp	r2, #36	; 0x24
7e1db1d0:	e9c0 3302 	strd	r3, r3, [r0, #8]
7e1db1d4:	bf11      	iteee	ne
7e1db1d6:	f100 0210 	addne.w	r2, r0, #16
7e1db1da:	6103      	streq	r3, [r0, #16]
7e1db1dc:	f100 0218 	addeq.w	r2, r0, #24
7e1db1e0:	6143      	streq	r3, [r0, #20]
7e1db1e2:	e7e5      	b.n	7e1db1b0 <_calloc_r+0x24>
7e1db1e4:	2100      	movs	r1, #0
7e1db1e6:	f7f9 ff9f 	bl	7e1d5128 <memset>
7e1db1ea:	4620      	mov	r0, r4
7e1db1ec:	bd10      	pop	{r4, pc}
7e1db1ee:	bf00      	nop

7e1db1f0 <__aeabi_drsub>:
7e1db1f0:	f081 4100 	eor.w	r1, r1, #2147483648	; 0x80000000
7e1db1f4:	e002      	b.n	7e1db1fc <__adddf3>
7e1db1f6:	bf00      	nop

7e1db1f8 <__aeabi_dsub>:
7e1db1f8:	f083 4300 	eor.w	r3, r3, #2147483648	; 0x80000000

7e1db1fc <__adddf3>:
7e1db1fc:	b530      	push	{r4, r5, lr}
7e1db1fe:	ea4f 0441 	mov.w	r4, r1, lsl #1
7e1db202:	ea4f 0543 	mov.w	r5, r3, lsl #1
7e1db206:	ea94 0f05 	teq	r4, r5
7e1db20a:	bf08      	it	eq
7e1db20c:	ea90 0f02 	teqeq	r0, r2
7e1db210:	bf1f      	itttt	ne
7e1db212:	ea54 0c00 	orrsne.w	ip, r4, r0
7e1db216:	ea55 0c02 	orrsne.w	ip, r5, r2
7e1db21a:	ea7f 5c64 	mvnsne.w	ip, r4, asr #21
7e1db21e:	ea7f 5c65 	mvnsne.w	ip, r5, asr #21
7e1db222:	f000 80e2 	beq.w	7e1db3ea <__adddf3+0x1ee>
7e1db226:	ea4f 5454 	mov.w	r4, r4, lsr #21
7e1db22a:	ebd4 5555 	rsbs	r5, r4, r5, lsr #21
7e1db22e:	bfb8      	it	lt
7e1db230:	426d      	neglt	r5, r5
7e1db232:	dd0c      	ble.n	7e1db24e <__adddf3+0x52>
7e1db234:	442c      	add	r4, r5
7e1db236:	ea80 0202 	eor.w	r2, r0, r2
7e1db23a:	ea81 0303 	eor.w	r3, r1, r3
7e1db23e:	ea82 0000 	eor.w	r0, r2, r0
7e1db242:	ea83 0101 	eor.w	r1, r3, r1
7e1db246:	ea80 0202 	eor.w	r2, r0, r2
7e1db24a:	ea81 0303 	eor.w	r3, r1, r3
7e1db24e:	2d36      	cmp	r5, #54	; 0x36
7e1db250:	bf88      	it	hi
7e1db252:	bd30      	pophi	{r4, r5, pc}
7e1db254:	f011 4f00 	tst.w	r1, #2147483648	; 0x80000000
7e1db258:	ea4f 3101 	mov.w	r1, r1, lsl #12
7e1db25c:	f44f 1c80 	mov.w	ip, #1048576	; 0x100000
7e1db260:	ea4c 3111 	orr.w	r1, ip, r1, lsr #12
7e1db264:	d002      	beq.n	7e1db26c <__adddf3+0x70>
7e1db266:	4240      	negs	r0, r0
7e1db268:	eb61 0141 	sbc.w	r1, r1, r1, lsl #1
7e1db26c:	f013 4f00 	tst.w	r3, #2147483648	; 0x80000000
7e1db270:	ea4f 3303 	mov.w	r3, r3, lsl #12
7e1db274:	ea4c 3313 	orr.w	r3, ip, r3, lsr #12
7e1db278:	d002      	beq.n	7e1db280 <__adddf3+0x84>
7e1db27a:	4252      	negs	r2, r2
7e1db27c:	eb63 0343 	sbc.w	r3, r3, r3, lsl #1
7e1db280:	ea94 0f05 	teq	r4, r5
7e1db284:	f000 80a7 	beq.w	7e1db3d6 <__adddf3+0x1da>
7e1db288:	f1a4 0401 	sub.w	r4, r4, #1
7e1db28c:	f1d5 0e20 	rsbs	lr, r5, #32
7e1db290:	db0d      	blt.n	7e1db2ae <__adddf3+0xb2>
7e1db292:	fa02 fc0e 	lsl.w	ip, r2, lr
7e1db296:	fa22 f205 	lsr.w	r2, r2, r5
7e1db29a:	1880      	adds	r0, r0, r2
7e1db29c:	f141 0100 	adc.w	r1, r1, #0
7e1db2a0:	fa03 f20e 	lsl.w	r2, r3, lr
7e1db2a4:	1880      	adds	r0, r0, r2
7e1db2a6:	fa43 f305 	asr.w	r3, r3, r5
7e1db2aa:	4159      	adcs	r1, r3
7e1db2ac:	e00e      	b.n	7e1db2cc <__adddf3+0xd0>
7e1db2ae:	f1a5 0520 	sub.w	r5, r5, #32
7e1db2b2:	f10e 0e20 	add.w	lr, lr, #32
7e1db2b6:	2a01      	cmp	r2, #1
7e1db2b8:	fa03 fc0e 	lsl.w	ip, r3, lr
7e1db2bc:	bf28      	it	cs
7e1db2be:	f04c 0c02 	orrcs.w	ip, ip, #2
7e1db2c2:	fa43 f305 	asr.w	r3, r3, r5
7e1db2c6:	18c0      	adds	r0, r0, r3
7e1db2c8:	eb51 71e3 	adcs.w	r1, r1, r3, asr #31
7e1db2cc:	f001 4500 	and.w	r5, r1, #2147483648	; 0x80000000
7e1db2d0:	d507      	bpl.n	7e1db2e2 <__adddf3+0xe6>
7e1db2d2:	f04f 0e00 	mov.w	lr, #0
7e1db2d6:	f1dc 0c00 	rsbs	ip, ip, #0
7e1db2da:	eb7e 0000 	sbcs.w	r0, lr, r0
7e1db2de:	eb6e 0101 	sbc.w	r1, lr, r1
7e1db2e2:	f5b1 1f80 	cmp.w	r1, #1048576	; 0x100000
7e1db2e6:	d31b      	bcc.n	7e1db320 <__adddf3+0x124>
7e1db2e8:	f5b1 1f00 	cmp.w	r1, #2097152	; 0x200000
7e1db2ec:	d30c      	bcc.n	7e1db308 <__adddf3+0x10c>
7e1db2ee:	0849      	lsrs	r1, r1, #1
7e1db2f0:	ea5f 0030 	movs.w	r0, r0, rrx
7e1db2f4:	ea4f 0c3c 	mov.w	ip, ip, rrx
7e1db2f8:	f104 0401 	add.w	r4, r4, #1
7e1db2fc:	ea4f 5244 	mov.w	r2, r4, lsl #21
7e1db300:	f512 0f80 	cmn.w	r2, #4194304	; 0x400000
7e1db304:	f080 809a 	bcs.w	7e1db43c <__adddf3+0x240>
7e1db308:	f1bc 4f00 	cmp.w	ip, #2147483648	; 0x80000000
7e1db30c:	bf08      	it	eq
7e1db30e:	ea5f 0c50 	movseq.w	ip, r0, lsr #1
7e1db312:	f150 0000 	adcs.w	r0, r0, #0
7e1db316:	eb41 5104 	adc.w	r1, r1, r4, lsl #20
7e1db31a:	ea41 0105 	orr.w	r1, r1, r5
7e1db31e:	bd30      	pop	{r4, r5, pc}
7e1db320:	ea5f 0c4c 	movs.w	ip, ip, lsl #1
7e1db324:	4140      	adcs	r0, r0
7e1db326:	eb41 0101 	adc.w	r1, r1, r1
7e1db32a:	f411 1f80 	tst.w	r1, #1048576	; 0x100000
7e1db32e:	f1a4 0401 	sub.w	r4, r4, #1
7e1db332:	d1e9      	bne.n	7e1db308 <__adddf3+0x10c>
7e1db334:	f091 0f00 	teq	r1, #0
7e1db338:	bf04      	itt	eq
7e1db33a:	4601      	moveq	r1, r0
7e1db33c:	2000      	moveq	r0, #0
7e1db33e:	fab1 f381 	clz	r3, r1
7e1db342:	bf08      	it	eq
7e1db344:	3320      	addeq	r3, #32
7e1db346:	f1a3 030b 	sub.w	r3, r3, #11
7e1db34a:	f1b3 0220 	subs.w	r2, r3, #32
7e1db34e:	da0c      	bge.n	7e1db36a <__adddf3+0x16e>
7e1db350:	320c      	adds	r2, #12
7e1db352:	dd08      	ble.n	7e1db366 <__adddf3+0x16a>
7e1db354:	f102 0c14 	add.w	ip, r2, #20
7e1db358:	f1c2 020c 	rsb	r2, r2, #12
7e1db35c:	fa01 f00c 	lsl.w	r0, r1, ip
7e1db360:	fa21 f102 	lsr.w	r1, r1, r2
7e1db364:	e00c      	b.n	7e1db380 <__adddf3+0x184>
7e1db366:	f102 0214 	add.w	r2, r2, #20
7e1db36a:	bfd8      	it	le
7e1db36c:	f1c2 0c20 	rsble	ip, r2, #32
7e1db370:	fa01 f102 	lsl.w	r1, r1, r2
7e1db374:	fa20 fc0c 	lsr.w	ip, r0, ip
7e1db378:	bfdc      	itt	le
7e1db37a:	ea41 010c 	orrle.w	r1, r1, ip
7e1db37e:	4090      	lslle	r0, r2
7e1db380:	1ae4      	subs	r4, r4, r3
7e1db382:	bfa2      	ittt	ge
7e1db384:	eb01 5104 	addge.w	r1, r1, r4, lsl #20
7e1db388:	4329      	orrge	r1, r5
7e1db38a:	bd30      	popge	{r4, r5, pc}
7e1db38c:	ea6f 0404 	mvn.w	r4, r4
7e1db390:	3c1f      	subs	r4, #31
7e1db392:	da1c      	bge.n	7e1db3ce <__adddf3+0x1d2>
7e1db394:	340c      	adds	r4, #12
7e1db396:	dc0e      	bgt.n	7e1db3b6 <__adddf3+0x1ba>
7e1db398:	f104 0414 	add.w	r4, r4, #20
7e1db39c:	f1c4 0220 	rsb	r2, r4, #32
7e1db3a0:	fa20 f004 	lsr.w	r0, r0, r4
7e1db3a4:	fa01 f302 	lsl.w	r3, r1, r2
7e1db3a8:	ea40 0003 	orr.w	r0, r0, r3
7e1db3ac:	fa21 f304 	lsr.w	r3, r1, r4
7e1db3b0:	ea45 0103 	orr.w	r1, r5, r3
7e1db3b4:	bd30      	pop	{r4, r5, pc}
7e1db3b6:	f1c4 040c 	rsb	r4, r4, #12
7e1db3ba:	f1c4 0220 	rsb	r2, r4, #32
7e1db3be:	fa20 f002 	lsr.w	r0, r0, r2
7e1db3c2:	fa01 f304 	lsl.w	r3, r1, r4
7e1db3c6:	ea40 0003 	orr.w	r0, r0, r3
7e1db3ca:	4629      	mov	r1, r5
7e1db3cc:	bd30      	pop	{r4, r5, pc}
7e1db3ce:	fa21 f004 	lsr.w	r0, r1, r4
7e1db3d2:	4629      	mov	r1, r5
7e1db3d4:	bd30      	pop	{r4, r5, pc}
7e1db3d6:	f094 0f00 	teq	r4, #0
7e1db3da:	f483 1380 	eor.w	r3, r3, #1048576	; 0x100000
7e1db3de:	bf06      	itte	eq
7e1db3e0:	f481 1180 	eoreq.w	r1, r1, #1048576	; 0x100000
7e1db3e4:	3401      	addeq	r4, #1
7e1db3e6:	3d01      	subne	r5, #1
7e1db3e8:	e74e      	b.n	7e1db288 <__adddf3+0x8c>
7e1db3ea:	ea7f 5c64 	mvns.w	ip, r4, asr #21
7e1db3ee:	bf18      	it	ne
7e1db3f0:	ea7f 5c65 	mvnsne.w	ip, r5, asr #21
7e1db3f4:	d029      	beq.n	7e1db44a <__adddf3+0x24e>
7e1db3f6:	ea94 0f05 	teq	r4, r5
7e1db3fa:	bf08      	it	eq
7e1db3fc:	ea90 0f02 	teqeq	r0, r2
7e1db400:	d005      	beq.n	7e1db40e <__adddf3+0x212>
7e1db402:	ea54 0c00 	orrs.w	ip, r4, r0
7e1db406:	bf04      	itt	eq
7e1db408:	4619      	moveq	r1, r3
7e1db40a:	4610      	moveq	r0, r2
7e1db40c:	bd30      	pop	{r4, r5, pc}
7e1db40e:	ea91 0f03 	teq	r1, r3
7e1db412:	bf1e      	ittt	ne
7e1db414:	2100      	movne	r1, #0
7e1db416:	2000      	movne	r0, #0
7e1db418:	bd30      	popne	{r4, r5, pc}
7e1db41a:	ea5f 5c54 	movs.w	ip, r4, lsr #21
7e1db41e:	d105      	bne.n	7e1db42c <__adddf3+0x230>
7e1db420:	0040      	lsls	r0, r0, #1
7e1db422:	4149      	adcs	r1, r1
7e1db424:	bf28      	it	cs
7e1db426:	f041 4100 	orrcs.w	r1, r1, #2147483648	; 0x80000000
7e1db42a:	bd30      	pop	{r4, r5, pc}
7e1db42c:	f514 0480 	adds.w	r4, r4, #4194304	; 0x400000
7e1db430:	bf3c      	itt	cc
7e1db432:	f501 1180 	addcc.w	r1, r1, #1048576	; 0x100000
7e1db436:	bd30      	popcc	{r4, r5, pc}
7e1db438:	f001 4500 	and.w	r5, r1, #2147483648	; 0x80000000
7e1db43c:	f045 41fe 	orr.w	r1, r5, #2130706432	; 0x7f000000
7e1db440:	f441 0170 	orr.w	r1, r1, #15728640	; 0xf00000
7e1db444:	f04f 0000 	mov.w	r0, #0
7e1db448:	bd30      	pop	{r4, r5, pc}
7e1db44a:	ea7f 5c64 	mvns.w	ip, r4, asr #21
7e1db44e:	bf1a      	itte	ne
7e1db450:	4619      	movne	r1, r3
7e1db452:	4610      	movne	r0, r2
7e1db454:	ea7f 5c65 	mvnseq.w	ip, r5, asr #21
7e1db458:	bf1c      	itt	ne
7e1db45a:	460b      	movne	r3, r1
7e1db45c:	4602      	movne	r2, r0
7e1db45e:	ea50 3401 	orrs.w	r4, r0, r1, lsl #12
7e1db462:	bf06      	itte	eq
7e1db464:	ea52 3503 	orrseq.w	r5, r2, r3, lsl #12
7e1db468:	ea91 0f03 	teqeq	r1, r3
7e1db46c:	f441 2100 	orrne.w	r1, r1, #524288	; 0x80000
7e1db470:	bd30      	pop	{r4, r5, pc}
7e1db472:	bf00      	nop

7e1db474 <__aeabi_ui2d>:
7e1db474:	f090 0f00 	teq	r0, #0
7e1db478:	bf04      	itt	eq
7e1db47a:	2100      	moveq	r1, #0
7e1db47c:	4770      	bxeq	lr
7e1db47e:	b530      	push	{r4, r5, lr}
7e1db480:	f44f 6480 	mov.w	r4, #1024	; 0x400
7e1db484:	f104 0432 	add.w	r4, r4, #50	; 0x32
7e1db488:	f04f 0500 	mov.w	r5, #0
7e1db48c:	f04f 0100 	mov.w	r1, #0
7e1db490:	e750      	b.n	7e1db334 <__adddf3+0x138>
7e1db492:	bf00      	nop

7e1db494 <__aeabi_i2d>:
7e1db494:	f090 0f00 	teq	r0, #0
7e1db498:	bf04      	itt	eq
7e1db49a:	2100      	moveq	r1, #0
7e1db49c:	4770      	bxeq	lr
7e1db49e:	b530      	push	{r4, r5, lr}
7e1db4a0:	f44f 6480 	mov.w	r4, #1024	; 0x400
7e1db4a4:	f104 0432 	add.w	r4, r4, #50	; 0x32
7e1db4a8:	f010 4500 	ands.w	r5, r0, #2147483648	; 0x80000000
7e1db4ac:	bf48      	it	mi
7e1db4ae:	4240      	negmi	r0, r0
7e1db4b0:	f04f 0100 	mov.w	r1, #0
7e1db4b4:	e73e      	b.n	7e1db334 <__adddf3+0x138>
7e1db4b6:	bf00      	nop

7e1db4b8 <__aeabi_f2d>:
7e1db4b8:	0042      	lsls	r2, r0, #1
7e1db4ba:	ea4f 01e2 	mov.w	r1, r2, asr #3
7e1db4be:	ea4f 0131 	mov.w	r1, r1, rrx
7e1db4c2:	ea4f 7002 	mov.w	r0, r2, lsl #28
7e1db4c6:	bf1f      	itttt	ne
7e1db4c8:	f012 437f 	andsne.w	r3, r2, #4278190080	; 0xff000000
7e1db4cc:	f093 4f7f 	teqne	r3, #4278190080	; 0xff000000
7e1db4d0:	f081 5160 	eorne.w	r1, r1, #939524096	; 0x38000000
7e1db4d4:	4770      	bxne	lr
7e1db4d6:	f032 427f 	bics.w	r2, r2, #4278190080	; 0xff000000
7e1db4da:	bf08      	it	eq
7e1db4dc:	4770      	bxeq	lr
7e1db4de:	f093 4f7f 	teq	r3, #4278190080	; 0xff000000
7e1db4e2:	bf04      	itt	eq
7e1db4e4:	f441 2100 	orreq.w	r1, r1, #524288	; 0x80000
7e1db4e8:	4770      	bxeq	lr
7e1db4ea:	b530      	push	{r4, r5, lr}
7e1db4ec:	f44f 7460 	mov.w	r4, #896	; 0x380
7e1db4f0:	f001 4500 	and.w	r5, r1, #2147483648	; 0x80000000
7e1db4f4:	f021 4100 	bic.w	r1, r1, #2147483648	; 0x80000000
7e1db4f8:	e71c      	b.n	7e1db334 <__adddf3+0x138>
7e1db4fa:	bf00      	nop

7e1db4fc <__aeabi_ul2d>:
7e1db4fc:	ea50 0201 	orrs.w	r2, r0, r1
7e1db500:	bf08      	it	eq
7e1db502:	4770      	bxeq	lr
7e1db504:	b530      	push	{r4, r5, lr}
7e1db506:	f04f 0500 	mov.w	r5, #0
7e1db50a:	e00a      	b.n	7e1db522 <__aeabi_l2d+0x16>

7e1db50c <__aeabi_l2d>:
7e1db50c:	ea50 0201 	orrs.w	r2, r0, r1
7e1db510:	bf08      	it	eq
7e1db512:	4770      	bxeq	lr
7e1db514:	b530      	push	{r4, r5, lr}
7e1db516:	f011 4500 	ands.w	r5, r1, #2147483648	; 0x80000000
7e1db51a:	d502      	bpl.n	7e1db522 <__aeabi_l2d+0x16>
7e1db51c:	4240      	negs	r0, r0
7e1db51e:	eb61 0141 	sbc.w	r1, r1, r1, lsl #1
7e1db522:	f44f 6480 	mov.w	r4, #1024	; 0x400
7e1db526:	f104 0432 	add.w	r4, r4, #50	; 0x32
7e1db52a:	ea5f 5c91 	movs.w	ip, r1, lsr #22
7e1db52e:	f43f aed8 	beq.w	7e1db2e2 <__adddf3+0xe6>
7e1db532:	f04f 0203 	mov.w	r2, #3
7e1db536:	ea5f 0cdc 	movs.w	ip, ip, lsr #3
7e1db53a:	bf18      	it	ne
7e1db53c:	3203      	addne	r2, #3
7e1db53e:	ea5f 0cdc 	movs.w	ip, ip, lsr #3
7e1db542:	bf18      	it	ne
7e1db544:	3203      	addne	r2, #3
7e1db546:	eb02 02dc 	add.w	r2, r2, ip, lsr #3
7e1db54a:	f1c2 0320 	rsb	r3, r2, #32
7e1db54e:	fa00 fc03 	lsl.w	ip, r0, r3
7e1db552:	fa20 f002 	lsr.w	r0, r0, r2
7e1db556:	fa01 fe03 	lsl.w	lr, r1, r3
7e1db55a:	ea40 000e 	orr.w	r0, r0, lr
7e1db55e:	fa21 f102 	lsr.w	r1, r1, r2
7e1db562:	4414      	add	r4, r2
7e1db564:	e6bd      	b.n	7e1db2e2 <__adddf3+0xe6>
7e1db566:	bf00      	nop

7e1db568 <__aeabi_dmul>:
7e1db568:	b570      	push	{r4, r5, r6, lr}
7e1db56a:	f04f 0cff 	mov.w	ip, #255	; 0xff
7e1db56e:	f44c 6ce0 	orr.w	ip, ip, #1792	; 0x700
7e1db572:	ea1c 5411 	ands.w	r4, ip, r1, lsr #20
7e1db576:	bf1d      	ittte	ne
7e1db578:	ea1c 5513 	andsne.w	r5, ip, r3, lsr #20
7e1db57c:	ea94 0f0c 	teqne	r4, ip
7e1db580:	ea95 0f0c 	teqne	r5, ip
7e1db584:	f000 f8de 	bleq	7e1db744 <__aeabi_dmul+0x1dc>
7e1db588:	442c      	add	r4, r5
7e1db58a:	ea81 0603 	eor.w	r6, r1, r3
7e1db58e:	ea21 514c 	bic.w	r1, r1, ip, lsl #21
7e1db592:	ea23 534c 	bic.w	r3, r3, ip, lsl #21
7e1db596:	ea50 3501 	orrs.w	r5, r0, r1, lsl #12
7e1db59a:	bf18      	it	ne
7e1db59c:	ea52 3503 	orrsne.w	r5, r2, r3, lsl #12
7e1db5a0:	f441 1180 	orr.w	r1, r1, #1048576	; 0x100000
7e1db5a4:	f443 1380 	orr.w	r3, r3, #1048576	; 0x100000
7e1db5a8:	d038      	beq.n	7e1db61c <__aeabi_dmul+0xb4>
7e1db5aa:	fba0 ce02 	umull	ip, lr, r0, r2
7e1db5ae:	f04f 0500 	mov.w	r5, #0
7e1db5b2:	fbe1 e502 	umlal	lr, r5, r1, r2
7e1db5b6:	f006 4200 	and.w	r2, r6, #2147483648	; 0x80000000
7e1db5ba:	fbe0 e503 	umlal	lr, r5, r0, r3
7e1db5be:	f04f 0600 	mov.w	r6, #0
7e1db5c2:	fbe1 5603 	umlal	r5, r6, r1, r3
7e1db5c6:	f09c 0f00 	teq	ip, #0
7e1db5ca:	bf18      	it	ne
7e1db5cc:	f04e 0e01 	orrne.w	lr, lr, #1
7e1db5d0:	f1a4 04ff 	sub.w	r4, r4, #255	; 0xff
7e1db5d4:	f5b6 7f00 	cmp.w	r6, #512	; 0x200
7e1db5d8:	f564 7440 	sbc.w	r4, r4, #768	; 0x300
7e1db5dc:	d204      	bcs.n	7e1db5e8 <__aeabi_dmul+0x80>
7e1db5de:	ea5f 0e4e 	movs.w	lr, lr, lsl #1
7e1db5e2:	416d      	adcs	r5, r5
7e1db5e4:	eb46 0606 	adc.w	r6, r6, r6
7e1db5e8:	ea42 21c6 	orr.w	r1, r2, r6, lsl #11
7e1db5ec:	ea41 5155 	orr.w	r1, r1, r5, lsr #21
7e1db5f0:	ea4f 20c5 	mov.w	r0, r5, lsl #11
7e1db5f4:	ea40 505e 	orr.w	r0, r0, lr, lsr #21
7e1db5f8:	ea4f 2ece 	mov.w	lr, lr, lsl #11
7e1db5fc:	f1b4 0cfd 	subs.w	ip, r4, #253	; 0xfd
7e1db600:	bf88      	it	hi
7e1db602:	f5bc 6fe0 	cmphi.w	ip, #1792	; 0x700
7e1db606:	d81e      	bhi.n	7e1db646 <__aeabi_dmul+0xde>
7e1db608:	f1be 4f00 	cmp.w	lr, #2147483648	; 0x80000000
7e1db60c:	bf08      	it	eq
7e1db60e:	ea5f 0e50 	movseq.w	lr, r0, lsr #1
7e1db612:	f150 0000 	adcs.w	r0, r0, #0
7e1db616:	eb41 5104 	adc.w	r1, r1, r4, lsl #20
7e1db61a:	bd70      	pop	{r4, r5, r6, pc}
7e1db61c:	f006 4600 	and.w	r6, r6, #2147483648	; 0x80000000
7e1db620:	ea46 0101 	orr.w	r1, r6, r1
7e1db624:	ea40 0002 	orr.w	r0, r0, r2
7e1db628:	ea81 0103 	eor.w	r1, r1, r3
7e1db62c:	ebb4 045c 	subs.w	r4, r4, ip, lsr #1
7e1db630:	bfc2      	ittt	gt
7e1db632:	ebd4 050c 	rsbsgt	r5, r4, ip
7e1db636:	ea41 5104 	orrgt.w	r1, r1, r4, lsl #20
7e1db63a:	bd70      	popgt	{r4, r5, r6, pc}
7e1db63c:	f441 1180 	orr.w	r1, r1, #1048576	; 0x100000
7e1db640:	f04f 0e00 	mov.w	lr, #0
7e1db644:	3c01      	subs	r4, #1
7e1db646:	f300 80ab 	bgt.w	7e1db7a0 <__aeabi_dmul+0x238>
7e1db64a:	f114 0f36 	cmn.w	r4, #54	; 0x36
7e1db64e:	bfde      	ittt	le
7e1db650:	2000      	movle	r0, #0
7e1db652:	f001 4100 	andle.w	r1, r1, #2147483648	; 0x80000000
7e1db656:	bd70      	pople	{r4, r5, r6, pc}
7e1db658:	f1c4 0400 	rsb	r4, r4, #0
7e1db65c:	3c20      	subs	r4, #32
7e1db65e:	da35      	bge.n	7e1db6cc <__aeabi_dmul+0x164>
7e1db660:	340c      	adds	r4, #12
7e1db662:	dc1b      	bgt.n	7e1db69c <__aeabi_dmul+0x134>
7e1db664:	f104 0414 	add.w	r4, r4, #20
7e1db668:	f1c4 0520 	rsb	r5, r4, #32
7e1db66c:	fa00 f305 	lsl.w	r3, r0, r5
7e1db670:	fa20 f004 	lsr.w	r0, r0, r4
7e1db674:	fa01 f205 	lsl.w	r2, r1, r5
7e1db678:	ea40 0002 	orr.w	r0, r0, r2
7e1db67c:	f001 4200 	and.w	r2, r1, #2147483648	; 0x80000000
7e1db680:	f021 4100 	bic.w	r1, r1, #2147483648	; 0x80000000
7e1db684:	eb10 70d3 	adds.w	r0, r0, r3, lsr #31
7e1db688:	fa21 f604 	lsr.w	r6, r1, r4
7e1db68c:	eb42 0106 	adc.w	r1, r2, r6
7e1db690:	ea5e 0e43 	orrs.w	lr, lr, r3, lsl #1
7e1db694:	bf08      	it	eq
7e1db696:	ea20 70d3 	biceq.w	r0, r0, r3, lsr #31
7e1db69a:	bd70      	pop	{r4, r5, r6, pc}
7e1db69c:	f1c4 040c 	rsb	r4, r4, #12
7e1db6a0:	f1c4 0520 	rsb	r5, r4, #32
7e1db6a4:	fa00 f304 	lsl.w	r3, r0, r4
7e1db6a8:	fa20 f005 	lsr.w	r0, r0, r5
7e1db6ac:	fa01 f204 	lsl.w	r2, r1, r4
7e1db6b0:	ea40 0002 	orr.w	r0, r0, r2
7e1db6b4:	f001 4100 	and.w	r1, r1, #2147483648	; 0x80000000
7e1db6b8:	eb10 70d3 	adds.w	r0, r0, r3, lsr #31
7e1db6bc:	f141 0100 	adc.w	r1, r1, #0
7e1db6c0:	ea5e 0e43 	orrs.w	lr, lr, r3, lsl #1
7e1db6c4:	bf08      	it	eq
7e1db6c6:	ea20 70d3 	biceq.w	r0, r0, r3, lsr #31
7e1db6ca:	bd70      	pop	{r4, r5, r6, pc}
7e1db6cc:	f1c4 0520 	rsb	r5, r4, #32
7e1db6d0:	fa00 f205 	lsl.w	r2, r0, r5
7e1db6d4:	ea4e 0e02 	orr.w	lr, lr, r2
7e1db6d8:	fa20 f304 	lsr.w	r3, r0, r4
7e1db6dc:	fa01 f205 	lsl.w	r2, r1, r5
7e1db6e0:	ea43 0302 	orr.w	r3, r3, r2
7e1db6e4:	fa21 f004 	lsr.w	r0, r1, r4
7e1db6e8:	f001 4100 	and.w	r1, r1, #2147483648	; 0x80000000
7e1db6ec:	fa21 f204 	lsr.w	r2, r1, r4
7e1db6f0:	ea20 0002 	bic.w	r0, r0, r2
7e1db6f4:	eb00 70d3 	add.w	r0, r0, r3, lsr #31
7e1db6f8:	ea5e 0e43 	orrs.w	lr, lr, r3, lsl #1
7e1db6fc:	bf08      	it	eq
7e1db6fe:	ea20 70d3 	biceq.w	r0, r0, r3, lsr #31
7e1db702:	bd70      	pop	{r4, r5, r6, pc}
7e1db704:	f094 0f00 	teq	r4, #0
7e1db708:	d10f      	bne.n	7e1db72a <__aeabi_dmul+0x1c2>
7e1db70a:	f001 4600 	and.w	r6, r1, #2147483648	; 0x80000000
7e1db70e:	0040      	lsls	r0, r0, #1
7e1db710:	eb41 0101 	adc.w	r1, r1, r1
7e1db714:	f411 1f80 	tst.w	r1, #1048576	; 0x100000
7e1db718:	bf08      	it	eq
7e1db71a:	3c01      	subeq	r4, #1
7e1db71c:	d0f7      	beq.n	7e1db70e <__aeabi_dmul+0x1a6>
7e1db71e:	ea41 0106 	orr.w	r1, r1, r6
7e1db722:	f095 0f00 	teq	r5, #0
7e1db726:	bf18      	it	ne
7e1db728:	4770      	bxne	lr
7e1db72a:	f003 4600 	and.w	r6, r3, #2147483648	; 0x80000000
7e1db72e:	0052      	lsls	r2, r2, #1
7e1db730:	eb43 0303 	adc.w	r3, r3, r3
7e1db734:	f413 1f80 	tst.w	r3, #1048576	; 0x100000
7e1db738:	bf08      	it	eq
7e1db73a:	3d01      	subeq	r5, #1
7e1db73c:	d0f7      	beq.n	7e1db72e <__aeabi_dmul+0x1c6>
7e1db73e:	ea43 0306 	orr.w	r3, r3, r6
7e1db742:	4770      	bx	lr
7e1db744:	ea94 0f0c 	teq	r4, ip
7e1db748:	ea0c 5513 	and.w	r5, ip, r3, lsr #20
7e1db74c:	bf18      	it	ne
7e1db74e:	ea95 0f0c 	teqne	r5, ip
7e1db752:	d00c      	beq.n	7e1db76e <__aeabi_dmul+0x206>
7e1db754:	ea50 0641 	orrs.w	r6, r0, r1, lsl #1
7e1db758:	bf18      	it	ne
7e1db75a:	ea52 0643 	orrsne.w	r6, r2, r3, lsl #1
7e1db75e:	d1d1      	bne.n	7e1db704 <__aeabi_dmul+0x19c>
7e1db760:	ea81 0103 	eor.w	r1, r1, r3
7e1db764:	f001 4100 	and.w	r1, r1, #2147483648	; 0x80000000
7e1db768:	f04f 0000 	mov.w	r0, #0
7e1db76c:	bd70      	pop	{r4, r5, r6, pc}
7e1db76e:	ea50 0641 	orrs.w	r6, r0, r1, lsl #1
7e1db772:	bf06      	itte	eq
7e1db774:	4610      	moveq	r0, r2
7e1db776:	4619      	moveq	r1, r3
7e1db778:	ea52 0643 	orrsne.w	r6, r2, r3, lsl #1
7e1db77c:	d019      	beq.n	7e1db7b2 <__aeabi_dmul+0x24a>
7e1db77e:	ea94 0f0c 	teq	r4, ip
7e1db782:	d102      	bne.n	7e1db78a <__aeabi_dmul+0x222>
7e1db784:	ea50 3601 	orrs.w	r6, r0, r1, lsl #12
7e1db788:	d113      	bne.n	7e1db7b2 <__aeabi_dmul+0x24a>
7e1db78a:	ea95 0f0c 	teq	r5, ip
7e1db78e:	d105      	bne.n	7e1db79c <__aeabi_dmul+0x234>
7e1db790:	ea52 3603 	orrs.w	r6, r2, r3, lsl #12
7e1db794:	bf1c      	itt	ne
7e1db796:	4610      	movne	r0, r2
7e1db798:	4619      	movne	r1, r3
7e1db79a:	d10a      	bne.n	7e1db7b2 <__aeabi_dmul+0x24a>
7e1db79c:	ea81 0103 	eor.w	r1, r1, r3
7e1db7a0:	f001 4100 	and.w	r1, r1, #2147483648	; 0x80000000
7e1db7a4:	f041 41fe 	orr.w	r1, r1, #2130706432	; 0x7f000000
7e1db7a8:	f441 0170 	orr.w	r1, r1, #15728640	; 0xf00000
7e1db7ac:	f04f 0000 	mov.w	r0, #0
7e1db7b0:	bd70      	pop	{r4, r5, r6, pc}
7e1db7b2:	f041 41fe 	orr.w	r1, r1, #2130706432	; 0x7f000000
7e1db7b6:	f441 0178 	orr.w	r1, r1, #16252928	; 0xf80000
7e1db7ba:	bd70      	pop	{r4, r5, r6, pc}

7e1db7bc <__aeabi_ddiv>:
7e1db7bc:	b570      	push	{r4, r5, r6, lr}
7e1db7be:	f04f 0cff 	mov.w	ip, #255	; 0xff
7e1db7c2:	f44c 6ce0 	orr.w	ip, ip, #1792	; 0x700
7e1db7c6:	ea1c 5411 	ands.w	r4, ip, r1, lsr #20
7e1db7ca:	bf1d      	ittte	ne
7e1db7cc:	ea1c 5513 	andsne.w	r5, ip, r3, lsr #20
7e1db7d0:	ea94 0f0c 	teqne	r4, ip
7e1db7d4:	ea95 0f0c 	teqne	r5, ip
7e1db7d8:	f000 f8a7 	bleq	7e1db92a <__aeabi_ddiv+0x16e>
7e1db7dc:	eba4 0405 	sub.w	r4, r4, r5
7e1db7e0:	ea81 0e03 	eor.w	lr, r1, r3
7e1db7e4:	ea52 3503 	orrs.w	r5, r2, r3, lsl #12
7e1db7e8:	ea4f 3101 	mov.w	r1, r1, lsl #12
7e1db7ec:	f000 8088 	beq.w	7e1db900 <__aeabi_ddiv+0x144>
7e1db7f0:	ea4f 3303 	mov.w	r3, r3, lsl #12
7e1db7f4:	f04f 5580 	mov.w	r5, #268435456	; 0x10000000
7e1db7f8:	ea45 1313 	orr.w	r3, r5, r3, lsr #4
7e1db7fc:	ea43 6312 	orr.w	r3, r3, r2, lsr #24
7e1db800:	ea4f 2202 	mov.w	r2, r2, lsl #8
7e1db804:	ea45 1511 	orr.w	r5, r5, r1, lsr #4
7e1db808:	ea45 6510 	orr.w	r5, r5, r0, lsr #24
7e1db80c:	ea4f 2600 	mov.w	r6, r0, lsl #8
7e1db810:	f00e 4100 	and.w	r1, lr, #2147483648	; 0x80000000
7e1db814:	429d      	cmp	r5, r3
7e1db816:	bf08      	it	eq
7e1db818:	4296      	cmpeq	r6, r2
7e1db81a:	f144 04fd 	adc.w	r4, r4, #253	; 0xfd
7e1db81e:	f504 7440 	add.w	r4, r4, #768	; 0x300
7e1db822:	d202      	bcs.n	7e1db82a <__aeabi_ddiv+0x6e>
7e1db824:	085b      	lsrs	r3, r3, #1
7e1db826:	ea4f 0232 	mov.w	r2, r2, rrx
7e1db82a:	1ab6      	subs	r6, r6, r2
7e1db82c:	eb65 0503 	sbc.w	r5, r5, r3
7e1db830:	085b      	lsrs	r3, r3, #1
7e1db832:	ea4f 0232 	mov.w	r2, r2, rrx
7e1db836:	f44f 1080 	mov.w	r0, #1048576	; 0x100000
7e1db83a:	f44f 2c00 	mov.w	ip, #524288	; 0x80000
7e1db83e:	ebb6 0e02 	subs.w	lr, r6, r2
7e1db842:	eb75 0e03 	sbcs.w	lr, r5, r3
7e1db846:	bf22      	ittt	cs
7e1db848:	1ab6      	subcs	r6, r6, r2
7e1db84a:	4675      	movcs	r5, lr
7e1db84c:	ea40 000c 	orrcs.w	r0, r0, ip
7e1db850:	085b      	lsrs	r3, r3, #1
7e1db852:	ea4f 0232 	mov.w	r2, r2, rrx
7e1db856:	ebb6 0e02 	subs.w	lr, r6, r2
7e1db85a:	eb75 0e03 	sbcs.w	lr, r5, r3
7e1db85e:	bf22      	ittt	cs
7e1db860:	1ab6      	subcs	r6, r6, r2
7e1db862:	4675      	movcs	r5, lr
7e1db864:	ea40 005c 	orrcs.w	r0, r0, ip, lsr #1
7e1db868:	085b      	lsrs	r3, r3, #1
7e1db86a:	ea4f 0232 	mov.w	r2, r2, rrx
7e1db86e:	ebb6 0e02 	subs.w	lr, r6, r2
7e1db872:	eb75 0e03 	sbcs.w	lr, r5, r3
7e1db876:	bf22      	ittt	cs
7e1db878:	1ab6      	subcs	r6, r6, r2
7e1db87a:	4675      	movcs	r5, lr
7e1db87c:	ea40 009c 	orrcs.w	r0, r0, ip, lsr #2
7e1db880:	085b      	lsrs	r3, r3, #1
7e1db882:	ea4f 0232 	mov.w	r2, r2, rrx
7e1db886:	ebb6 0e02 	subs.w	lr, r6, r2
7e1db88a:	eb75 0e03 	sbcs.w	lr, r5, r3
7e1db88e:	bf22      	ittt	cs
7e1db890:	1ab6      	subcs	r6, r6, r2
7e1db892:	4675      	movcs	r5, lr
7e1db894:	ea40 00dc 	orrcs.w	r0, r0, ip, lsr #3
7e1db898:	ea55 0e06 	orrs.w	lr, r5, r6
7e1db89c:	d018      	beq.n	7e1db8d0 <__aeabi_ddiv+0x114>
7e1db89e:	ea4f 1505 	mov.w	r5, r5, lsl #4
7e1db8a2:	ea45 7516 	orr.w	r5, r5, r6, lsr #28
7e1db8a6:	ea4f 1606 	mov.w	r6, r6, lsl #4
7e1db8aa:	ea4f 03c3 	mov.w	r3, r3, lsl #3
7e1db8ae:	ea43 7352 	orr.w	r3, r3, r2, lsr #29
7e1db8b2:	ea4f 02c2 	mov.w	r2, r2, lsl #3
7e1db8b6:	ea5f 1c1c 	movs.w	ip, ip, lsr #4
7e1db8ba:	d1c0      	bne.n	7e1db83e <__aeabi_ddiv+0x82>
7e1db8bc:	f411 1f80 	tst.w	r1, #1048576	; 0x100000
7e1db8c0:	d10b      	bne.n	7e1db8da <__aeabi_ddiv+0x11e>
7e1db8c2:	ea41 0100 	orr.w	r1, r1, r0
7e1db8c6:	f04f 0000 	mov.w	r0, #0
7e1db8ca:	f04f 4c00 	mov.w	ip, #2147483648	; 0x80000000
7e1db8ce:	e7b6      	b.n	7e1db83e <__aeabi_ddiv+0x82>
7e1db8d0:	f411 1f80 	tst.w	r1, #1048576	; 0x100000
7e1db8d4:	bf04      	itt	eq
7e1db8d6:	4301      	orreq	r1, r0
7e1db8d8:	2000      	moveq	r0, #0
7e1db8da:	f1b4 0cfd 	subs.w	ip, r4, #253	; 0xfd
7e1db8de:	bf88      	it	hi
7e1db8e0:	f5bc 6fe0 	cmphi.w	ip, #1792	; 0x700
7e1db8e4:	f63f aeaf 	bhi.w	7e1db646 <__aeabi_dmul+0xde>
7e1db8e8:	ebb5 0c03 	subs.w	ip, r5, r3
7e1db8ec:	bf04      	itt	eq
7e1db8ee:	ebb6 0c02 	subseq.w	ip, r6, r2
7e1db8f2:	ea5f 0c50 	movseq.w	ip, r0, lsr #1
7e1db8f6:	f150 0000 	adcs.w	r0, r0, #0
7e1db8fa:	eb41 5104 	adc.w	r1, r1, r4, lsl #20
7e1db8fe:	bd70      	pop	{r4, r5, r6, pc}
7e1db900:	f00e 4e00 	and.w	lr, lr, #2147483648	; 0x80000000
7e1db904:	ea4e 3111 	orr.w	r1, lr, r1, lsr #12
7e1db908:	eb14 045c 	adds.w	r4, r4, ip, lsr #1
7e1db90c:	bfc2      	ittt	gt
7e1db90e:	ebd4 050c 	rsbsgt	r5, r4, ip
7e1db912:	ea41 5104 	orrgt.w	r1, r1, r4, lsl #20
7e1db916:	bd70      	popgt	{r4, r5, r6, pc}
7e1db918:	f441 1180 	orr.w	r1, r1, #1048576	; 0x100000
7e1db91c:	f04f 0e00 	mov.w	lr, #0
7e1db920:	3c01      	subs	r4, #1
7e1db922:	e690      	b.n	7e1db646 <__aeabi_dmul+0xde>
7e1db924:	ea45 0e06 	orr.w	lr, r5, r6
7e1db928:	e68d      	b.n	7e1db646 <__aeabi_dmul+0xde>
7e1db92a:	ea0c 5513 	and.w	r5, ip, r3, lsr #20
7e1db92e:	ea94 0f0c 	teq	r4, ip
7e1db932:	bf08      	it	eq
7e1db934:	ea95 0f0c 	teqeq	r5, ip
7e1db938:	f43f af3b 	beq.w	7e1db7b2 <__aeabi_dmul+0x24a>
7e1db93c:	ea94 0f0c 	teq	r4, ip
7e1db940:	d10a      	bne.n	7e1db958 <__aeabi_ddiv+0x19c>
7e1db942:	ea50 3401 	orrs.w	r4, r0, r1, lsl #12
7e1db946:	f47f af34 	bne.w	7e1db7b2 <__aeabi_dmul+0x24a>
7e1db94a:	ea95 0f0c 	teq	r5, ip
7e1db94e:	f47f af25 	bne.w	7e1db79c <__aeabi_dmul+0x234>
7e1db952:	4610      	mov	r0, r2
7e1db954:	4619      	mov	r1, r3
7e1db956:	e72c      	b.n	7e1db7b2 <__aeabi_dmul+0x24a>
7e1db958:	ea95 0f0c 	teq	r5, ip
7e1db95c:	d106      	bne.n	7e1db96c <__aeabi_ddiv+0x1b0>
7e1db95e:	ea52 3503 	orrs.w	r5, r2, r3, lsl #12
7e1db962:	f43f aefd 	beq.w	7e1db760 <__aeabi_dmul+0x1f8>
7e1db966:	4610      	mov	r0, r2
7e1db968:	4619      	mov	r1, r3
7e1db96a:	e722      	b.n	7e1db7b2 <__aeabi_dmul+0x24a>
7e1db96c:	ea50 0641 	orrs.w	r6, r0, r1, lsl #1
7e1db970:	bf18      	it	ne
7e1db972:	ea52 0643 	orrsne.w	r6, r2, r3, lsl #1
7e1db976:	f47f aec5 	bne.w	7e1db704 <__aeabi_dmul+0x19c>
7e1db97a:	ea50 0441 	orrs.w	r4, r0, r1, lsl #1
7e1db97e:	f47f af0d 	bne.w	7e1db79c <__aeabi_dmul+0x234>
7e1db982:	ea52 0543 	orrs.w	r5, r2, r3, lsl #1
7e1db986:	f47f aeeb 	bne.w	7e1db760 <__aeabi_dmul+0x1f8>
7e1db98a:	e712      	b.n	7e1db7b2 <__aeabi_dmul+0x24a>

7e1db98c <__gedf2>:
7e1db98c:	f04f 3cff 	mov.w	ip, #4294967295
7e1db990:	e006      	b.n	7e1db9a0 <__cmpdf2+0x4>
7e1db992:	bf00      	nop

7e1db994 <__ledf2>:
7e1db994:	f04f 0c01 	mov.w	ip, #1
7e1db998:	e002      	b.n	7e1db9a0 <__cmpdf2+0x4>
7e1db99a:	bf00      	nop

7e1db99c <__cmpdf2>:
7e1db99c:	f04f 0c01 	mov.w	ip, #1
7e1db9a0:	f84d cd04 	str.w	ip, [sp, #-4]!
7e1db9a4:	ea4f 0c41 	mov.w	ip, r1, lsl #1
7e1db9a8:	ea7f 5c6c 	mvns.w	ip, ip, asr #21
7e1db9ac:	ea4f 0c43 	mov.w	ip, r3, lsl #1
7e1db9b0:	bf18      	it	ne
7e1db9b2:	ea7f 5c6c 	mvnsne.w	ip, ip, asr #21
7e1db9b6:	d01b      	beq.n	7e1db9f0 <__cmpdf2+0x54>
7e1db9b8:	b001      	add	sp, #4
7e1db9ba:	ea50 0c41 	orrs.w	ip, r0, r1, lsl #1
7e1db9be:	bf0c      	ite	eq
7e1db9c0:	ea52 0c43 	orrseq.w	ip, r2, r3, lsl #1
7e1db9c4:	ea91 0f03 	teqne	r1, r3
7e1db9c8:	bf02      	ittt	eq
7e1db9ca:	ea90 0f02 	teqeq	r0, r2
7e1db9ce:	2000      	moveq	r0, #0
7e1db9d0:	4770      	bxeq	lr
7e1db9d2:	f110 0f00 	cmn.w	r0, #0
7e1db9d6:	ea91 0f03 	teq	r1, r3
7e1db9da:	bf58      	it	pl
7e1db9dc:	4299      	cmppl	r1, r3
7e1db9de:	bf08      	it	eq
7e1db9e0:	4290      	cmpeq	r0, r2
7e1db9e2:	bf2c      	ite	cs
7e1db9e4:	17d8      	asrcs	r0, r3, #31
7e1db9e6:	ea6f 70e3 	mvncc.w	r0, r3, asr #31
7e1db9ea:	f040 0001 	orr.w	r0, r0, #1
7e1db9ee:	4770      	bx	lr
7e1db9f0:	ea4f 0c41 	mov.w	ip, r1, lsl #1
7e1db9f4:	ea7f 5c6c 	mvns.w	ip, ip, asr #21
7e1db9f8:	d102      	bne.n	7e1dba00 <__cmpdf2+0x64>
7e1db9fa:	ea50 3c01 	orrs.w	ip, r0, r1, lsl #12
7e1db9fe:	d107      	bne.n	7e1dba10 <__cmpdf2+0x74>
7e1dba00:	ea4f 0c43 	mov.w	ip, r3, lsl #1
7e1dba04:	ea7f 5c6c 	mvns.w	ip, ip, asr #21
7e1dba08:	d1d6      	bne.n	7e1db9b8 <__cmpdf2+0x1c>
7e1dba0a:	ea52 3c03 	orrs.w	ip, r2, r3, lsl #12
7e1dba0e:	d0d3      	beq.n	7e1db9b8 <__cmpdf2+0x1c>
7e1dba10:	f85d 0b04 	ldr.w	r0, [sp], #4
7e1dba14:	4770      	bx	lr
7e1dba16:	bf00      	nop

7e1dba18 <__aeabi_cdrcmple>:
7e1dba18:	4684      	mov	ip, r0
7e1dba1a:	4610      	mov	r0, r2
7e1dba1c:	4662      	mov	r2, ip
7e1dba1e:	468c      	mov	ip, r1
7e1dba20:	4619      	mov	r1, r3
7e1dba22:	4663      	mov	r3, ip
7e1dba24:	e000      	b.n	7e1dba28 <__aeabi_cdcmpeq>
7e1dba26:	bf00      	nop

7e1dba28 <__aeabi_cdcmpeq>:
7e1dba28:	b501      	push	{r0, lr}
7e1dba2a:	f7ff ffb7 	bl	7e1db99c <__cmpdf2>
7e1dba2e:	2800      	cmp	r0, #0
7e1dba30:	bf48      	it	mi
7e1dba32:	f110 0f00 	cmnmi.w	r0, #0
7e1dba36:	bd01      	pop	{r0, pc}

7e1dba38 <__aeabi_dcmpeq>:
7e1dba38:	f84d ed08 	str.w	lr, [sp, #-8]!
7e1dba3c:	f7ff fff4 	bl	7e1dba28 <__aeabi_cdcmpeq>
7e1dba40:	bf0c      	ite	eq
7e1dba42:	2001      	moveq	r0, #1
7e1dba44:	2000      	movne	r0, #0
7e1dba46:	f85d fb08 	ldr.w	pc, [sp], #8
7e1dba4a:	bf00      	nop

7e1dba4c <__aeabi_dcmplt>:
7e1dba4c:	f84d ed08 	str.w	lr, [sp, #-8]!
7e1dba50:	f7ff ffea 	bl	7e1dba28 <__aeabi_cdcmpeq>
7e1dba54:	bf34      	ite	cc
7e1dba56:	2001      	movcc	r0, #1
7e1dba58:	2000      	movcs	r0, #0
7e1dba5a:	f85d fb08 	ldr.w	pc, [sp], #8
7e1dba5e:	bf00      	nop

7e1dba60 <__aeabi_dcmple>:
7e1dba60:	f84d ed08 	str.w	lr, [sp, #-8]!
7e1dba64:	f7ff ffe0 	bl	7e1dba28 <__aeabi_cdcmpeq>
7e1dba68:	bf94      	ite	ls
7e1dba6a:	2001      	movls	r0, #1
7e1dba6c:	2000      	movhi	r0, #0
7e1dba6e:	f85d fb08 	ldr.w	pc, [sp], #8
7e1dba72:	bf00      	nop

7e1dba74 <__aeabi_dcmpge>:
7e1dba74:	f84d ed08 	str.w	lr, [sp, #-8]!
7e1dba78:	f7ff ffce 	bl	7e1dba18 <__aeabi_cdrcmple>
7e1dba7c:	bf94      	ite	ls
7e1dba7e:	2001      	movls	r0, #1
7e1dba80:	2000      	movhi	r0, #0
7e1dba82:	f85d fb08 	ldr.w	pc, [sp], #8
7e1dba86:	bf00      	nop

7e1dba88 <__aeabi_dcmpgt>:
7e1dba88:	f84d ed08 	str.w	lr, [sp, #-8]!
7e1dba8c:	f7ff ffc4 	bl	7e1dba18 <__aeabi_cdrcmple>
7e1dba90:	bf34      	ite	cc
7e1dba92:	2001      	movcc	r0, #1
7e1dba94:	2000      	movcs	r0, #0
7e1dba96:	f85d fb08 	ldr.w	pc, [sp], #8
7e1dba9a:	bf00      	nop

7e1dba9c <__aeabi_dcmpun>:
7e1dba9c:	ea4f 0c41 	mov.w	ip, r1, lsl #1
7e1dbaa0:	ea7f 5c6c 	mvns.w	ip, ip, asr #21
7e1dbaa4:	d102      	bne.n	7e1dbaac <__aeabi_dcmpun+0x10>
7e1dbaa6:	ea50 3c01 	orrs.w	ip, r0, r1, lsl #12
7e1dbaaa:	d10a      	bne.n	7e1dbac2 <__aeabi_dcmpun+0x26>
7e1dbaac:	ea4f 0c43 	mov.w	ip, r3, lsl #1
7e1dbab0:	ea7f 5c6c 	mvns.w	ip, ip, asr #21
7e1dbab4:	d102      	bne.n	7e1dbabc <__aeabi_dcmpun+0x20>
7e1dbab6:	ea52 3c03 	orrs.w	ip, r2, r3, lsl #12
7e1dbaba:	d102      	bne.n	7e1dbac2 <__aeabi_dcmpun+0x26>
7e1dbabc:	f04f 0000 	mov.w	r0, #0
7e1dbac0:	4770      	bx	lr
7e1dbac2:	f04f 0001 	mov.w	r0, #1
7e1dbac6:	4770      	bx	lr

7e1dbac8 <__aeabi_d2iz>:
7e1dbac8:	ea4f 0241 	mov.w	r2, r1, lsl #1
7e1dbacc:	f512 1200 	adds.w	r2, r2, #2097152	; 0x200000
7e1dbad0:	d215      	bcs.n	7e1dbafe <__aeabi_d2iz+0x36>
7e1dbad2:	d511      	bpl.n	7e1dbaf8 <__aeabi_d2iz+0x30>
7e1dbad4:	f46f 7378 	mvn.w	r3, #992	; 0x3e0
7e1dbad8:	ebb3 5262 	subs.w	r2, r3, r2, asr #21
7e1dbadc:	d912      	bls.n	7e1dbb04 <__aeabi_d2iz+0x3c>
7e1dbade:	ea4f 23c1 	mov.w	r3, r1, lsl #11
7e1dbae2:	f043 4300 	orr.w	r3, r3, #2147483648	; 0x80000000
7e1dbae6:	ea43 5350 	orr.w	r3, r3, r0, lsr #21
7e1dbaea:	f011 4f00 	tst.w	r1, #2147483648	; 0x80000000
7e1dbaee:	fa23 f002 	lsr.w	r0, r3, r2
7e1dbaf2:	bf18      	it	ne
7e1dbaf4:	4240      	negne	r0, r0
7e1dbaf6:	4770      	bx	lr
7e1dbaf8:	f04f 0000 	mov.w	r0, #0
7e1dbafc:	4770      	bx	lr
7e1dbafe:	ea50 3001 	orrs.w	r0, r0, r1, lsl #12
7e1dbb02:	d105      	bne.n	7e1dbb10 <__aeabi_d2iz+0x48>
7e1dbb04:	f011 4000 	ands.w	r0, r1, #2147483648	; 0x80000000
7e1dbb08:	bf08      	it	eq
7e1dbb0a:	f06f 4000 	mvneq.w	r0, #2147483648	; 0x80000000
7e1dbb0e:	4770      	bx	lr
7e1dbb10:	f04f 0000 	mov.w	r0, #0
7e1dbb14:	4770      	bx	lr
7e1dbb16:	bf00      	nop

7e1dbb18 <__aeabi_d2uiz>:
7e1dbb18:	004a      	lsls	r2, r1, #1
7e1dbb1a:	d211      	bcs.n	7e1dbb40 <__aeabi_d2uiz+0x28>
7e1dbb1c:	f512 1200 	adds.w	r2, r2, #2097152	; 0x200000
7e1dbb20:	d211      	bcs.n	7e1dbb46 <__aeabi_d2uiz+0x2e>
7e1dbb22:	d50d      	bpl.n	7e1dbb40 <__aeabi_d2uiz+0x28>
7e1dbb24:	f46f 7378 	mvn.w	r3, #992	; 0x3e0
7e1dbb28:	ebb3 5262 	subs.w	r2, r3, r2, asr #21
7e1dbb2c:	d40e      	bmi.n	7e1dbb4c <__aeabi_d2uiz+0x34>
7e1dbb2e:	ea4f 23c1 	mov.w	r3, r1, lsl #11
7e1dbb32:	f043 4300 	orr.w	r3, r3, #2147483648	; 0x80000000
7e1dbb36:	ea43 5350 	orr.w	r3, r3, r0, lsr #21
7e1dbb3a:	fa23 f002 	lsr.w	r0, r3, r2
7e1dbb3e:	4770      	bx	lr
7e1dbb40:	f04f 0000 	mov.w	r0, #0
7e1dbb44:	4770      	bx	lr
7e1dbb46:	ea50 3001 	orrs.w	r0, r0, r1, lsl #12
7e1dbb4a:	d102      	bne.n	7e1dbb52 <__aeabi_d2uiz+0x3a>
7e1dbb4c:	f04f 30ff 	mov.w	r0, #4294967295
7e1dbb50:	4770      	bx	lr
7e1dbb52:	f04f 0000 	mov.w	r0, #0
7e1dbb56:	4770      	bx	lr

7e1dbb58 <__aeabi_d2f>:
7e1dbb58:	ea4f 0241 	mov.w	r2, r1, lsl #1
7e1dbb5c:	f1b2 43e0 	subs.w	r3, r2, #1879048192	; 0x70000000
7e1dbb60:	bf24      	itt	cs
7e1dbb62:	f5b3 1c00 	subscs.w	ip, r3, #2097152	; 0x200000
7e1dbb66:	f1dc 5cfe 	rsbscs	ip, ip, #532676608	; 0x1fc00000
7e1dbb6a:	d90d      	bls.n	7e1dbb88 <__aeabi_d2f+0x30>
7e1dbb6c:	f001 4c00 	and.w	ip, r1, #2147483648	; 0x80000000
7e1dbb70:	ea4f 02c0 	mov.w	r2, r0, lsl #3
7e1dbb74:	ea4c 7050 	orr.w	r0, ip, r0, lsr #29
7e1dbb78:	f1b2 4f00 	cmp.w	r2, #2147483648	; 0x80000000
7e1dbb7c:	eb40 0083 	adc.w	r0, r0, r3, lsl #2
7e1dbb80:	bf08      	it	eq
7e1dbb82:	f020 0001 	biceq.w	r0, r0, #1
7e1dbb86:	4770      	bx	lr
7e1dbb88:	f011 4f80 	tst.w	r1, #1073741824	; 0x40000000
7e1dbb8c:	d121      	bne.n	7e1dbbd2 <__aeabi_d2f+0x7a>
7e1dbb8e:	f113 7238 	adds.w	r2, r3, #48234496	; 0x2e00000
7e1dbb92:	bfbc      	itt	lt
7e1dbb94:	f001 4000 	andlt.w	r0, r1, #2147483648	; 0x80000000
7e1dbb98:	4770      	bxlt	lr
7e1dbb9a:	f441 1180 	orr.w	r1, r1, #1048576	; 0x100000
7e1dbb9e:	ea4f 5252 	mov.w	r2, r2, lsr #21
7e1dbba2:	f1c2 0218 	rsb	r2, r2, #24
7e1dbba6:	f1c2 0c20 	rsb	ip, r2, #32
7e1dbbaa:	fa10 f30c 	lsls.w	r3, r0, ip
7e1dbbae:	fa20 f002 	lsr.w	r0, r0, r2
7e1dbbb2:	bf18      	it	ne
7e1dbbb4:	f040 0001 	orrne.w	r0, r0, #1
7e1dbbb8:	ea4f 23c1 	mov.w	r3, r1, lsl #11
7e1dbbbc:	ea4f 23d3 	mov.w	r3, r3, lsr #11
7e1dbbc0:	fa03 fc0c 	lsl.w	ip, r3, ip
7e1dbbc4:	ea40 000c 	orr.w	r0, r0, ip
7e1dbbc8:	fa23 f302 	lsr.w	r3, r3, r2
7e1dbbcc:	ea4f 0343 	mov.w	r3, r3, lsl #1
7e1dbbd0:	e7cc      	b.n	7e1dbb6c <__aeabi_d2f+0x14>
7e1dbbd2:	ea7f 5362 	mvns.w	r3, r2, asr #21
7e1dbbd6:	d107      	bne.n	7e1dbbe8 <__aeabi_d2f+0x90>
7e1dbbd8:	ea50 3301 	orrs.w	r3, r0, r1, lsl #12
7e1dbbdc:	bf1e      	ittt	ne
7e1dbbde:	f04f 40fe 	movne.w	r0, #2130706432	; 0x7f000000
7e1dbbe2:	f440 0040 	orrne.w	r0, r0, #12582912	; 0xc00000
7e1dbbe6:	4770      	bxne	lr
7e1dbbe8:	f001 4000 	and.w	r0, r1, #2147483648	; 0x80000000
7e1dbbec:	f040 40fe 	orr.w	r0, r0, #2130706432	; 0x7f000000
7e1dbbf0:	f440 0000 	orr.w	r0, r0, #8388608	; 0x800000
7e1dbbf4:	4770      	bx	lr
7e1dbbf6:	bf00      	nop

7e1dbbf8 <__aeabi_uldivmod>:
7e1dbbf8:	b953      	cbnz	r3, 7e1dbc10 <__aeabi_uldivmod+0x18>
7e1dbbfa:	b94a      	cbnz	r2, 7e1dbc10 <__aeabi_uldivmod+0x18>
7e1dbbfc:	2900      	cmp	r1, #0
7e1dbbfe:	bf08      	it	eq
7e1dbc00:	2800      	cmpeq	r0, #0
7e1dbc02:	bf1c      	itt	ne
7e1dbc04:	f04f 31ff 	movne.w	r1, #4294967295
7e1dbc08:	f04f 30ff 	movne.w	r0, #4294967295
7e1dbc0c:	f000 b8b6 	b.w	7e1dbd7c <__aeabi_idiv0>
7e1dbc10:	f1ad 0c08 	sub.w	ip, sp, #8
7e1dbc14:	e96d ce04 	strd	ip, lr, [sp, #-16]!
7e1dbc18:	f000 f824 	bl	7e1dbc64 <__udivmoddi4>
7e1dbc1c:	f8dd e004 	ldr.w	lr, [sp, #4]
7e1dbc20:	e9dd 2302 	ldrd	r2, r3, [sp, #8]
7e1dbc24:	b004      	add	sp, #16
7e1dbc26:	4770      	bx	lr

7e1dbc28 <__aeabi_d2ulz>:
7e1dbc28:	b5d0      	push	{r4, r6, r7, lr}
7e1dbc2a:	2200      	movs	r2, #0
7e1dbc2c:	2300      	movs	r3, #0
7e1dbc2e:	f6c3 53f0 	movt	r3, #15856	; 0x3df0
7e1dbc32:	4606      	mov	r6, r0
7e1dbc34:	460f      	mov	r7, r1
7e1dbc36:	f7ff fc97 	bl	7e1db568 <__aeabi_dmul>
7e1dbc3a:	f7ff ff6d 	bl	7e1dbb18 <__aeabi_d2uiz>
7e1dbc3e:	4604      	mov	r4, r0
7e1dbc40:	f7ff fc18 	bl	7e1db474 <__aeabi_ui2d>
7e1dbc44:	2200      	movs	r2, #0
7e1dbc46:	2300      	movs	r3, #0
7e1dbc48:	f2c4 13f0 	movt	r3, #16880	; 0x41f0
7e1dbc4c:	f7ff fc8c 	bl	7e1db568 <__aeabi_dmul>
7e1dbc50:	4602      	mov	r2, r0
7e1dbc52:	460b      	mov	r3, r1
7e1dbc54:	4630      	mov	r0, r6
7e1dbc56:	4639      	mov	r1, r7
7e1dbc58:	f7ff face 	bl	7e1db1f8 <__aeabi_dsub>
7e1dbc5c:	f7ff ff5c 	bl	7e1dbb18 <__aeabi_d2uiz>
7e1dbc60:	4621      	mov	r1, r4
7e1dbc62:	bdd0      	pop	{r4, r6, r7, pc}

7e1dbc64 <__udivmoddi4>:
7e1dbc64:	4299      	cmp	r1, r3
7e1dbc66:	bf08      	it	eq
7e1dbc68:	4290      	cmpeq	r0, r2
7e1dbc6a:	e92d 4ff0 	stmdb	sp!, {r4, r5, r6, r7, r8, r9, sl, fp, lr}
7e1dbc6e:	4604      	mov	r4, r0
7e1dbc70:	bf38      	it	cc
7e1dbc72:	2000      	movcc	r0, #0
7e1dbc74:	460d      	mov	r5, r1
7e1dbc76:	9f09      	ldr	r7, [sp, #36]	; 0x24
7e1dbc78:	bf38      	it	cc
7e1dbc7a:	4601      	movcc	r1, r0
7e1dbc7c:	d36c      	bcc.n	7e1dbd58 <__udivmoddi4+0xf4>
7e1dbc7e:	4690      	mov	r8, r2
7e1dbc80:	4699      	mov	r9, r3
7e1dbc82:	fab3 f683 	clz	r6, r3
7e1dbc86:	2b00      	cmp	r3, #0
7e1dbc88:	d06f      	beq.n	7e1dbd6a <__udivmoddi4+0x106>
7e1dbc8a:	fab5 f185 	clz	r1, r5
7e1dbc8e:	2d00      	cmp	r5, #0
7e1dbc90:	d067      	beq.n	7e1dbd62 <__udivmoddi4+0xfe>
7e1dbc92:	1a76      	subs	r6, r6, r1
7e1dbc94:	f1a6 0c20 	sub.w	ip, r6, #32
7e1dbc98:	fa09 fb06 	lsl.w	fp, r9, r6
7e1dbc9c:	fa08 f30c 	lsl.w	r3, r8, ip
7e1dbca0:	f1c6 0e20 	rsb	lr, r6, #32
7e1dbca4:	ea4b 0b03 	orr.w	fp, fp, r3
7e1dbca8:	fa28 f30e 	lsr.w	r3, r8, lr
7e1dbcac:	ea4b 0b03 	orr.w	fp, fp, r3
7e1dbcb0:	fa08 fa06 	lsl.w	sl, r8, r6
7e1dbcb4:	455d      	cmp	r5, fp
7e1dbcb6:	bf08      	it	eq
7e1dbcb8:	4554      	cmpeq	r4, sl
7e1dbcba:	bf3c      	itt	cc
7e1dbcbc:	2000      	movcc	r0, #0
7e1dbcbe:	4601      	movcc	r1, r0
7e1dbcc0:	d30a      	bcc.n	7e1dbcd8 <__udivmoddi4+0x74>
7e1dbcc2:	2001      	movs	r0, #1
7e1dbcc4:	ebb4 040a 	subs.w	r4, r4, sl
7e1dbcc8:	fa00 f10c 	lsl.w	r1, r0, ip
7e1dbccc:	fa20 f30e 	lsr.w	r3, r0, lr
7e1dbcd0:	eb65 050b 	sbc.w	r5, r5, fp
7e1dbcd4:	4319      	orrs	r1, r3
7e1dbcd6:	40b0      	lsls	r0, r6
7e1dbcd8:	2e00      	cmp	r6, #0
7e1dbcda:	d03d      	beq.n	7e1dbd58 <__udivmoddi4+0xf4>
7e1dbcdc:	ea4f 085a 	mov.w	r8, sl, lsr #1
7e1dbce0:	4632      	mov	r2, r6
7e1dbce2:	ea48 78cb 	orr.w	r8, r8, fp, lsl #31
7e1dbce6:	ea4f 095b 	mov.w	r9, fp, lsr #1
7e1dbcea:	e00b      	b.n	7e1dbd04 <__udivmoddi4+0xa0>
7e1dbcec:	ebb4 0308 	subs.w	r3, r4, r8
7e1dbcf0:	eb65 0a09 	sbc.w	sl, r5, r9
7e1dbcf4:	18db      	adds	r3, r3, r3
7e1dbcf6:	eb4a 0a0a 	adc.w	sl, sl, sl
7e1dbcfa:	1c5c      	adds	r4, r3, #1
7e1dbcfc:	f14a 0500 	adc.w	r5, sl, #0
7e1dbd00:	3a01      	subs	r2, #1
7e1dbd02:	d007      	beq.n	7e1dbd14 <__udivmoddi4+0xb0>
7e1dbd04:	454d      	cmp	r5, r9
7e1dbd06:	bf08      	it	eq
7e1dbd08:	4544      	cmpeq	r4, r8
7e1dbd0a:	d2ef      	bcs.n	7e1dbcec <__udivmoddi4+0x88>
7e1dbd0c:	1924      	adds	r4, r4, r4
7e1dbd0e:	416d      	adcs	r5, r5
7e1dbd10:	3a01      	subs	r2, #1
7e1dbd12:	d1f7      	bne.n	7e1dbd04 <__udivmoddi4+0xa0>
7e1dbd14:	fa05 fe0e 	lsl.w	lr, r5, lr
7e1dbd18:	fa24 f306 	lsr.w	r3, r4, r6
7e1dbd1c:	fa25 fc0c 	lsr.w	ip, r5, ip
7e1dbd20:	ea43 030e 	orr.w	r3, r3, lr
7e1dbd24:	1900      	adds	r0, r0, r4
7e1dbd26:	fa25 fe06 	lsr.w	lr, r5, r6
7e1dbd2a:	ea43 040c 	orr.w	r4, r3, ip
7e1dbd2e:	f1a6 0c20 	sub.w	ip, r6, #32
7e1dbd32:	f1c6 0220 	rsb	r2, r6, #32
7e1dbd36:	fa0e f306 	lsl.w	r3, lr, r6
7e1dbd3a:	fa04 fc0c 	lsl.w	ip, r4, ip
7e1dbd3e:	fa04 f606 	lsl.w	r6, r4, r6
7e1dbd42:	ea43 030c 	orr.w	r3, r3, ip
7e1dbd46:	fa24 f202 	lsr.w	r2, r4, r2
7e1dbd4a:	eb45 0101 	adc.w	r1, r5, r1
7e1dbd4e:	4313      	orrs	r3, r2
7e1dbd50:	1b80      	subs	r0, r0, r6
7e1dbd52:	4675      	mov	r5, lr
7e1dbd54:	eb61 0103 	sbc.w	r1, r1, r3
7e1dbd58:	b10f      	cbz	r7, 7e1dbd5e <__udivmoddi4+0xfa>
7e1dbd5a:	e9c7 4500 	strd	r4, r5, [r7]
7e1dbd5e:	e8bd 8ff0 	ldmia.w	sp!, {r4, r5, r6, r7, r8, r9, sl, fp, pc}
7e1dbd62:	fab4 f184 	clz	r1, r4
7e1dbd66:	3120      	adds	r1, #32
7e1dbd68:	e793      	b.n	7e1dbc92 <__udivmoddi4+0x2e>
7e1dbd6a:	fab2 f682 	clz	r6, r2
7e1dbd6e:	fab5 f185 	clz	r1, r5
7e1dbd72:	3620      	adds	r6, #32
7e1dbd74:	2d00      	cmp	r5, #0
7e1dbd76:	d18c      	bne.n	7e1dbc92 <__udivmoddi4+0x2e>
7e1dbd78:	e7f3      	b.n	7e1dbd62 <__udivmoddi4+0xfe>
7e1dbd7a:	bf00      	nop

7e1dbd7c <__aeabi_idiv0>:
7e1dbd7c:	4770      	bx	lr
7e1dbd7e:	bf00      	nop

7e1dbd80 <__udivsi3>:
7e1dbd80:	1e4a      	subs	r2, r1, #1
7e1dbd82:	bf08      	it	eq
7e1dbd84:	4770      	bxeq	lr
7e1dbd86:	f0c0 8124 	bcc.w	7e1dbfd2 <__udivsi3+0x252>
7e1dbd8a:	4288      	cmp	r0, r1
7e1dbd8c:	f240 8116 	bls.w	7e1dbfbc <__udivsi3+0x23c>
7e1dbd90:	4211      	tst	r1, r2
7e1dbd92:	f000 8117 	beq.w	7e1dbfc4 <__udivsi3+0x244>
7e1dbd96:	fab0 f380 	clz	r3, r0
7e1dbd9a:	fab1 f281 	clz	r2, r1
7e1dbd9e:	eba2 0303 	sub.w	r3, r2, r3
7e1dbda2:	f1c3 031f 	rsb	r3, r3, #31
7e1dbda6:	a204      	add	r2, pc, #16	; (adr r2, 7e1dbdb8 <__udivsi3+0x38>)
7e1dbda8:	eb02 1303 	add.w	r3, r2, r3, lsl #4
7e1dbdac:	f04f 0200 	mov.w	r2, #0
7e1dbdb0:	469f      	mov	pc, r3
7e1dbdb2:	bf00      	nop
7e1dbdb4:	f3af 8000 	nop.w
7e1dbdb8:	ebb0 7fc1 	cmp.w	r0, r1, lsl #31
7e1dbdbc:	bf00      	nop
7e1dbdbe:	eb42 0202 	adc.w	r2, r2, r2
7e1dbdc2:	bf28      	it	cs
7e1dbdc4:	eba0 70c1 	subcs.w	r0, r0, r1, lsl #31
7e1dbdc8:	ebb0 7f81 	cmp.w	r0, r1, lsl #30
7e1dbdcc:	bf00      	nop
7e1dbdce:	eb42 0202 	adc.w	r2, r2, r2
7e1dbdd2:	bf28      	it	cs
7e1dbdd4:	eba0 7081 	subcs.w	r0, r0, r1, lsl #30
7e1dbdd8:	ebb0 7f41 	cmp.w	r0, r1, lsl #29
7e1dbddc:	bf00      	nop
7e1dbdde:	eb42 0202 	adc.w	r2, r2, r2
7e1dbde2:	bf28      	it	cs
7e1dbde4:	eba0 7041 	subcs.w	r0, r0, r1, lsl #29
7e1dbde8:	ebb0 7f01 	cmp.w	r0, r1, lsl #28
7e1dbdec:	bf00      	nop
7e1dbdee:	eb42 0202 	adc.w	r2, r2, r2
7e1dbdf2:	bf28      	it	cs
7e1dbdf4:	eba0 7001 	subcs.w	r0, r0, r1, lsl #28
7e1dbdf8:	ebb0 6fc1 	cmp.w	r0, r1, lsl #27
7e1dbdfc:	bf00      	nop
7e1dbdfe:	eb42 0202 	adc.w	r2, r2, r2
7e1dbe02:	bf28      	it	cs
7e1dbe04:	eba0 60c1 	subcs.w	r0, r0, r1, lsl #27
7e1dbe08:	ebb0 6f81 	cmp.w	r0, r1, lsl #26
7e1dbe0c:	bf00      	nop
7e1dbe0e:	eb42 0202 	adc.w	r2, r2, r2
7e1dbe12:	bf28      	it	cs
7e1dbe14:	eba0 6081 	subcs.w	r0, r0, r1, lsl #26
7e1dbe18:	ebb0 6f41 	cmp.w	r0, r1, lsl #25
7e1dbe1c:	bf00      	nop
7e1dbe1e:	eb42 0202 	adc.w	r2, r2, r2
7e1dbe22:	bf28      	it	cs
7e1dbe24:	eba0 6041 	subcs.w	r0, r0, r1, lsl #25
7e1dbe28:	ebb0 6f01 	cmp.w	r0, r1, lsl #24
7e1dbe2c:	bf00      	nop
7e1dbe2e:	eb42 0202 	adc.w	r2, r2, r2
7e1dbe32:	bf28      	it	cs
7e1dbe34:	eba0 6001 	subcs.w	r0, r0, r1, lsl #24
7e1dbe38:	ebb0 5fc1 	cmp.w	r0, r1, lsl #23
7e1dbe3c:	bf00      	nop
7e1dbe3e:	eb42 0202 	adc.w	r2, r2, r2
7e1dbe42:	bf28      	it	cs
7e1dbe44:	eba0 50c1 	subcs.w	r0, r0, r1, lsl #23
7e1dbe48:	ebb0 5f81 	cmp.w	r0, r1, lsl #22
7e1dbe4c:	bf00      	nop
7e1dbe4e:	eb42 0202 	adc.w	r2, r2, r2
7e1dbe52:	bf28      	it	cs
7e1dbe54:	eba0 5081 	subcs.w	r0, r0, r1, lsl #22
7e1dbe58:	ebb0 5f41 	cmp.w	r0, r1, lsl #21
7e1dbe5c:	bf00      	nop
7e1dbe5e:	eb42 0202 	adc.w	r2, r2, r2
7e1dbe62:	bf28      	it	cs
7e1dbe64:	eba0 5041 	subcs.w	r0, r0, r1, lsl #21
7e1dbe68:	ebb0 5f01 	cmp.w	r0, r1, lsl #20
7e1dbe6c:	bf00      	nop
7e1dbe6e:	eb42 0202 	adc.w	r2, r2, r2
7e1dbe72:	bf28      	it	cs
7e1dbe74:	eba0 5001 	subcs.w	r0, r0, r1, lsl #20
7e1dbe78:	ebb0 4fc1 	cmp.w	r0, r1, lsl #19
7e1dbe7c:	bf00      	nop
7e1dbe7e:	eb42 0202 	adc.w	r2, r2, r2
7e1dbe82:	bf28      	it	cs
7e1dbe84:	eba0 40c1 	subcs.w	r0, r0, r1, lsl #19
7e1dbe88:	ebb0 4f81 	cmp.w	r0, r1, lsl #18
7e1dbe8c:	bf00      	nop
7e1dbe8e:	eb42 0202 	adc.w	r2, r2, r2
7e1dbe92:	bf28      	it	cs
7e1dbe94:	eba0 4081 	subcs.w	r0, r0, r1, lsl #18
7e1dbe98:	ebb0 4f41 	cmp.w	r0, r1, lsl #17
7e1dbe9c:	bf00      	nop
7e1dbe9e:	eb42 0202 	adc.w	r2, r2, r2
7e1dbea2:	bf28      	it	cs
7e1dbea4:	eba0 4041 	subcs.w	r0, r0, r1, lsl #17
7e1dbea8:	ebb0 4f01 	cmp.w	r0, r1, lsl #16
7e1dbeac:	bf00      	nop
7e1dbeae:	eb42 0202 	adc.w	r2, r2, r2
7e1dbeb2:	bf28      	it	cs
7e1dbeb4:	eba0 4001 	subcs.w	r0, r0, r1, lsl #16
7e1dbeb8:	ebb0 3fc1 	cmp.w	r0, r1, lsl #15
7e1dbebc:	bf00      	nop
7e1dbebe:	eb42 0202 	adc.w	r2, r2, r2
7e1dbec2:	bf28      	it	cs
7e1dbec4:	eba0 30c1 	subcs.w	r0, r0, r1, lsl #15
7e1dbec8:	ebb0 3f81 	cmp.w	r0, r1, lsl #14
7e1dbecc:	bf00      	nop
7e1dbece:	eb42 0202 	adc.w	r2, r2, r2
7e1dbed2:	bf28      	it	cs
7e1dbed4:	eba0 3081 	subcs.w	r0, r0, r1, lsl #14
7e1dbed8:	ebb0 3f41 	cmp.w	r0, r1, lsl #13
7e1dbedc:	bf00      	nop
7e1dbede:	eb42 0202 	adc.w	r2, r2, r2
7e1dbee2:	bf28      	it	cs
7e1dbee4:	eba0 3041 	subcs.w	r0, r0, r1, lsl #13
7e1dbee8:	ebb0 3f01 	cmp.w	r0, r1, lsl #12
7e1dbeec:	bf00      	nop
7e1dbeee:	eb42 0202 	adc.w	r2, r2, r2
7e1dbef2:	bf28      	it	cs
7e1dbef4:	eba0 3001 	subcs.w	r0, r0, r1, lsl #12
7e1dbef8:	ebb0 2fc1 	cmp.w	r0, r1, lsl #11
7e1dbefc:	bf00      	nop
7e1dbefe:	eb42 0202 	adc.w	r2, r2, r2
7e1dbf02:	bf28      	it	cs
7e1dbf04:	eba0 20c1 	subcs.w	r0, r0, r1, lsl #11
7e1dbf08:	ebb0 2f81 	cmp.w	r0, r1, lsl #10
7e1dbf0c:	bf00      	nop
7e1dbf0e:	eb42 0202 	adc.w	r2, r2, r2
7e1dbf12:	bf28      	it	cs
7e1dbf14:	eba0 2081 	subcs.w	r0, r0, r1, lsl #10
7e1dbf18:	ebb0 2f41 	cmp.w	r0, r1, lsl #9
7e1dbf1c:	bf00      	nop
7e1dbf1e:	eb42 0202 	adc.w	r2, r2, r2
7e1dbf22:	bf28      	it	cs
7e1dbf24:	eba0 2041 	subcs.w	r0, r0, r1, lsl #9
7e1dbf28:	ebb0 2f01 	cmp.w	r0, r1, lsl #8
7e1dbf2c:	bf00      	nop
7e1dbf2e:	eb42 0202 	adc.w	r2, r2, r2
7e1dbf32:	bf28      	it	cs
7e1dbf34:	eba0 2001 	subcs.w	r0, r0, r1, lsl #8
7e1dbf38:	ebb0 1fc1 	cmp.w	r0, r1, lsl #7
7e1dbf3c:	bf00      	nop
7e1dbf3e:	eb42 0202 	adc.w	r2, r2, r2
7e1dbf42:	bf28      	it	cs
7e1dbf44:	eba0 10c1 	subcs.w	r0, r0, r1, lsl #7
7e1dbf48:	ebb0 1f81 	cmp.w	r0, r1, lsl #6
7e1dbf4c:	bf00      	nop
7e1dbf4e:	eb42 0202 	adc.w	r2, r2, r2
7e1dbf52:	bf28      	it	cs
7e1dbf54:	eba0 1081 	subcs.w	r0, r0, r1, lsl #6
7e1dbf58:	ebb0 1f41 	cmp.w	r0, r1, lsl #5
7e1dbf5c:	bf00      	nop
7e1dbf5e:	eb42 0202 	adc.w	r2, r2, r2
7e1dbf62:	bf28      	it	cs
7e1dbf64:	eba0 1041 	subcs.w	r0, r0, r1, lsl #5
7e1dbf68:	ebb0 1f01 	cmp.w	r0, r1, lsl #4
7e1dbf6c:	bf00      	nop
7e1dbf6e:	eb42 0202 	adc.w	r2, r2, r2
7e1dbf72:	bf28      	it	cs
7e1dbf74:	eba0 1001 	subcs.w	r0, r0, r1, lsl #4
7e1dbf78:	ebb0 0fc1 	cmp.w	r0, r1, lsl #3
7e1dbf7c:	bf00      	nop
7e1dbf7e:	eb42 0202 	adc.w	r2, r2, r2
7e1dbf82:	bf28      	it	cs
7e1dbf84:	eba0 00c1 	subcs.w	r0, r0, r1, lsl #3
7e1dbf88:	ebb0 0f81 	cmp.w	r0, r1, lsl #2
7e1dbf8c:	bf00      	nop
7e1dbf8e:	eb42 0202 	adc.w	r2, r2, r2
7e1dbf92:	bf28      	it	cs
7e1dbf94:	eba0 0081 	subcs.w	r0, r0, r1, lsl #2
7e1dbf98:	ebb0 0f41 	cmp.w	r0, r1, lsl #1
7e1dbf9c:	bf00      	nop
7e1dbf9e:	eb42 0202 	adc.w	r2, r2, r2
7e1dbfa2:	bf28      	it	cs
7e1dbfa4:	eba0 0041 	subcs.w	r0, r0, r1, lsl #1
7e1dbfa8:	ebb0 0f01 	cmp.w	r0, r1
7e1dbfac:	bf00      	nop
7e1dbfae:	eb42 0202 	adc.w	r2, r2, r2
7e1dbfb2:	bf28      	it	cs
7e1dbfb4:	eba0 0001 	subcs.w	r0, r0, r1
7e1dbfb8:	4610      	mov	r0, r2
7e1dbfba:	4770      	bx	lr
7e1dbfbc:	bf0c      	ite	eq
7e1dbfbe:	2001      	moveq	r0, #1
7e1dbfc0:	2000      	movne	r0, #0
7e1dbfc2:	4770      	bx	lr
7e1dbfc4:	fab1 f281 	clz	r2, r1
7e1dbfc8:	f1c2 021f 	rsb	r2, r2, #31
7e1dbfcc:	fa20 f002 	lsr.w	r0, r0, r2
7e1dbfd0:	4770      	bx	lr
7e1dbfd2:	b108      	cbz	r0, 7e1dbfd8 <__udivsi3+0x258>
7e1dbfd4:	f04f 30ff 	mov.w	r0, #4294967295
7e1dbfd8:	f7ff bed0 	b.w	7e1dbd7c <__aeabi_idiv0>

7e1dbfdc <__aeabi_uidivmod>:
7e1dbfdc:	2900      	cmp	r1, #0
7e1dbfde:	d0f8      	beq.n	7e1dbfd2 <__udivsi3+0x252>
7e1dbfe0:	e92d 4003 	stmdb	sp!, {r0, r1, lr}
7e1dbfe4:	f7ff fecc 	bl	7e1dbd80 <__udivsi3>
7e1dbfe8:	e8bd 4006 	ldmia.w	sp!, {r1, r2, lr}
7e1dbfec:	fb02 f300 	mul.w	r3, r2, r0
7e1dbff0:	eba1 0103 	sub.w	r1, r1, r3
7e1dbff4:	4770      	bx	lr
7e1dbff6:	bf00      	nop

7e1dbff8 <__aeabi_d2lz>:
7e1dbff8:	b538      	push	{r3, r4, r5, lr}
7e1dbffa:	4605      	mov	r5, r0
7e1dbffc:	460c      	mov	r4, r1
7e1dbffe:	4628      	mov	r0, r5
7e1dc000:	2200      	movs	r2, #0
7e1dc002:	2300      	movs	r3, #0
7e1dc004:	4621      	mov	r1, r4
7e1dc006:	f7ff fd21 	bl	7e1dba4c <__aeabi_dcmplt>
7e1dc00a:	b928      	cbnz	r0, 7e1dc018 <__aeabi_d2lz+0x20>
7e1dc00c:	4628      	mov	r0, r5
7e1dc00e:	4621      	mov	r1, r4
7e1dc010:	e8bd 4038 	ldmia.w	sp!, {r3, r4, r5, lr}
7e1dc014:	f7ff be08 	b.w	7e1dbc28 <__aeabi_d2ulz>
7e1dc018:	4628      	mov	r0, r5
7e1dc01a:	f104 4100 	add.w	r1, r4, #2147483648	; 0x80000000
7e1dc01e:	f7ff fe03 	bl	7e1dbc28 <__aeabi_d2ulz>
7e1dc022:	4240      	negs	r0, r0
7e1dc024:	eb61 0141 	sbc.w	r1, r1, r1, lsl #1
7e1dc028:	bd38      	pop	{r3, r4, r5, pc}
7e1dc02a:	bf00      	nop
7e1dc02c:	0000      	movs	r0, r0
	...

7e1dc030 <__app_ota_is_running_veneer>:
7e1dc030:	e51ff004 	ldr	pc, [pc, #-4]	; 7e1dc034 <__app_ota_is_running_veneer+0x4>
7e1dc034:	802d88e4 	.word	0x802d88e4

7e1dc038 <__cm_mqtt_client_disconnect_veneer>:
7e1dc038:	e51ff004 	ldr	pc, [pc, #-4]	; 7e1dc03c <__cm_mqtt_client_disconnect_veneer+0x4>
7e1dc03c:	802d8fd8 	.word	0x802d8fd8

7e1dc040 <__bsp_gps_set_uart_baudrate_veneer>:
7e1dc040:	e51ff004 	ldr	pc, [pc, #-4]	; 7e1dc044 <__bsp_gps_set_uart_baudrate_veneer+0x4>
7e1dc044:	802d7c98 	.word	0x802d7c98

7e1dc048 <__bsp_battery_read_veneer>:
7e1dc048:	e51ff004 	ldr	pc, [pc, #-4]	; 7e1dc04c <__bsp_battery_read_veneer+0x4>
7e1dc04c:	802d7b00 	.word	0x802d7b00

7e1dc050 <__app_offline_cache_count_veneer>:
7e1dc050:	e51ff004 	ldr	pc, [pc, #-4]	; 7e1dc054 <__app_offline_cache_count_veneer+0x4>
7e1dc054:	802d8408 	.word	0x802d8408

7e1dc058 <__bsp_gps_close_veneer>:
7e1dc058:	e51ff004 	ldr	pc, [pc, #-4]	; 7e1dc05c <__bsp_gps_close_veneer+0x4>
7e1dc05c:	802d7c64 	.word	0x802d7c64

7e1dc060 <__app_offline_cache_replay_step_veneer>:
7e1dc060:	e51ff004 	ldr	pc, [pc, #-4]	; 7e1dc064 <__app_offline_cache_replay_step_veneer+0x4>
7e1dc064:	802d8428 	.word	0x802d8428

7e1dc068 <__bsp_rgb_set_pattern_veneer>:
7e1dc068:	e51ff004 	ldr	pc, [pc, #-4]	; 7e1dc06c <__bsp_rgb_set_pattern_veneer+0x4>
7e1dc06c:	802d79c4 	.word	0x802d79c4

7e1dc070 <__app_offline_cache_push_veneer>:
7e1dc070:	e51ff004 	ldr	pc, [pc, #-4]	; 7e1dc074 <__app_offline_cache_push_veneer+0x4>
7e1dc074:	802d82e8 	.word	0x802d82e8

7e1dc078 <__cm_mqtt_client_subscribe_veneer>:
7e1dc078:	e51ff004 	ldr	pc, [pc, #-4]	; 7e1dc07c <__cm_mqtt_client_subscribe_veneer+0x4>
7e1dc07c:	802d8cdc 	.word	0x802d8cdc

7e1dc080 <__bsp_gps_parse_nmea_veneer>:
7e1dc080:	e51ff004 	ldr	pc, [pc, #-4]	; 7e1dc084 <__bsp_gps_parse_nmea_veneer+0x4>
7e1dc084:	802d7cc8 	.word	0x802d7cc8

7e1dc088 <__app_storage_save_boot_info_veneer>:
7e1dc088:	e51ff004 	ldr	pc, [pc, #-4]	; 7e1dc08c <__app_storage_save_boot_info_veneer+0x4>
7e1dc08c:	802d81c4 	.word	0x802d81c4

7e1dc090 <__cm_mqtt_client_publish_veneer>:
7e1dc090:	e51ff004 	ldr	pc, [pc, #-4]	; 7e1dc094 <__cm_mqtt_client_publish_veneer+0x4>
7e1dc094:	802d8b3c 	.word	0x802d8b3c

7e1dc098 <__bsp_rgb_set_veneer>:
7e1dc098:	e51ff004 	ldr	pc, [pc, #-4]	; 7e1dc09c <__bsp_rgb_set_veneer+0x4>
7e1dc09c:	802d77f8 	.word	0x802d77f8

7e1dc0a0 <__app_ota_start_veneer>:
7e1dc0a0:	e51ff004 	ldr	pc, [pc, #-4]	; 7e1dc0a4 <__app_ota_start_veneer+0x4>
7e1dc0a4:	802d88f4 	.word	0x802d88f4

7e1dc0a8 <__bsp_buzzer_beep_veneer>:
7e1dc0a8:	e51ff004 	ldr	pc, [pc, #-4]	; 7e1dc0ac <__bsp_buzzer_beep_veneer+0x4>
7e1dc0ac:	802d76a8 	.word	0x802d76a8

7e1dc0b0 <__cm_mqtt_client_destroy_veneer>:
7e1dc0b0:	e51ff004 	ldr	pc, [pc, #-4]	; 7e1dc0b4 <__cm_mqtt_client_destroy_veneer+0x4>
7e1dc0b4:	802d8ad8 	.word	0x802d8ad8

7e1dc0b8 <__bsp_rgb_stop_pattern_veneer>:
7e1dc0b8:	e51ff004 	ldr	pc, [pc, #-4]	; 7e1dc0bc <__bsp_rgb_stop_pattern_veneer+0x4>
7e1dc0bc:	802d7ac4 	.word	0x802d7ac4

7e1dc0c0 <__bsp_gps_set_power_mode_veneer>:
7e1dc0c0:	e51ff004 	ldr	pc, [pc, #-4]	; 7e1dc0c4 <__bsp_gps_set_power_mode_veneer+0x4>
7e1dc0c4:	802d7c6c 	.word	0x802d7c6c

7e1dc0c8 <__bsp_buzzer_beep_async_veneer>:
7e1dc0c8:	e51ff004 	ldr	pc, [pc, #-4]	; 7e1dc0cc <__bsp_buzzer_beep_async_veneer+0x4>
7e1dc0cc:	802d76f0 	.word	0x802d76f0

7e1dc0d0 <___sbrk_veneer>:
7e1dc0d0:	e51ff004 	ldr	pc, [pc, #-4]	; 7e1dc0d4 <___sbrk_veneer+0x4>
7e1dc0d4:	802d98b1 	.word	0x802d98b1

7e1dc0d8 <__bsp_gps_open_veneer>:
7e1dc0d8:	e51ff004 	ldr	pc, [pc, #-4]	; 7e1dc0dc <__bsp_gps_open_veneer+0x4>
7e1dc0dc:	802d7ba4 	.word	0x802d7ba4

7e1dc0e0 <__bsp_buzzer_stop_veneer>:
7e1dc0e0:	e51ff004 	ldr	pc, [pc, #-4]	; 7e1dc0e4 <__bsp_buzzer_stop_veneer+0x4>
7e1dc0e4:	802d77c0 	.word	0x802d77c0
